section,subfolder,filename,date,doc_type,facility_or_case,ext,path
02_Nonconforming_Use_Evidence,,CEMEX Timelines - Technical Revisions & Non-Conforming Uses.xlsx,,Revision,,xlsx,02_Nonconforming_Use_Evidence/CEMEX Timelines - Technical Revisions & Non-Conforming Uses.xlsx
02_Nonconforming_Use_Evidence,,Non-Conforming Uses for Lyons Quarry.pdf,,Document,,pdf,02_Nonconforming_Use_Evidence/Non-Conforming Uses for Lyons Quarry.pdf
02_Nonconforming_Use_Evidence,,Response to BOCO Oct 2023 letter.pdf,2023-10-00,Letter,,pdf,02_Nonconforming_Use_Evidence/Response to BOCO Oct 2023 letter.pdf
02_Nonconforming_Use_Evidence,Board_of_Adjustment,Exhibit C- Pete L_Orange - Ask a Planner - Bart Lorang 8.23.2022.pdf,2022-08-23,Document,,pdf,02_Nonconforming_Use_Evidence/Board_of_Adjustment/Exhibit C- Pete L_Orange - Ask a Planner - Bart Lorang 8.23.2022.pdf
02_Nonconforming_Use_Evidence,Board_of_Adjustment,board-of-adjustment-supplemental-rules-and-procedures.pdf,,Document,,pdf,02_Nonconforming_Use_Evidence/Board_of_Adjustment/board-of-adjustment-supplemental-rules-and-procedures.pdf
02_Nonconforming_Use_Evidence,Board_of_Adjustment/Martin_Marietta_Precedent,BOA Hearing Guidelines.pdf,,Document,,pdf,02_Nonconforming_Use_Evidence/Board_of_Adjustment/Martin_Marietta_Precedent/BOA Hearing Guidelines.pdf
02_Nonconforming_Use_Evidence,Board_of_Adjustment/Martin_Marietta_Precedent,BOA Hearing Notice.pdf,,Document,,pdf,02_Nonconforming_Use_Evidence/Board_of_Adjustment/Martin_Marietta_Precedent/BOA Hearing Notice.pdf
02_Nonconforming_Use_Evidence,Board_of_Adjustment/Martin_Marietta_Precedent,Martin Marietta Brief 9.7.2022.pdf,2022-09-07,Document,,pdf,02_Nonconforming_Use_Evidence/Board_of_Adjustment/Martin_Marietta_Precedent/Martin Marietta Brief 9.7.2022.pdf
02_Nonconforming_Use_Evidence,Board_of_Adjustment/Martin_Marietta_Precedent,Staff Packet for BOA Hearing.pdf,,Staff packet,,pdf,02_Nonconforming_Use_Evidence/Board_of_Adjustment/Martin_Marietta_Precedent/Staff Packet for BOA Hearing.pdf
02_Nonconforming_Use_Evidence,Board_of_Adjustment/Martin_Marietta_Precedent,Staff Reccommendation Packet 9.7.2022.pdf,2022-09-07,Staff recommendation,,pdf,02_Nonconforming_Use_Evidence/Board_of_Adjustment/Martin_Marietta_Precedent/Staff Reccommendation Packet 9.7.2022.pdf
02_Nonconforming_Use_Evidence,County_Determinations,Appendix A - Land Use Letter.JPG,,Letter,,jpg,02_Nonconforming_Use_Evidence/County_Determinations/Appendix A - Land Use Letter.JPG
02_Nonconforming_Use_Evidence,County_Determinations,Boulder County Letter Land Use Letter - 2006-10-17.pdf,2006-10-17,Letter,,pdf,02_Nonconforming_Use_Evidence/County_Determinations/Boulder County Letter Land Use Letter - 2006-10-17.pdf
02_Nonconforming_Use_Evidence,County_Determinations,Letter from DRMS to CEMEX Oct 28 2002.pdf,2002-10-28,Letter,,pdf,02_Nonconforming_Use_Evidence/County_Determinations/Letter from DRMS to CEMEX Oct 28 2002.pdf
02_Nonconforming_Use_Evidence,County_Determinations,Letter to CEMEX from BoC0 - October 8 2002.pdf,2002-10-08,Letter,,pdf,02_Nonconforming_Use_Evidence/County_Determinations/Letter to CEMEX from BoC0 - October 8 2002.pdf
02_Nonconforming_Use_Evidence,County_Determinations,Variance Request for Plant due to Mining Activity on Property - 1967.pdf,1967-00-00,Variance,,pdf,02_Nonconforming_Use_Evidence/County_Determinations/Variance Request for Plant due to Mining Activity on Property - 1967.pdf
02_Nonconforming_Use_Evidence,New_Structures,1997 - Verizon Wireless Antennas on Silos.pdf,1997-00-00,Document,,pdf,02_Nonconforming_Use_Evidence/New_Structures/1997 - Verizon Wireless Antennas on Silos.pdf
02_Nonconforming_Use_Evidence,New_Structures,1997 Telecommuniciatoins Site.pdf,1997-00-00,Document,,pdf,02_Nonconforming_Use_Evidence/New_Structures/1997 Telecommuniciatoins Site.pdf
02_Nonconforming_Use_Evidence,New_Structures,2000 - Electircal Upgrade for Water Pump Permit.pdf,2000-00-00,Permit,,pdf,02_Nonconforming_Use_Evidence/New_Structures/2000 - Electircal Upgrade for Water Pump Permit.pdf
02_Nonconforming_Use_Evidence,New_Structures,2006 - T-Mobile Tower.pdf,2006-00-00,Document,,pdf,02_Nonconforming_Use_Evidence/New_Structures/2006 - T-Mobile Tower.pdf
02_Nonconforming_Use_Evidence,New_Structures,2008 Dust Collector System.pdf,2008-00-00,Document,,pdf,02_Nonconforming_Use_Evidence/New_Structures/2008 Dust Collector System.pdf
02_Nonconforming_Use_Evidence,New_Structures,2014 - Verizon Modifications and Determination.pdf,2014-00-00,Determination,,pdf,02_Nonconforming_Use_Evidence/New_Structures/2014 - Verizon Modifications and Determination.pdf
02_Nonconforming_Use_Evidence,New_Structures,BP application.pdf,,Document,,pdf,02_Nonconforming_Use_Evidence/New_Structures/BP application.pdf
02_Nonconforming_Use_Evidence,New_Structures,BP-14-0801.pdf,,Document,,pdf,02_Nonconforming_Use_Evidence/New_Structures/BP-14-0801.pdf
02_Nonconforming_Use_Evidence,New_Structures,Building Permit for Qwest Tower on Cement Plant - 2001.pdf,2001-00-00,Permit,,pdf,02_Nonconforming_Use_Evidence/New_Structures/Building Permit for Qwest Tower on Cement Plant - 2001.pdf
02_Nonconforming_Use_Evidence,New_Structures,Drilling Wells - 2022-07-26_HYDROLOGY - M1977208.pdf,2022-07-26,Document,M-1977-208 (Lyons mine),pdf,02_Nonconforming_Use_Evidence/New_Structures/Drilling Wells - 2022-07-26_HYDROLOGY - M1977208.pdf
02_Nonconforming_Use_Evidence,New_Structures,Electrical Service Upgrade 120V 2008.pdf,2008-00-00,Document,,pdf,02_Nonconforming_Use_Evidence/New_Structures/Electrical Service Upgrade 120V 2008.pdf
02_Nonconforming_Use_Evidence,New_Structures,Gmail - 2 Structural Enlargement at Lyons Cement Facility.pdf,,Email,,pdf,02_Nonconforming_Use_Evidence/New_Structures/Gmail - 2 Structural Enlargement at Lyons Cement Facility.pdf
02_Nonconforming_Use_Evidence,New_Structures,Gmail - Structural Enlargement at Lyons Cement Facility.pdf,,Email,,pdf,02_Nonconforming_Use_Evidence/New_Structures/Gmail - Structural Enlargement at Lyons Cement Facility.pdf
02_Nonconforming_Use_Evidence,New_Structures,Hazardous Locate   10-01-2015.pdf,2015-10-01,Document,,pdf,02_Nonconforming_Use_Evidence/New_Structures/Hazardous Locate   10-01-2015.pdf
02_Nonconforming_Use_Evidence,New_Structures,Health_Dept_Memo.docx,,Memo,,docx,02_Nonconforming_Use_Evidence/New_Structures/Health_Dept_Memo.docx
02_Nonconforming_Use_Evidence,New_Structures,Health_Dept_Memo.pdf,,Memo,,pdf,02_Nonconforming_Use_Evidence/New_Structures/Health_Dept_Memo.pdf
02_Nonconforming_Use_Evidence,New_Structures,Health_Dept_Memo__1.pdf,,Memo,,pdf,02_Nonconforming_Use_Evidence/New_Structures/Health_Dept_Memo__1.pdf
02_Nonconforming_Use_Evidence,New_Structures,Like Silo - Application.pdf,,Document,,pdf,02_Nonconforming_Use_Evidence/New_Structures/Like Silo - Application.pdf
02_Nonconforming_Use_Evidence,New_Structures,March 2000 Telecommuniciations Site Permit.pdf,2000-03-00,Permit,,pdf,02_Nonconforming_Use_Evidence/New_Structures/March 2000 Telecommuniciations Site Permit.pdf
02_Nonconforming_Use_Evidence,New_Structures,NOV_march_2007.pdf,,Document,,pdf,02_Nonconforming_Use_Evidence/New_Structures/NOV_march_2007.pdf
02_Nonconforming_Use_Evidence,New_Structures,NOV_march_2007__1.pdf,,Document,,pdf,02_Nonconforming_Use_Evidence/New_Structures/NOV_march_2007__1.pdf
02_Nonconforming_Use_Evidence,New_Structures,New Signs - Building Permit - 4.5.2001.pdf,2001-04-05,Permit,,pdf,02_Nonconforming_Use_Evidence/New_Structures/New Signs - Building Permit - 4.5.2001.pdf
02_Nonconforming_Use_Evidence,New_Structures,Resolution Letter.pdf,,Letter,,pdf,02_Nonconforming_Use_Evidence/New_Structures/Resolution Letter.pdf
02_Nonconforming_Use_Evidence,New_Structures,"SU-01-0008 - Oct 2, 2001 - Qwest.pdf",2001-10-02,Document,SU-01-0008,pdf,"02_Nonconforming_Use_Evidence/New_Structures/SU-01-0008 - Oct 2, 2001 - Qwest.pdf"
02_Nonconforming_Use_Evidence,New_Structures,Signed FDP (1).pdf,,Document,,pdf,02_Nonconforming_Use_Evidence/New_Structures/Signed FDP (1).pdf
02_Nonconforming_Use_Evidence,New_Structures,Visual Evidence of New Structures - CEMEX Lyons - September 2023 (1).pdf,2023-09-00,Document,,pdf,02_Nonconforming_Use_Evidence/New_Structures/Visual Evidence of New Structures - CEMEX Lyons - September 2023 (1).pdf
02_Nonconforming_Use_Evidence,Precedent_Sierra_v_Billingsley,2003 Determination Request.pdf,2003-00-00,Determination,,pdf,02_Nonconforming_Use_Evidence/Precedent_Sierra_v_Billingsley/2003 Determination Request.pdf
02_Nonconforming_Use_Evidence,Precedent_Sierra_v_Billingsley,BOCC Staff Rec PDF.pdf,,Staff recommendation,,pdf,02_Nonconforming_Use_Evidence/Precedent_Sierra_v_Billingsley/BOCC Staff Rec PDF.pdf
02_Nonconforming_Use_Evidence,Precedent_Sierra_v_Billingsley,Memo.pdf,,Memo,,pdf,02_Nonconforming_Use_Evidence/Precedent_Sierra_v_Billingsley/Memo.pdf
03_State_Mining_Permit_M1977208,Inspection_Reports,000016E9.pdf,,Document,M-1977-208 (Lyons mine),pdf,03_State_Mining_Permit_M1977208/Inspection_Reports/000016E9.pdf
03_State_Mining_Permit_M1977208,Inspection_Reports,1996 CDPHE REport - 013-0003_1996 INSP RPT_12BO444-1-2_5 14 1996.pdf,1996-00-00,Inspection,M-1977-208 (Lyons mine),pdf,03_State_Mining_Permit_M1977208/Inspection_Reports/1996 CDPHE REport - 013-0003_1996 INSP RPT_12BO444-1-2_5 14 1996.pdf
03_State_Mining_Permit_M1977208,Inspection_Reports,M1977-208_Inspection-Report_wEncls_2022-03-03_Red-Size (1) (1).pdf,2022-03-03,Inspection,M-1977-208 (Lyons mine),pdf,03_State_Mining_Permit_M1977208/Inspection_Reports/M1977-208_Inspection-Report_wEncls_2022-03-03_Red-Size (1) (1).pdf
03_State_Mining_Permit_M1977208,Inspection_Reports,cemexinc071204-co.pdf,,Document,M-1977-208 (Lyons mine),pdf,03_State_Mining_Permit_M1977208/Inspection_Reports/cemexinc071204-co.pdf
03_State_Mining_Permit_M1977208,Inspection_Reports,gourevitch_cs_peterson.pdf,,Document,M-1977-208 (Lyons mine),pdf,03_State_Mining_Permit_M1977208/Inspection_Reports/gourevitch_cs_peterson.pdf
03_State_Mining_Permit_M1977208,Reclamation_Plans_and_Correspondence,2003 - Demolition and Reclamation - 2003-04-23_REVISION - M1977208.pdf,2003-04-23,Revision,M-1977-208 (Lyons mine),pdf,03_State_Mining_Permit_M1977208/Reclamation_Plans_and_Correspondence/2003 - Demolition and Reclamation - 2003-04-23_REVISION - M1977208.pdf
03_State_Mining_Permit_M1977208,Reclamation_Plans_and_Correspondence,2004 Reclamation Map - Includes Plant.pdf,2004-00-00,Reclamation,M-1977-208 (Lyons mine),pdf,03_State_Mining_Permit_M1977208/Reclamation_Plans_and_Correspondence/2004 Reclamation Map - Includes Plant.pdf
03_State_Mining_Permit_M1977208,Reclamation_Plans_and_Correspondence,2023 - Demolition and Reclamation - Aug 2023 - M1977208.pdf,2023-08-00,Reclamation,M-1977-208 (Lyons mine),pdf,03_State_Mining_Permit_M1977208/Reclamation_Plans_and_Correspondence/2023 - Demolition and Reclamation - Aug 2023 - M1977208.pdf
03_State_Mining_Permit_M1977208,Reclamation_Plans_and_Correspondence,2024-11-21_REVISION - M1977208.pdf,2024-11-21,Revision,M-1977-208 (Lyons mine),pdf,03_State_Mining_Permit_M1977208/Reclamation_Plans_and_Correspondence/2024-11-21_REVISION - M1977208.pdf
03_State_Mining_Permit_M1977208,Reclamation_Plans_and_Correspondence,CEMEX Confirmation Reclamation - Jan 3 2003.pdf,2003-01-03,Reclamation,M-1977-208 (Lyons mine),pdf,03_State_Mining_Permit_M1977208/Reclamation_Plans_and_Correspondence/CEMEX Confirmation Reclamation - Jan 3 2003.pdf
03_State_Mining_Permit_M1977208,Reclamation_Plans_and_Correspondence,CO to CEMEX - Dec 30 2002 - Recap of 12-18-2002 Meeting.pdf,2002-12-30,Document,M-1977-208 (Lyons mine),pdf,03_State_Mining_Permit_M1977208/Reclamation_Plans_and_Correspondence/CO to CEMEX - Dec 30 2002 - Recap of 12-18-2002 Meeting.pdf
03_State_Mining_Permit_M1977208,Reclamation_Plans_and_Correspondence,CO to CEMEX - Oct 28 2002 - Options for Reclamation.pdf,2002-10-28,Reclamation,M-1977-208 (Lyons mine),pdf,03_State_Mining_Permit_M1977208/Reclamation_Plans_and_Correspondence/CO to CEMEX - Oct 28 2002 - Options for Reclamation.pdf
03_State_Mining_Permit_M1977208,Reclamation_Plans_and_Correspondence,CO to CEMEX Jan 8 2003 Confirming Reclamation.pdf,2003-01-08,Reclamation,M-1977-208 (Lyons mine),pdf,03_State_Mining_Permit_M1977208/Reclamation_Plans_and_Correspondence/CO to CEMEX Jan 8 2003 Confirming Reclamation.pdf
03_State_Mining_Permit_M1977208,Reclamation_Plans_and_Correspondence,CO to CEMEX March 6 2003 - Initial Reponse to Demo Costs.pdf,2003-03-06,Document,M-1977-208 (Lyons mine),pdf,03_State_Mining_Permit_M1977208/Reclamation_Plans_and_Correspondence/CO to CEMEX March 6 2003 - Initial Reponse to Demo Costs.pdf
03_State_Mining_Permit_M1977208,Reclamation_Plans_and_Correspondence,CO to CEMEX Receipt of Cost Estimates for Reclamation.pdf,,Reclamation,M-1977-208 (Lyons mine),pdf,03_State_Mining_Permit_M1977208/Reclamation_Plans_and_Correspondence/CO to CEMEX Receipt of Cost Estimates for Reclamation.pdf
03_State_Mining_Permit_M1977208,Reclamation_Plans_and_Correspondence,Gmail - Bart Question on M1977-208 Inspection Report.pdf,,Inspection,M-1977-208 (Lyons mine),pdf,03_State_Mining_Permit_M1977208/Reclamation_Plans_and_Correspondence/Gmail - Bart Question on M1977-208 Inspection Report.pdf
03_State_Mining_Permit_M1977208,Reclamation_Plans_and_Correspondence,Gmail - Question on M1977-208 Inspection Report.pdf,,Inspection,M-1977-208 (Lyons mine),pdf,03_State_Mining_Permit_M1977208/Reclamation_Plans_and_Correspondence/Gmail - Question on M1977-208 Inspection Report.pdf
03_State_Mining_Permit_M1977208,Reclamation_Plans_and_Correspondence,LYONS PLANT RECLAMATION PLAN.pdf,,Reclamation,M-1977-208 (Lyons mine),pdf,03_State_Mining_Permit_M1977208/Reclamation_Plans_and_Correspondence/LYONS PLANT RECLAMATION PLAN.pdf
03_State_Mining_Permit_M1977208,Reclamation_Plans_and_Correspondence,M1993041_SR1_Cemex_Dowe_Flats_M1993041_Surety_Reduction_Request_124918.pdf,,Document,M-1977-208 (Lyons mine),pdf,03_State_Mining_Permit_M1977208/Reclamation_Plans_and_Correspondence/M1993041_SR1_Cemex_Dowe_Flats_M1993041_Surety_Reduction_Request_124918.pdf
03_State_Mining_Permit_M1977208,Reclamation_Plans_and_Correspondence,M1993041_SR1_DRMS_M_New Revision Application_FORM_124918.pdf,,Revision,M-1977-208 (Lyons mine),pdf,03_State_Mining_Permit_M1977208/Reclamation_Plans_and_Correspondence/M1993041_SR1_DRMS_M_New Revision Application_FORM_124918.pdf
03_State_Mining_Permit_M1977208,Reclamation_Plans_and_Correspondence,Original 1977 - LYONS PLANT RECLAMATION PLAN.pdf,1977-00-00,Reclamation,M-1977-208 (Lyons mine),pdf,03_State_Mining_Permit_M1977208/Reclamation_Plans_and_Correspondence/Original 1977 - LYONS PLANT RECLAMATION PLAN.pdf
03_State_Mining_Permit_M1977208,Reclamation_Plans_and_Correspondence,RECLAMATION COUNTORS.pdf,,Reclamation,M-1977-208 (Lyons mine),pdf,03_State_Mining_Permit_M1977208/Reclamation_Plans_and_Correspondence/RECLAMATION COUNTORS.pdf
03_State_Mining_Permit_M1977208,Reclamation_Plans_and_Correspondence,RECLAMATION PLAN DOWE FLATS.pdf,,Reclamation,M-1977-208 (Lyons mine),pdf,03_State_Mining_Permit_M1977208/Reclamation_Plans_and_Correspondence/RECLAMATION PLAN DOWE FLATS.pdf
03_State_Mining_Permit_M1977208,Reclamation_Plans_and_Correspondence,RECLAMATION PLAN SILICA QUARRY.pdf,,Reclamation,M-1977-208 (Lyons mine),pdf,03_State_Mining_Permit_M1977208/Reclamation_Plans_and_Correspondence/RECLAMATION PLAN SILICA QUARRY.pdf
03_State_Mining_Permit_M1977208,Reclamation_Plans_and_Correspondence,Reclamation Detail - 2003-04-02_REVISION - M1977208.pdf,2003-04-02,Revision,M-1977-208 (Lyons mine),pdf,03_State_Mining_Permit_M1977208/Reclamation_Plans_and_Correspondence/Reclamation Detail - 2003-04-02_REVISION - M1977208.pdf
03_State_Mining_Permit_M1977208,Reclamation_Plans_and_Correspondence,Updating Reclamation Plan to Include Concrete Burial 2002.pdf,2002-00-00,Reclamation,M-1977-208 (Lyons mine),pdf,03_State_Mining_Permit_M1977208/Reclamation_Plans_and_Correspondence/Updating Reclamation Plan to Include Concrete Burial 2002.pdf
03_State_Mining_Permit_M1977208,Technical_Revisions,1.16.2001 Memo Regarding CKD DIsposal from DRMS.pdf,2001-01-16,Memo,M-1977-208 (Lyons mine),pdf,03_State_Mining_Permit_M1977208/Technical_Revisions/1.16.2001 Memo Regarding CKD DIsposal from DRMS.pdf
03_State_Mining_Permit_M1977208,Technical_Revisions,11.29.1999 Letter Regarding Need for Technical Revision w CKD.pdf,1999-11-29,Revision,M-1977-208 (Lyons mine),pdf,03_State_Mining_Permit_M1977208/Technical_Revisions/11.29.1999 Letter Regarding Need for Technical Revision w CKD.pdf
03_State_Mining_Permit_M1977208,Technical_Revisions,1999-04-08_REVISION - M1977208.pdf,1999-04-08,Revision,M-1977-208 (Lyons mine),pdf,03_State_Mining_Permit_M1977208/Technical_Revisions/1999-04-08_REVISION - M1977208.pdf
03_State_Mining_Permit_M1977208,Technical_Revisions,1999-06-23_REVISION - M1977208 (1).pdf,1999-06-23,Revision,M-1977-208 (Lyons mine),pdf,03_State_Mining_Permit_M1977208/Technical_Revisions/1999-06-23_REVISION - M1977208 (1).pdf
03_State_Mining_Permit_M1977208,Technical_Revisions,1999-06-23_REVISION - M1977208.pdf,1999-06-23,Revision,M-1977-208 (Lyons mine),pdf,03_State_Mining_Permit_M1977208/Technical_Revisions/1999-06-23_REVISION - M1977208.pdf
03_State_Mining_Permit_M1977208,Technical_Revisions,1999-08-02_REVISION - M1977208 (1).pdf,1999-08-02,Revision,M-1977-208 (Lyons mine),pdf,03_State_Mining_Permit_M1977208/Technical_Revisions/1999-08-02_REVISION - M1977208 (1).pdf
03_State_Mining_Permit_M1977208,Technical_Revisions,1999-08-02_REVISION - M1977208.pdf,1999-08-02,Revision,M-1977-208 (Lyons mine),pdf,03_State_Mining_Permit_M1977208/Technical_Revisions/1999-08-02_REVISION - M1977208.pdf
03_State_Mining_Permit_M1977208,Technical_Revisions,1999-09-07_REVISION - M1977208.pdf,1999-09-07,Revision,M-1977-208 (Lyons mine),pdf,03_State_Mining_Permit_M1977208/Technical_Revisions/1999-09-07_REVISION - M1977208.pdf
03_State_Mining_Permit_M1977208,Technical_Revisions,1999-09-26_REVISION - M1977208.pdf,1999-09-26,Revision,M-1977-208 (Lyons mine),pdf,03_State_Mining_Permit_M1977208/Technical_Revisions/1999-09-26_REVISION - M1977208.pdf
03_State_Mining_Permit_M1977208,Technical_Revisions,1999-10-04_REVISION - M1977208 (2).pdf,1999-10-04,Revision,M-1977-208 (Lyons mine),pdf,03_State_Mining_Permit_M1977208/Technical_Revisions/1999-10-04_REVISION - M1977208 (2).pdf
03_State_Mining_Permit_M1977208,Technical_Revisions,1999-10-04_REVISION - M1977208.pdf,1999-10-04,Revision,M-1977-208 (Lyons mine),pdf,03_State_Mining_Permit_M1977208/Technical_Revisions/1999-10-04_REVISION - M1977208.pdf
03_State_Mining_Permit_M1977208,Technical_Revisions,1999-10-18_REVISION - M1977208.pdf,1999-10-18,Revision,M-1977-208 (Lyons mine),pdf,03_State_Mining_Permit_M1977208/Technical_Revisions/1999-10-18_REVISION - M1977208.pdf
03_State_Mining_Permit_M1977208,Technical_Revisions,1999-11-11_REVISION - M1977208.pdf,1999-11-11,Revision,M-1977-208 (Lyons mine),pdf,03_State_Mining_Permit_M1977208/Technical_Revisions/1999-11-11_REVISION - M1977208.pdf
03_State_Mining_Permit_M1977208,Technical_Revisions,1999-11-19_REVISION - M1977208.pdf,1999-11-19,Revision,M-1977-208 (Lyons mine),pdf,03_State_Mining_Permit_M1977208/Technical_Revisions/1999-11-19_REVISION - M1977208.pdf
03_State_Mining_Permit_M1977208,Technical_Revisions,1999-11-29_REVISION - M1977208.pdf,1999-11-29,Revision,M-1977-208 (Lyons mine),pdf,03_State_Mining_Permit_M1977208/Technical_Revisions/1999-11-29_REVISION - M1977208.pdf
03_State_Mining_Permit_M1977208,Technical_Revisions,1999-12-01_REVISION - M1977208 (2).pdf,1999-12-01,Revision,M-1977-208 (Lyons mine),pdf,03_State_Mining_Permit_M1977208/Technical_Revisions/1999-12-01_REVISION - M1977208 (2).pdf
03_State_Mining_Permit_M1977208,Technical_Revisions,1999-12-01_REVISION - M1977208.pdf,1999-12-01,Revision,M-1977-208 (Lyons mine),pdf,03_State_Mining_Permit_M1977208/Technical_Revisions/1999-12-01_REVISION - M1977208.pdf
03_State_Mining_Permit_M1977208,Technical_Revisions,1999-12-17_REVISION - M1977208 (2).pdf,1999-12-17,Revision,M-1977-208 (Lyons mine),pdf,03_State_Mining_Permit_M1977208/Technical_Revisions/1999-12-17_REVISION - M1977208 (2).pdf
03_State_Mining_Permit_M1977208,Technical_Revisions,1999-12-17_REVISION - M1977208.pdf,1999-12-17,Revision,M-1977-208 (Lyons mine),pdf,03_State_Mining_Permit_M1977208/Technical_Revisions/1999-12-17_REVISION - M1977208.pdf
03_State_Mining_Permit_M1977208,Technical_Revisions,2.11.2000 Technical Revision Approval for CKD.pdf,2000-02-11,Revision,M-1977-208 (Lyons mine),pdf,03_State_Mining_Permit_M1977208/Technical_Revisions/2.11.2000 Technical Revision Approval for CKD.pdf
03_State_Mining_Permit_M1977208,Technical_Revisions,2000-01-04_REVISION - M1977208.pdf,2000-01-04,Revision,M-1977-208 (Lyons mine),pdf,03_State_Mining_Permit_M1977208/Technical_Revisions/2000-01-04_REVISION - M1977208.pdf
03_State_Mining_Permit_M1977208,Technical_Revisions,2000-01-18_REVISION - M1977208.pdf,2000-01-18,Revision,M-1977-208 (Lyons mine),pdf,03_State_Mining_Permit_M1977208/Technical_Revisions/2000-01-18_REVISION - M1977208.pdf
03_State_Mining_Permit_M1977208,Technical_Revisions,2000-01-28_REVISION - M1977208 (3).pdf,2000-01-28,Revision,M-1977-208 (Lyons mine),pdf,03_State_Mining_Permit_M1977208/Technical_Revisions/2000-01-28_REVISION - M1977208 (3).pdf
03_State_Mining_Permit_M1977208,Technical_Revisions,2000-01-28_REVISION - M1977208.pdf,2000-01-28,Revision,M-1977-208 (Lyons mine),pdf,03_State_Mining_Permit_M1977208/Technical_Revisions/2000-01-28_REVISION - M1977208.pdf
03_State_Mining_Permit_M1977208,Technical_Revisions,2000-02-01_REVISION - M1977208.pdf,2000-02-01,Revision,M-1977-208 (Lyons mine),pdf,03_State_Mining_Permit_M1977208/Technical_Revisions/2000-02-01_REVISION - M1977208.pdf
03_State_Mining_Permit_M1977208,Technical_Revisions,2001-07-19_REVISION - M1977208.pdf,2001-07-19,Revision,M-1977-208 (Lyons mine),pdf,03_State_Mining_Permit_M1977208/Technical_Revisions/2001-07-19_REVISION - M1977208.pdf
03_State_Mining_Permit_M1977208,Technical_Revisions,2003-05-29_REVISION - m1977208.pdf,2003-05-29,Revision,M-1977-208 (Lyons mine),pdf,03_State_Mining_Permit_M1977208/Technical_Revisions/2003-05-29_REVISION - m1977208.pdf
03_State_Mining_Permit_M1977208,Technical_Revisions,2003-07-17_REVISION - M1977208.pdf,2003-07-17,Revision,M-1977-208 (Lyons mine),pdf,03_State_Mining_Permit_M1977208/Technical_Revisions/2003-07-17_REVISION - M1977208.pdf
03_State_Mining_Permit_M1977208,Technical_Revisions,2003-09-04_REVISION - M1977208.pdf,2003-09-04,Revision,M-1977-208 (Lyons mine),pdf,03_State_Mining_Permit_M1977208/Technical_Revisions/2003-09-04_REVISION - M1977208.pdf
03_State_Mining_Permit_M1977208,Technical_Revisions,2006-03-06_REVISION - M1977208.pdf,2006-03-06,Revision,M-1977-208 (Lyons mine),pdf,03_State_Mining_Permit_M1977208/Technical_Revisions/2006-03-06_REVISION - M1977208.pdf
03_State_Mining_Permit_M1977208,Technical_Revisions,2006-03-31_REVISION - M1977208.pdf,2006-03-31,Revision,M-1977-208 (Lyons mine),pdf,03_State_Mining_Permit_M1977208/Technical_Revisions/2006-03-31_REVISION - M1977208.pdf
03_State_Mining_Permit_M1977208,Technical_Revisions,2007-08-31_REVISION - M1977208.pdf,2007-08-31,Revision,M-1977-208 (Lyons mine),pdf,03_State_Mining_Permit_M1977208/Technical_Revisions/2007-08-31_REVISION - M1977208.pdf
03_State_Mining_Permit_M1977208,Technical_Revisions,2015-07-02_REVISION - M1977208.pdf,2015-07-02,Revision,M-1977-208 (Lyons mine),pdf,03_State_Mining_Permit_M1977208/Technical_Revisions/2015-07-02_REVISION - M1977208.pdf
03_State_Mining_Permit_M1977208,Technical_Revisions,2022-05-09_REVISION - M1977208.pdf,2022-05-09,Revision,M-1977-208 (Lyons mine),pdf,03_State_Mining_Permit_M1977208/Technical_Revisions/2022-05-09_REVISION - M1977208.pdf
03_State_Mining_Permit_M1977208,Technical_Revisions,2022-09-06_REVISION - M1977208 (2).pdf,2022-09-06,Revision,M-1977-208 (Lyons mine),pdf,03_State_Mining_Permit_M1977208/Technical_Revisions/2022-09-06_REVISION - M1977208 (2).pdf
03_State_Mining_Permit_M1977208,Technical_Revisions,2024-03-18_REVISION - M1977208.pdf,2024-03-18,Revision,M-1977-208 (Lyons mine),pdf,03_State_Mining_Permit_M1977208/Technical_Revisions/2024-03-18_REVISION - M1977208.pdf
03_State_Mining_Permit_M1977208,Technical_Revisions,2024-12-05_REVISION - M1977208.pdf,2024-12-05,Revision,M-1977-208 (Lyons mine),pdf,03_State_Mining_Permit_M1977208/Technical_Revisions/2024-12-05_REVISION - M1977208.pdf
03_State_Mining_Permit_M1977208,Technical_Revisions,Cement Kiln Dust - 1999 Memo.pdf,1999-00-00,Memo,M-1977-208 (Lyons mine),pdf,03_State_Mining_Permit_M1977208/Technical_Revisions/Cement Kiln Dust - 1999 Memo.pdf
03_State_Mining_Permit_M1977208,Technical_Revisions,Cement Kiln Dust - 1999 Memo__1.pdf,1999-00-00,Memo,M-1977-208 (Lyons mine),pdf,03_State_Mining_Permit_M1977208/Technical_Revisions/Cement Kiln Dust - 1999 Memo__1.pdf
03_State_Mining_Permit_M1977208,Technical_Revisions,Correspondence on TR2 - Reclamation Cost Estimate - 2.1.2003.pdf,2003-02-01,Reclamation,M-1977-208 (Lyons mine),pdf,03_State_Mining_Permit_M1977208/Technical_Revisions/Correspondence on TR2 - Reclamation Cost Estimate - 2.1.2003.pdf
03_State_Mining_Permit_M1977208,Technical_Revisions,Correspondence on TR2 - Reclamation Cost Estimates - 3.6.2003.pdf,2003-03-06,Reclamation,M-1977-208 (Lyons mine),pdf,03_State_Mining_Permit_M1977208/Technical_Revisions/Correspondence on TR2 - Reclamation Cost Estimates - 3.6.2003.pdf
03_State_Mining_Permit_M1977208,Technical_Revisions,DRMS response to CEMEX 1.8.2003.pdf,2003-01-08,Document,M-1977-208 (Lyons mine),pdf,03_State_Mining_Permit_M1977208/Technical_Revisions/DRMS response to CEMEX 1.8.2003.pdf
03_State_Mining_Permit_M1977208,Technical_Revisions,GENERAL30320.pdf,,Document,M-1977-208 (Lyons mine),pdf,03_State_Mining_Permit_M1977208/Technical_Revisions/GENERAL30320.pdf
03_State_Mining_Permit_M1977208,Technical_Revisions,GENERAL30320__1.pdf,,Document,M-1977-208 (Lyons mine),pdf,03_State_Mining_Permit_M1977208/Technical_Revisions/GENERAL30320__1.pdf
03_State_Mining_Permit_M1977208,Technical_Revisions,GENERAL30950.pdf,,Document,M-1977-208 (Lyons mine),pdf,03_State_Mining_Permit_M1977208/Technical_Revisions/GENERAL30950.pdf
03_State_Mining_Permit_M1977208,Technical_Revisions,GENERAL31044.pdf,,Document,M-1977-208 (Lyons mine),pdf,03_State_Mining_Permit_M1977208/Technical_Revisions/GENERAL31044.pdf
03_State_Mining_Permit_M1977208,Technical_Revisions,GENERAL31049.pdf,,Document,M-1977-208 (Lyons mine),pdf,03_State_Mining_Permit_M1977208/Technical_Revisions/GENERAL31049.pdf
03_State_Mining_Permit_M1977208,Technical_Revisions,GENERAL31147.pdf,,Document,M-1977-208 (Lyons mine),pdf,03_State_Mining_Permit_M1977208/Technical_Revisions/GENERAL31147.pdf
03_State_Mining_Permit_M1977208,Technical_Revisions,GENERAL31303.pdf,,Document,M-1977-208 (Lyons mine),pdf,03_State_Mining_Permit_M1977208/Technical_Revisions/GENERAL31303.pdf
03_State_Mining_Permit_M1977208,Technical_Revisions,GENERAL34580.pdf,,Document,M-1977-208 (Lyons mine),pdf,03_State_Mining_Permit_M1977208/Technical_Revisions/GENERAL34580.pdf
03_State_Mining_Permit_M1977208,Technical_Revisions,GENERAL34816 (1).pdf,,Document,M-1977-208 (Lyons mine),pdf,03_State_Mining_Permit_M1977208/Technical_Revisions/GENERAL34816 (1).pdf
03_State_Mining_Permit_M1977208,Technical_Revisions,GENERAL34816.pdf,,Document,M-1977-208 (Lyons mine),pdf,03_State_Mining_Permit_M1977208/Technical_Revisions/GENERAL34816.pdf
03_State_Mining_Permit_M1977208,Technical_Revisions,GENERAL35170.pdf,,Document,M-1977-208 (Lyons mine),pdf,03_State_Mining_Permit_M1977208/Technical_Revisions/GENERAL35170.pdf
03_State_Mining_Permit_M1977208,Technical_Revisions,GENERAL35400.pdf,,Document,M-1977-208 (Lyons mine),pdf,03_State_Mining_Permit_M1977208/Technical_Revisions/GENERAL35400.pdf
03_State_Mining_Permit_M1977208,Technical_Revisions,GENERAL35670.pdf,,Document,M-1977-208 (Lyons mine),pdf,03_State_Mining_Permit_M1977208/Technical_Revisions/GENERAL35670.pdf
03_State_Mining_Permit_M1977208,Technical_Revisions,GENERAL35751.pdf,,Document,M-1977-208 (Lyons mine),pdf,03_State_Mining_Permit_M1977208/Technical_Revisions/GENERAL35751.pdf
03_State_Mining_Permit_M1977208,Technical_Revisions,GENERAL37362.pdf,,Document,M-1977-208 (Lyons mine),pdf,03_State_Mining_Permit_M1977208/Technical_Revisions/GENERAL37362.pdf
03_State_Mining_Permit_M1977208,Technical_Revisions,GENERAL38481.pdf,,Document,M-1977-208 (Lyons mine),pdf,03_State_Mining_Permit_M1977208/Technical_Revisions/GENERAL38481.pdf
03_State_Mining_Permit_M1977208,Technical_Revisions,GENERAL39164 (1).pdf,,Document,M-1977-208 (Lyons mine),pdf,03_State_Mining_Permit_M1977208/Technical_Revisions/GENERAL39164 (1).pdf
03_State_Mining_Permit_M1977208,Technical_Revisions,GENERAL39164.pdf,,Document,M-1977-208 (Lyons mine),pdf,03_State_Mining_Permit_M1977208/Technical_Revisions/GENERAL39164.pdf
03_State_Mining_Permit_M1977208,Technical_Revisions,GENERAL39381.pdf,,Document,M-1977-208 (Lyons mine),pdf,03_State_Mining_Permit_M1977208/Technical_Revisions/GENERAL39381.pdf
03_State_Mining_Permit_M1977208,Technical_Revisions,GENERAL39522.pdf,,Document,M-1977-208 (Lyons mine),pdf,03_State_Mining_Permit_M1977208/Technical_Revisions/GENERAL39522.pdf
03_State_Mining_Permit_M1977208,Technical_Revisions,GENERAL40031.pdf,,Document,M-1977-208 (Lyons mine),pdf,03_State_Mining_Permit_M1977208/Technical_Revisions/GENERAL40031.pdf
03_State_Mining_Permit_M1977208,Technical_Revisions,GENERAL40125.pdf,,Document,M-1977-208 (Lyons mine),pdf,03_State_Mining_Permit_M1977208/Technical_Revisions/GENERAL40125.pdf
03_State_Mining_Permit_M1977208,Technical_Revisions,GENERAL40607.pdf,,Document,M-1977-208 (Lyons mine),pdf,03_State_Mining_Permit_M1977208/Technical_Revisions/GENERAL40607.pdf
03_State_Mining_Permit_M1977208,Technical_Revisions,GENERAL40729.pdf,,Document,M-1977-208 (Lyons mine),pdf,03_State_Mining_Permit_M1977208/Technical_Revisions/GENERAL40729.pdf
03_State_Mining_Permit_M1977208,Technical_Revisions,GENERAL41374.pdf,,Document,M-1977-208 (Lyons mine),pdf,03_State_Mining_Permit_M1977208/Technical_Revisions/GENERAL41374.pdf
03_State_Mining_Permit_M1977208,Technical_Revisions,GENERAL41517.pdf,,Document,M-1977-208 (Lyons mine),pdf,03_State_Mining_Permit_M1977208/Technical_Revisions/GENERAL41517.pdf
03_State_Mining_Permit_M1977208,Technical_Revisions,GENERAL41634.pdf,,Document,M-1977-208 (Lyons mine),pdf,03_State_Mining_Permit_M1977208/Technical_Revisions/GENERAL41634.pdf
03_State_Mining_Permit_M1977208,Technical_Revisions,GENERAL41849.pdf,,Document,M-1977-208 (Lyons mine),pdf,03_State_Mining_Permit_M1977208/Technical_Revisions/GENERAL41849.pdf
03_State_Mining_Permit_M1977208,Technical_Revisions,GENERAL42736.pdf,,Document,M-1977-208 (Lyons mine),pdf,03_State_Mining_Permit_M1977208/Technical_Revisions/GENERAL42736.pdf
03_State_Mining_Permit_M1977208,Technical_Revisions,GENERAL43376.pdf,,Document,M-1977-208 (Lyons mine),pdf,03_State_Mining_Permit_M1977208/Technical_Revisions/GENERAL43376.pdf
03_State_Mining_Permit_M1977208,Technical_Revisions,GENERAL45108 (1).pdf,,Document,M-1977-208 (Lyons mine),pdf,03_State_Mining_Permit_M1977208/Technical_Revisions/GENERAL45108 (1).pdf
03_State_Mining_Permit_M1977208,Technical_Revisions,GENERAL45987.pdf,,Document,M-1977-208 (Lyons mine),pdf,03_State_Mining_Permit_M1977208/Technical_Revisions/GENERAL45987.pdf
03_State_Mining_Permit_M1977208,Technical_Revisions,GENERAL46371.pdf,,Document,M-1977-208 (Lyons mine),pdf,03_State_Mining_Permit_M1977208/Technical_Revisions/GENERAL46371.pdf
03_State_Mining_Permit_M1977208,Technical_Revisions,GENERAL46844.pdf,,Document,M-1977-208 (Lyons mine),pdf,03_State_Mining_Permit_M1977208/Technical_Revisions/GENERAL46844.pdf
03_State_Mining_Permit_M1977208,Technical_Revisions,GENERAL49677.pdf,,Document,M-1977-208 (Lyons mine),pdf,03_State_Mining_Permit_M1977208/Technical_Revisions/GENERAL49677.pdf
03_State_Mining_Permit_M1977208,Technical_Revisions,GENERAL49680.pdf,,Document,M-1977-208 (Lyons mine),pdf,03_State_Mining_Permit_M1977208/Technical_Revisions/GENERAL49680.pdf
03_State_Mining_Permit_M1977208,Technical_Revisions,GENERAL51404.pdf,,Document,M-1977-208 (Lyons mine),pdf,03_State_Mining_Permit_M1977208/Technical_Revisions/GENERAL51404.pdf
03_State_Mining_Permit_M1977208,Technical_Revisions,GENERAL51719.pdf,,Document,M-1977-208 (Lyons mine),pdf,03_State_Mining_Permit_M1977208/Technical_Revisions/GENERAL51719.pdf
03_State_Mining_Permit_M1977208,Technical_Revisions,GENERAL51957.pdf,,Document,M-1977-208 (Lyons mine),pdf,03_State_Mining_Permit_M1977208/Technical_Revisions/GENERAL51957.pdf
03_State_Mining_Permit_M1977208,Technical_Revisions,GENERAL52516.pdf,,Document,M-1977-208 (Lyons mine),pdf,03_State_Mining_Permit_M1977208/Technical_Revisions/GENERAL52516.pdf
03_State_Mining_Permit_M1977208,Technical_Revisions,GENERAL53276.pdf,,Document,M-1977-208 (Lyons mine),pdf,03_State_Mining_Permit_M1977208/Technical_Revisions/GENERAL53276.pdf
03_State_Mining_Permit_M1977208,Technical_Revisions,GENERAL53276__1.pdf,,Document,M-1977-208 (Lyons mine),pdf,03_State_Mining_Permit_M1977208/Technical_Revisions/GENERAL53276__1.pdf
03_State_Mining_Permit_M1977208,Technical_Revisions,GENERAL54948.pdf,,Document,M-1977-208 (Lyons mine),pdf,03_State_Mining_Permit_M1977208/Technical_Revisions/GENERAL54948.pdf
03_State_Mining_Permit_M1977208,Technical_Revisions,GENERAL56069.pdf,,Document,M-1977-208 (Lyons mine),pdf,03_State_Mining_Permit_M1977208/Technical_Revisions/GENERAL56069.pdf
03_State_Mining_Permit_M1977208,Technical_Revisions,GENERAL56262.pdf,,Document,M-1977-208 (Lyons mine),pdf,03_State_Mining_Permit_M1977208/Technical_Revisions/GENERAL56262.pdf
03_State_Mining_Permit_M1977208,Technical_Revisions,HYDRO22568.pdf,,Document,M-1977-208 (Lyons mine),pdf,03_State_Mining_Permit_M1977208/Technical_Revisions/HYDRO22568.pdf
03_State_Mining_Permit_M1977208,Technical_Revisions,INSPEC33688.pdf,,Document,M-1977-208 (Lyons mine),pdf,03_State_Mining_Permit_M1977208/Technical_Revisions/INSPEC33688.pdf
03_State_Mining_Permit_M1977208,Technical_Revisions,Increase in Bond for TR2 - 7.30.2003.pdf,2003-07-30,Document,M-1977-208 (Lyons mine),pdf,03_State_Mining_Permit_M1977208/Technical_Revisions/Increase in Bond for TR2 - 7.30.2003.pdf
03_State_Mining_Permit_M1977208,Technical_Revisions,Inspection Report - 9.5.2002.pdf,2002-09-05,Inspection,M-1977-208 (Lyons mine),pdf,03_State_Mining_Permit_M1977208/Technical_Revisions/Inspection Report - 9.5.2002.pdf
03_State_Mining_Permit_M1977208,Technical_Revisions,M1977208_22 Sep 08_Minerals Annual Report.pdf,,Report,M-1977-208 (Lyons mine),pdf,03_State_Mining_Permit_M1977208/Technical_Revisions/M1977208_22 Sep 08_Minerals Annual Report.pdf
03_State_Mining_Permit_M1977208,Technical_Revisions,Nonconforming Use - 10.8.2002.pdf,2002-10-08,Document,M-1977-208 (Lyons mine),pdf,03_State_Mining_Permit_M1977208/Technical_Revisions/Nonconforming Use - 10.8.2002.pdf
03_State_Mining_Permit_M1977208,Technical_Revisions,PERMFILE121667.pdf,,Document,M-1977-208 (Lyons mine),pdf,03_State_Mining_Permit_M1977208/Technical_Revisions/PERMFILE121667.pdf
03_State_Mining_Permit_M1977208,Technical_Revisions,PERMFILE126907.pdf,,Document,M-1977-208 (Lyons mine),pdf,03_State_Mining_Permit_M1977208/Technical_Revisions/PERMFILE126907.pdf
03_State_Mining_Permit_M1977208,Technical_Revisions,PERMFILE55643.pdf,,Document,M-1977-208 (Lyons mine),pdf,03_State_Mining_Permit_M1977208/Technical_Revisions/PERMFILE55643.pdf
03_State_Mining_Permit_M1977208,Technical_Revisions,Recap of 12.18.2002 Meeting - CEMEX and DRMS.pdf,2002-12-18,Document,M-1977-208 (Lyons mine),pdf,03_State_Mining_Permit_M1977208/Technical_Revisions/Recap of 12.18.2002 Meeting - CEMEX and DRMS.pdf
03_State_Mining_Permit_M1977208,Technical_Revisions,TR1 - Analysis of CKD Impact in C-Pit - 1999.pdf,1999-00-00,Document,M-1977-208 (Lyons mine),pdf,03_State_Mining_Permit_M1977208/Technical_Revisions/TR1 - Analysis of CKD Impact in C-Pit - 1999.pdf
03_State_Mining_Permit_M1977208,Technical_Revisions,TR2 - 06.30.2003 Adequacy Letter.pdf,2003-06-30,Letter,M-1977-208 (Lyons mine),pdf,03_State_Mining_Permit_M1977208/Technical_Revisions/TR2 - 06.30.2003 Adequacy Letter.pdf
03_State_Mining_Permit_M1977208,Technical_Revisions,TR2 - Detailed Cost Estimates 4.22.2003 .pdf,2003-04-22,Document,M-1977-208 (Lyons mine),pdf,03_State_Mining_Permit_M1977208/Technical_Revisions/TR2 - Detailed Cost Estimates 4.22.2003 .pdf
03_State_Mining_Permit_M1977208,Technical_Revisions,TR2 - M1977208 Overview - May 2003.pdf,2003-05-00,Document,M-1977-208 (Lyons mine),pdf,03_State_Mining_Permit_M1977208/Technical_Revisions/TR2 - M1977208 Overview - May 2003.pdf
03_State_Mining_Permit_M1977208,Technical_Revisions,TR2 - Narrative 5.29.2003 Reclamation and Demolition.pdf,2003-05-29,Reclamation,M-1977-208 (Lyons mine),pdf,03_State_Mining_Permit_M1977208/Technical_Revisions/TR2 - Narrative 5.29.2003 Reclamation and Demolition.pdf
03_State_Mining_Permit_M1977208,Technical_Revisions,TR2 Approval - Disposal of Concrete Rubble and Demolition of Plant - 9.4.2003.pdf,2003-09-04,Document,M-1977-208 (Lyons mine),pdf,03_State_Mining_Permit_M1977208/Technical_Revisions/TR2 Approval - Disposal of Concrete Rubble and Demolition of Plant - 9.4.2003.pdf
04_Dowe_Flats_M1993041,,1993 Dowe Flats - Special Use Application Mining & Reclamation.pdf,1993-00-00,Reclamation,M-1993-041 (Dowe Flats),pdf,04_Dowe_Flats_M1993041/1993 Dowe Flats - Special Use Application Mining & Reclamation.pdf
04_Dowe_Flats_M1993041,,1997 - Dowe Flats Referral Review.pdf,1997-00-00,Document,M-1993-041 (Dowe Flats),pdf,04_Dowe_Flats_M1993041/1997 - Dowe Flats Referral Review.pdf
04_Dowe_Flats_M1993041,,1997 - Dowe Flats Review - BOCC Staff Rec 11251997.pdf,1997-00-00,Staff recommendation,M-1993-041 (Dowe Flats),pdf,04_Dowe_Flats_M1993041/1997 - Dowe Flats Review - BOCC Staff Rec 11251997.pdf
04_Dowe_Flats_M1993041,,2020-02-07_REVISION - M1993041.pdf,2020-02-07,Revision,M-1993-041 (Dowe Flats),pdf,04_Dowe_Flats_M1993041/2020-02-07_REVISION - M1993041.pdf
04_Dowe_Flats_M1993041,,2020-06-05_INSPECTION - M1993041.pdf,2020-06-05,Inspection,M-1993-041 (Dowe Flats),pdf,04_Dowe_Flats_M1993041/2020-06-05_INSPECTION - M1993041.pdf
04_Dowe_Flats_M1993041,,AM01 Approval Dec 1994.pdf,1994-12-00,Document,M-1993-041 (Dowe Flats),pdf,04_Dowe_Flats_M1993041/AM01 Approval Dec 1994.pdf
04_Dowe_Flats_M1993041,,Black Footed Ferret Survey - DOWE FLATS Mining & Reclamation - 25 Year Study.pdf,,Reclamation,M-1993-041 (Dowe Flats),pdf,04_Dowe_Flats_M1993041/Black Footed Ferret Survey - DOWE FLATS Mining & Reclamation - 25 Year Study.pdf
04_Dowe_Flats_M1993041,,CBT Water Shares Note.pdf,,Document,M-1993-041 (Dowe Flats),pdf,04_Dowe_Flats_M1993041/CBT Water Shares Note.pdf
04_Dowe_Flats_M1993041,,CKD from Dowe Flats + CEMEX Lyons- The More You Know - 9.7.2022 [DRAFT].pptx,2022-09-07,Presentation,M-1993-041 (Dowe Flats),pptx,04_Dowe_Flats_M1993041/CKD from Dowe Flats + CEMEX Lyons- The More You Know - 9.7.2022 [DRAFT].pptx
04_Dowe_Flats_M1993041,,Dowe Flats - 3 Year Review and Status Report.pdf,,Report,M-1993-041 (Dowe Flats),pdf,04_Dowe_Flats_M1993041/Dowe Flats - 3 Year Review and Status Report.pdf
04_Dowe_Flats_M1993041,,Dowe Flats - A Broken Promise 25 Years In the Making.pdf,,Document,M-1993-041 (Dowe Flats),pdf,04_Dowe_Flats_M1993041/Dowe Flats - A Broken Promise 25 Years In the Making.pdf
04_Dowe_Flats_M1993041,,Dowe Flats - A Broken Promise 25 Years In the Making.pptx,,Presentation,M-1993-041 (Dowe Flats),pptx,04_Dowe_Flats_M1993041/Dowe Flats - A Broken Promise 25 Years In the Making.pptx
04_Dowe_Flats_M1993041,,Dowe Flats Approval - Resolution 94-81.pdf,,Document,M-1993-041 (Dowe Flats),pdf,04_Dowe_Flats_M1993041/Dowe Flats Approval - Resolution 94-81.pdf
04_Dowe_Flats_M1993041,,Dowe Flats Covenant Termination 2020-Feb.pdf,2020-00-00,Document,M-1993-041 (Dowe Flats),pdf,04_Dowe_Flats_M1993041/Dowe Flats Covenant Termination 2020-Feb.pdf
04_Dowe_Flats_M1993041,,Dowe Flats Covenant.pdf,,Document,M-1993-041 (Dowe Flats),pdf,04_Dowe_Flats_M1993041/Dowe Flats Covenant.pdf
04_Dowe_Flats_M1993041,,Dowe Flats Estates.pdf,,Document,M-1993-041 (Dowe Flats),pdf,04_Dowe_Flats_M1993041/Dowe Flats Estates.pdf
04_Dowe_Flats_M1993041,,Dowe Flats Mining Permit Discussion - 6.9.2022.pdf,2022-06-09,Permit,M-1993-041 (Dowe Flats),pdf,04_Dowe_Flats_M1993041/Dowe Flats Mining Permit Discussion - 6.9.2022.pdf
04_Dowe_Flats_M1993041,,Dowe Flats Timeline - REV87523.pdf,,Document,M-1993-041 (Dowe Flats),pdf,04_Dowe_Flats_M1993041/Dowe Flats Timeline - REV87523.pdf
04_Dowe_Flats_M1993041,,Dowe Flats-CEMEX Purchase Option Agreement.pdf,,Document,M-1993-041 (Dowe Flats),pdf,04_Dowe_Flats_M1993041/Dowe Flats-CEMEX Purchase Option Agreement.pdf
04_Dowe_Flats_M1993041,,Mining & Reclamation - DOWE FLATS Mining & Reclamation Project - 25 Years.pdf,,Reclamation,M-1993-041 (Dowe Flats),pdf,04_Dowe_Flats_M1993041/Mining & Reclamation - DOWE FLATS Mining & Reclamation Project - 25 Years.pdf
04_Dowe_Flats_M1993041,,Reclamation Costs - 2020-09-11_PERMIT FILE - M1993041.pdf,2020-09-11,Permit,M-1993-041 (Dowe Flats),pdf,04_Dowe_Flats_M1993041/Reclamation Costs - 2020-09-11_PERMIT FILE - M1993041.pdf
04_Dowe_Flats_M1993041,,Reservoir Study - DOWE FLATS Mining & Reclamation Pro (6).pdf,,Reclamation,M-1993-041 (Dowe Flats),pdf,04_Dowe_Flats_M1993041/Reservoir Study - DOWE FLATS Mining & Reclamation Pro (6).pdf
04_Dowe_Flats_M1993041,,Traffic Impact - DOWE FLATS Mining & Reclamation Project.pdf,,Reclamation,M-1993-041 (Dowe Flats),pdf,04_Dowe_Flats_M1993041/Traffic Impact - DOWE FLATS Mining & Reclamation Project.pdf
04_Dowe_Flats_M1993041,,Visual Impact Analysis - DOWE FLATS Mining & Reclamation Project - 25 Years.PDF,,Reclamation,M-1993-041 (Dowe Flats),pdf,04_Dowe_Flats_M1993041/Visual Impact Analysis - DOWE FLATS Mining & Reclamation Project - 25 Years.PDF
04_Dowe_Flats_M1993041,,Wetland Report - DOWE FLATS Mining & Reclamation Pro (7).pdf,,Report,M-1993-041 (Dowe Flats),pdf,04_Dowe_Flats_M1993041/Wetland Report - DOWE FLATS Mining & Reclamation Pro (7).pdf
05_Air_Quality_Permit_95OPBO082,Emissions_Data,Downloaded Facility Report - FACILITY_POLL_RPT_FINAL_EMISSIONS_05182024121028.csv,,Report,95OPBO082 (air permit),csv,05_Air_Quality_Permit_95OPBO082/Emissions_Data/Downloaded Facility Report - FACILITY_POLL_RPT_FINAL_EMISSIONS_05182024121028.csv
05_Air_Quality_Permit_95OPBO082,Inspection_and_Stack_Test_Reports,013-0003-001_1999 INSP RPT_12BO444-1_9 15 1999.PDF,1999-00-00,Inspection,95OPBO082 (air permit),pdf,05_Air_Quality_Permit_95OPBO082/Inspection_and_Stack_Test_Reports/013-0003-001_1999 INSP RPT_12BO444-1_9 15 1999.PDF
05_Air_Quality_Permit_95OPBO082,Inspection_and_Stack_Test_Reports,013-0003-001_2007 INSP RPT_05BO0703_11_7_2007 (1).pdf,,Inspection,95OPBO082 (air permit),pdf,05_Air_Quality_Permit_95OPBO082/Inspection_and_Stack_Test_Reports/013-0003-001_2007 INSP RPT_05BO0703_11_7_2007 (1).pdf
05_Air_Quality_Permit_95OPBO082,Inspection_and_Stack_Test_Reports,013-0003-001_2023 INSP RPT_05BO0703_9_21_2023.pdf,,Inspection,95OPBO082 (air permit),pdf,05_Air_Quality_Permit_95OPBO082/Inspection_and_Stack_Test_Reports/013-0003-001_2023 INSP RPT_05BO0703_9_21_2023.pdf
05_Air_Quality_Permit_95OPBO082,Inspection_and_Stack_Test_Reports,013-0003-003_1994 INSP RPT__3 18 1994.pdf,1994-00-00,Inspection,95OPBO082 (air permit),pdf,05_Air_Quality_Permit_95OPBO082/Inspection_and_Stack_Test_Reports/013-0003-003_1994 INSP RPT__3 18 1994.pdf
05_Air_Quality_Permit_95OPBO082,Inspection_and_Stack_Test_Reports,013-0003_1991 INSP RPT__2 15 1991.pdf,1991-00-00,Inspection,95OPBO082 (air permit),pdf,05_Air_Quality_Permit_95OPBO082/Inspection_and_Stack_Test_Reports/013-0003_1991 INSP RPT__2 15 1991.pdf
05_Air_Quality_Permit_95OPBO082,Inspection_and_Stack_Test_Reports,013-0003_1994 INSP RPT__12 1 1994.pdf,1994-00-00,Inspection,95OPBO082 (air permit),pdf,05_Air_Quality_Permit_95OPBO082/Inspection_and_Stack_Test_Reports/013-0003_1994 INSP RPT__12 1 1994.pdf
05_Air_Quality_Permit_95OPBO082,Inspection_and_Stack_Test_Reports,013-0003_1995 INSP RPT__9 5 1995.pdf,1995-00-00,Inspection,95OPBO082 (air permit),pdf,05_Air_Quality_Permit_95OPBO082/Inspection_and_Stack_Test_Reports/013-0003_1995 INSP RPT__9 5 1995.pdf
05_Air_Quality_Permit_95OPBO082,Inspection_and_Stack_Test_Reports,013-0003_1996 INSP RPT__5 14 1996.pdf,1996-00-00,Inspection,95OPBO082 (air permit),pdf,05_Air_Quality_Permit_95OPBO082/Inspection_and_Stack_Test_Reports/013-0003_1996 INSP RPT__5 14 1996.pdf
05_Air_Quality_Permit_95OPBO082,Inspection_and_Stack_Test_Reports,013-0003_2000 INSP RPT_95OPBO082_1 30 2001.PDF,2001-00-00,Inspection,95OPBO082 (air permit),pdf,05_Air_Quality_Permit_95OPBO082/Inspection_and_Stack_Test_Reports/013-0003_2000 INSP RPT_95OPBO082_1 30 2001.PDF
05_Air_Quality_Permit_95OPBO082,Inspection_and_Stack_Test_Reports,013-0003_2000 INSP RPT_95OPBO082_10 18 2000.PDF,2000-00-00,Inspection,95OPBO082 (air permit),pdf,05_Air_Quality_Permit_95OPBO082/Inspection_and_Stack_Test_Reports/013-0003_2000 INSP RPT_95OPBO082_10 18 2000.PDF
05_Air_Quality_Permit_95OPBO082,Inspection_and_Stack_Test_Reports,013-0003_2000 INSP RPT_95OPBO082_9 28 2000.PDF,2000-00-00,Inspection,95OPBO082 (air permit),pdf,05_Air_Quality_Permit_95OPBO082/Inspection_and_Stack_Test_Reports/013-0003_2000 INSP RPT_95OPBO082_9 28 2000.PDF
05_Air_Quality_Permit_95OPBO082,Inspection_and_Stack_Test_Reports,013-0003_2000 INSP RPT_95OPBO082_9_28_2000.pdf,,Inspection,95OPBO082 (air permit),pdf,05_Air_Quality_Permit_95OPBO082/Inspection_and_Stack_Test_Reports/013-0003_2000 INSP RPT_95OPBO082_9_28_2000.pdf
05_Air_Quality_Permit_95OPBO082,Inspection_and_Stack_Test_Reports,013-0003_2001 INSP RPT_95OPBO082_3 30 2001.PDF,2001-00-00,Inspection,95OPBO082 (air permit),pdf,05_Air_Quality_Permit_95OPBO082/Inspection_and_Stack_Test_Reports/013-0003_2001 INSP RPT_95OPBO082_3 30 2001.PDF
05_Air_Quality_Permit_95OPBO082,Inspection_and_Stack_Test_Reports,013-0003_2002 INSP RPT SUPP DOCS_95OPBO082_3 24 2003.pdf,2003-00-00,Inspection,95OPBO082 (air permit),pdf,05_Air_Quality_Permit_95OPBO082/Inspection_and_Stack_Test_Reports/013-0003_2002 INSP RPT SUPP DOCS_95OPBO082_3 24 2003.pdf
05_Air_Quality_Permit_95OPBO082,Inspection_and_Stack_Test_Reports,013-0003_COC_95OPBO082_5_11_2026.pdf,,Document,95OPBO082 (air permit),pdf,05_Air_Quality_Permit_95OPBO082/Inspection_and_Stack_Test_Reports/013-0003_COC_95OPBO082_5_11_2026.pdf
05_Air_Quality_Permit_95OPBO082,Inspection_and_Stack_Test_Reports,013-0003_INFO TO SUPP_95OPBO082_2_1_2025.pdf,,Document,95OPBO082 (air permit),pdf,05_Air_Quality_Permit_95OPBO082/Inspection_and_Stack_Test_Reports/013-0003_INFO TO SUPP_95OPBO082_2_1_2025.pdf
05_Air_Quality_Permit_95OPBO082,Inspection_and_Stack_Test_Reports,013-0003_PRMT OP APPL_95OPBO082_2_28_2021.pdf,,Document,95OPBO082 (air permit),pdf,05_Air_Quality_Permit_95OPBO082/Inspection_and_Stack_Test_Reports/013-0003_PRMT OP APPL_95OPBO082_2_28_2021.pdf
05_Air_Quality_Permit_95OPBO082,Inspection_and_Stack_Test_Reports,013-0003_PRMT OP_95OPBO082_2_1_2025.pdf,,Document,95OPBO082 (air permit),pdf,05_Air_Quality_Permit_95OPBO082/Inspection_and_Stack_Test_Reports/013-0003_PRMT OP_95OPBO082_2_1_2025.pdf
05_Air_Quality_Permit_95OPBO082,Inspection_and_Stack_Test_Reports,013-0003_PUBCOM RSP_95OPBO082_11_25_2024.pdf,,Document,95OPBO082 (air permit),pdf,05_Air_Quality_Permit_95OPBO082/Inspection_and_Stack_Test_Reports/013-0003_PUBCOM RSP_95OPBO082_11_25_2024.pdf
05_Air_Quality_Permit_95OPBO082,Inspection_and_Stack_Test_Reports,013-0003_TRD_95OPBO082_2_1_2025.pdf,,Document,95OPBO082 (air permit),pdf,05_Air_Quality_Permit_95OPBO082/Inspection_and_Stack_Test_Reports/013-0003_TRD_95OPBO082_2_1_2025.pdf
05_Air_Quality_Permit_95OPBO082,Inspection_and_Stack_Test_Reports,"013-0095_1987 INSP RPT_C-12,444_10 8 1987.pdf",1987-00-00,Inspection,95OPBO082 (air permit),pdf,"05_Air_Quality_Permit_95OPBO082/Inspection_and_Stack_Test_Reports/013-0095_1987 INSP RPT_C-12,444_10 8 1987.pdf"
05_Air_Quality_Permit_95OPBO082,Inspection_and_Stack_Test_Reports,"013-0095_1988 INSP RPT_C12,444_9 20 1988.pdf",1988-00-00,Inspection,95OPBO082 (air permit),pdf,"05_Air_Quality_Permit_95OPBO082/Inspection_and_Stack_Test_Reports/013-0095_1988 INSP RPT_C12,444_9 20 1988.pdf"
05_Air_Quality_Permit_95OPBO082,Inspection_and_Stack_Test_Reports,1_31_2024_013-0003_2023 RPT_95OPBO082_1_31_2024.pdf,,Report,95OPBO082 (air permit),pdf,05_Air_Quality_Permit_95OPBO082/Inspection_and_Stack_Test_Reports/1_31_2024_013-0003_2023 RPT_95OPBO082_1_31_2024.pdf
05_Air_Quality_Permit_95OPBO082,Inspection_and_Stack_Test_Reports,1_31_2024_013-0003_CRSPD__1_31_2024.pdf,,Document,95OPBO082 (air permit),pdf,05_Air_Quality_Permit_95OPBO082/Inspection_and_Stack_Test_Reports/1_31_2024_013-0003_CRSPD__1_31_2024.pdf
05_Air_Quality_Permit_95OPBO082,Inspection_and_Stack_Test_Reports,1_31_2024_013-0003_RO APPL_95OPBO082_1_31_2024.pdf,,Document,95OPBO082 (air permit),pdf,05_Air_Quality_Permit_95OPBO082/Inspection_and_Stack_Test_Reports/1_31_2024_013-0003_RO APPL_95OPBO082_1_31_2024.pdf
05_Air_Quality_Permit_95OPBO082,Inspection_and_Stack_Test_Reports,2_1_2024_013-0003_2023 RPT PART 1_95OPBO082_2_1_2024.pdf,,Report,95OPBO082 (air permit),pdf,05_Air_Quality_Permit_95OPBO082/Inspection_and_Stack_Test_Reports/2_1_2024_013-0003_2023 RPT PART 1_95OPBO082_2_1_2024.pdf
05_Air_Quality_Permit_95OPBO082,Inspection_and_Stack_Test_Reports,2_1_2024_013-0003_2023 RPT PART 2_95OPBO082_2_1_2024.pdf,,Report,95OPBO082 (air permit),pdf,05_Air_Quality_Permit_95OPBO082/Inspection_and_Stack_Test_Reports/2_1_2024_013-0003_2023 RPT PART 2_95OPBO082_2_1_2024.pdf
05_Air_Quality_Permit_95OPBO082,Inspection_and_Stack_Test_Reports,2_27_2025_013-0003_2025 RPT_95OPBO082_2_3_2025.pdf,,Report,95OPBO082 (air permit),pdf,05_Air_Quality_Permit_95OPBO082/Inspection_and_Stack_Test_Reports/2_27_2025_013-0003_2025 RPT_95OPBO082_2_3_2025.pdf
05_Air_Quality_Permit_95OPBO082,Inspection_and_Stack_Test_Reports,4_26_2024_013-0003_2024 Q1 RPT_95OPBO082_4_25_2024.pdf,,Report,95OPBO082 (air permit),pdf,05_Air_Quality_Permit_95OPBO082/Inspection_and_Stack_Test_Reports/4_26_2024_013-0003_2024 Q1 RPT_95OPBO082_4_25_2024.pdf
05_Air_Quality_Permit_95OPBO082,Inspection_and_Stack_Test_Reports,6_21_2024_013-0003_CEMS_95OPBO082_7_30_2024 (1).pdf,,Document,95OPBO082 (air permit),pdf,05_Air_Quality_Permit_95OPBO082/Inspection_and_Stack_Test_Reports/6_21_2024_013-0003_CEMS_95OPBO082_7_30_2024 (1).pdf
05_Air_Quality_Permit_95OPBO082,Inspection_and_Stack_Test_Reports,6_25_2012_013-0003-007_APEN_95OPBO082_5_1_2000.pdf,,Document,95OPBO082 (air permit),pdf,05_Air_Quality_Permit_95OPBO082/Inspection_and_Stack_Test_Reports/6_25_2012_013-0003-007_APEN_95OPBO082_5_1_2000.pdf
05_Air_Quality_Permit_95OPBO082,Inspection_and_Stack_Test_Reports,7_23_2024_013-0003_CRSPD__7_25_2024.pdf,,Document,95OPBO082 (air permit),pdf,05_Air_Quality_Permit_95OPBO082/Inspection_and_Stack_Test_Reports/7_23_2024_013-0003_CRSPD__7_25_2024.pdf
05_Air_Quality_Permit_95OPBO082,Inspection_and_Stack_Test_Reports,7_31_2024_013-0003_2024 RPT_95OPBO082_7_30_2024.pdf,,Report,95OPBO082 (air permit),pdf,05_Air_Quality_Permit_95OPBO082/Inspection_and_Stack_Test_Reports/7_31_2024_013-0003_2024 RPT_95OPBO082_7_30_2024.pdf
05_Air_Quality_Permit_95OPBO082,Inspection_and_Stack_Test_Reports,8_1_2022_013-0003_2022 RPT_95OPBO082_8_1_2022.pdf,,Report,95OPBO082 (air permit),pdf,05_Air_Quality_Permit_95OPBO082/Inspection_and_Stack_Test_Reports/8_1_2022_013-0003_2022 RPT_95OPBO082_8_1_2022.pdf
05_Air_Quality_Permit_95OPBO082,Inspection_and_Stack_Test_Reports,8_1_2024_013-0003_2024 RPT_95OPBO082_8_1_2024.pdf,,Report,95OPBO082 (air permit),pdf,05_Air_Quality_Permit_95OPBO082/Inspection_and_Stack_Test_Reports/8_1_2024_013-0003_2024 RPT_95OPBO082_8_1_2024.pdf
05_Air_Quality_Permit_95OPBO082,Inspection_and_Stack_Test_Reports,8_7_2024_013-0003-008_2024 STK TST_95OPBO082_7_8_2024.pdf,,Stack test,95OPBO082 (air permit),pdf,05_Air_Quality_Permit_95OPBO082/Inspection_and_Stack_Test_Reports/8_7_2024_013-0003-008_2024 STK TST_95OPBO082_7_8_2024.pdf
05_Air_Quality_Permit_95OPBO082,Inspection_and_Stack_Test_Reports,8_8_2024_013-0003-007_2024 STK TST_95OPBO082_7_9_2024.pdf,,Stack test,95OPBO082 (air permit),pdf,05_Air_Quality_Permit_95OPBO082/Inspection_and_Stack_Test_Reports/8_8_2024_013-0003-007_2024 STK TST_95OPBO082_7_9_2024.pdf
05_Air_Quality_Permit_95OPBO082,Inspection_and_Stack_Test_Reports,"CEMEX Construction Materials South, LLC - Lyons Cement Plant_  Revised Permit (11_17_17) - 95OPBO082 renew2 p01.pdf",2017-11-17,Permit,95OPBO082 (air permit),pdf,"05_Air_Quality_Permit_95OPBO082/Inspection_and_Stack_Test_Reports/CEMEX Construction Materials South, LLC - Lyons Cement Plant_  Revised Permit (11_17_17) - 95OPBO082 renew2 p01.pdf"
05_Air_Quality_Permit_95OPBO082,Inspection_and_Stack_Test_Reports,Data History - 013-0003-001_2007 INSP RPT_05BO0703_11_7_2007.pdf,,Inspection,95OPBO082 (air permit),pdf,05_Air_Quality_Permit_95OPBO082/Inspection_and_Stack_Test_Reports/Data History - 013-0003-001_2007 INSP RPT_05BO0703_11_7_2007.pdf
05_Air_Quality_Permit_95OPBO082,Inspection_and_Stack_Test_Reports,GHG Permitting Guidance - EPA.pdf,,Permit,95OPBO082 (air permit),pdf,05_Air_Quality_Permit_95OPBO082/Inspection_and_Stack_Test_Reports/GHG Permitting Guidance - EPA.pdf
05_Air_Quality_Permit_95OPBO082,Inspection_and_Stack_Test_Reports,RHP PO CEMEX LYONS__7_12_2018.pdf,,Document,95OPBO082 (air permit),pdf,05_Air_Quality_Permit_95OPBO082/Inspection_and_Stack_Test_Reports/RHP PO CEMEX LYONS__7_12_2018.pdf
05_Air_Quality_Permit_95OPBO082,Inspection_and_Stack_Test_Reports,view.html,,Web page,95OPBO082 (air permit),html,05_Air_Quality_Permit_95OPBO082/Inspection_and_Stack_Test_Reports/view.html
05_Air_Quality_Permit_95OPBO082,P050_Rail_Unloader_Analysis,P050_Rail_Unloader_Throughput_Analysis_2026-09-26.md,2026-09-26,Analysis,95OPBO082 (air permit),md,05_Air_Quality_Permit_95OPBO082/P050_Rail_Unloader_Analysis/P050_Rail_Unloader_Throughput_Analysis_2026-09-26.md
05_Air_Quality_Permit_95OPBO082,P050_Rail_Unloader_Analysis/Source_Page_Extracts,APEN_2017_p3_data_year_2016_0_tons_OnBase-5214985.png,2017-00-00,Image,95OPBO082 (air permit),png,05_Air_Quality_Permit_95OPBO082/P050_Rail_Unloader_Analysis/Source_Page_Extracts/APEN_2017_p3_data_year_2016_0_tons_OnBase-5214985.png
05_Air_Quality_Permit_95OPBO082,P050_Rail_Unloader_Analysis/Source_Page_Extracts,APEN_2023-11-16_p2_data_year_2022_OnBase-20327930.png,2023-11-16,Image,95OPBO082 (air permit),png,05_Air_Quality_Permit_95OPBO082/P050_Rail_Unloader_Analysis/Source_Page_Extracts/APEN_2023-11-16_p2_data_year_2022_OnBase-20327930.png
05_Air_Quality_Permit_95OPBO082,P050_Rail_Unloader_Analysis/Source_Page_Extracts,APEN_2023-11-16_p3_data_year_2022_OnBase-20327930.png,2023-11-16,Image,95OPBO082 (air permit),png,05_Air_Quality_Permit_95OPBO082/P050_Rail_Unloader_Analysis/Source_Page_Extracts/APEN_2023-11-16_p3_data_year_2022_OnBase-20327930.png
05_Air_Quality_Permit_95OPBO082,P050_Rail_Unloader_Analysis/Source_Page_Extracts,APEN_2023-11-16_p5_data_year_2022_OnBase-20327930.png,2023-11-16,Image,95OPBO082 (air permit),png,05_Air_Quality_Permit_95OPBO082/P050_Rail_Unloader_Analysis/Source_Page_Extracts/APEN_2023-11-16_p5_data_year_2022_OnBase-20327930.png
05_Air_Quality_Permit_95OPBO082,P050_Rail_Unloader_Analysis/Source_Page_Extracts,APEN_2026-04-27_p2_data_year_2025_OnBase-63749814.png,2026-04-27,Image,95OPBO082 (air permit),png,05_Air_Quality_Permit_95OPBO082/P050_Rail_Unloader_Analysis/Source_Page_Extracts/APEN_2026-04-27_p2_data_year_2025_OnBase-63749814.png
05_Air_Quality_Permit_95OPBO082,P050_Rail_Unloader_Analysis/Source_Page_Extracts,APEN_2026-04-27_p3_data_year_2025_OnBase-63749814.png,2026-04-27,Image,95OPBO082 (air permit),png,05_Air_Quality_Permit_95OPBO082/P050_Rail_Unloader_Analysis/Source_Page_Extracts/APEN_2026-04-27_p3_data_year_2025_OnBase-63749814.png
05_Air_Quality_Permit_95OPBO082,P050_Rail_Unloader_Analysis/Source_Page_Extracts,APEN_2026-04-27_p5_data_year_2025_OnBase-63749814.png,2026-04-27,Image,95OPBO082 (air permit),png,05_Air_Quality_Permit_95OPBO082/P050_Rail_Unloader_Analysis/Source_Page_Extracts/APEN_2026-04-27_p5_data_year_2025_OnBase-63749814.png
05_Air_Quality_Permit_95OPBO082,P050_Rail_Unloader_Analysis/Source_Page_Extracts,CDPHE_2007_Inspection_p61_P050_startup_14450_tons_OnBase-11262734.png,2007-00-00,Image,95OPBO082 (air permit),png,05_Air_Quality_Permit_95OPBO082/P050_Rail_Unloader_Analysis/Source_Page_Extracts/CDPHE_2007_Inspection_p61_P050_startup_14450_tons_OnBase-11262734.png
05_Air_Quality_Permit_95OPBO082,P050_Rail_Unloader_Analysis/Source_Page_Extracts,CDPHE_2012_Inspection_p89_P050_0_tons_OnBase-32744303.png,2012-00-00,Image,95OPBO082 (air permit),png,05_Air_Quality_Permit_95OPBO082/P050_Rail_Unloader_Analysis/Source_Page_Extracts/CDPHE_2012_Inspection_p89_P050_0_tons_OnBase-32744303.png
05_Air_Quality_Permit_95OPBO082,P050_Rail_Unloader_Analysis/Source_Page_Extracts,CDPHE_2018_Inspection_p204_P050_0_tons_OnBase-4215138.png,2018-00-00,Image,95OPBO082 (air permit),png,05_Air_Quality_Permit_95OPBO082/P050_Rail_Unloader_Analysis/Source_Page_Extracts/CDPHE_2018_Inspection_p204_P050_0_tons_OnBase-4215138.png
05_Air_Quality_Permit_95OPBO082,P050_Rail_Unloader_Analysis/Source_Page_Extracts,CDPHE_2020_Inspection_p197_P050_0_tons_OnBase-9456612.png,2020-00-00,Image,95OPBO082 (air permit),png,05_Air_Quality_Permit_95OPBO082/P050_Rail_Unloader_Analysis/Source_Page_Extracts/CDPHE_2020_Inspection_p197_P050_0_tons_OnBase-9456612.png
05_Air_Quality_Permit_95OPBO082,P050_Rail_Unloader_Analysis/Source_Page_Extracts,CDPHE_2021_Inspection_p210_P050_0_tons_OnBase-13225567.png,2021-00-00,Image,95OPBO082 (air permit),png,05_Air_Quality_Permit_95OPBO082/P050_Rail_Unloader_Analysis/Source_Page_Extracts/CDPHE_2021_Inspection_p210_P050_0_tons_OnBase-13225567.png
05_Air_Quality_Permit_95OPBO082,P050_Rail_Unloader_Analysis/Source_Page_Extracts,CDPHE_2022_Inspection_p258_P050_0_tons_OnBase-24063904.png,2022-00-00,Image,95OPBO082 (air permit),png,05_Air_Quality_Permit_95OPBO082/P050_Rail_Unloader_Analysis/Source_Page_Extracts/CDPHE_2022_Inspection_p258_P050_0_tons_OnBase-24063904.png
05_Air_Quality_Permit_95OPBO082,P050_Rail_Unloader_Analysis/Source_Page_Extracts,CDPHE_2023_Inspection_p222_P050_0_tons_OnBase-43852696.png,2023-00-00,Image,95OPBO082 (air permit),png,05_Air_Quality_Permit_95OPBO082/P050_Rail_Unloader_Analysis/Source_Page_Extracts/CDPHE_2023_Inspection_p222_P050_0_tons_OnBase-43852696.png
05_Air_Quality_Permit_95OPBO082,P050_Rail_Unloader_Analysis/Source_Page_Extracts,CDPHE_2023_Inspection_p223_P050_not_operating_OnBase-43852696.png,2023-00-00,Image,95OPBO082 (air permit),png,05_Air_Quality_Permit_95OPBO082/P050_Rail_Unloader_Analysis/Source_Page_Extracts/CDPHE_2023_Inspection_p223_P050_not_operating_OnBase-43852696.png
05_Air_Quality_Permit_95OPBO082,P050_Rail_Unloader_Analysis/Source_Page_Extracts,Title_V_Semiannual_Report_2026H1_p5_P050_startup_deviation_OnBase-66366349.png,,Image,95OPBO082 (air permit),png,05_Air_Quality_Permit_95OPBO082/P050_Rail_Unloader_Analysis/Source_Page_Extracts/Title_V_Semiannual_Report_2026H1_p5_P050_startup_deviation_OnBase-66366349.png
05_Air_Quality_Permit_95OPBO082,Permits_and_Technical_Reviews,CEMEX-Construction-Materials-South-Addendum-Revised-Technical-Review-Doc-July-2009.pdf,2009-00-00,Document,95OPBO082 (air permit),pdf,05_Air_Quality_Permit_95OPBO082/Permits_and_Technical_Reviews/CEMEX-Construction-Materials-South-Addendum-Revised-Technical-Review-Doc-July-2009.pdf
05_Air_Quality_Permit_95OPBO082,Permits_and_Technical_Reviews,CEMEX-Construction-Materials-South-Revised-Technical-Review-DOC-Mar-2008.pdf,2008-00-00,Document,95OPBO082 (air permit),pdf,05_Air_Quality_Permit_95OPBO082/Permits_and_Technical_Reviews/CEMEX-Construction-Materials-South-Revised-Technical-Review-DOC-Mar-2008.pdf
05_Air_Quality_Permit_95OPBO082,Permits_and_Technical_Reviews,CEMEX-Construction-Materials-South-Revised-Technical-Review-Doc-Apr-2013.pdf,2013-00-00,Document,95OPBO082 (air permit),pdf,05_Air_Quality_Permit_95OPBO082/Permits_and_Technical_Reviews/CEMEX-Construction-Materials-South-Revised-Technical-Review-Doc-Apr-2013.pdf
05_Air_Quality_Permit_95OPBO082,Permits_and_Technical_Reviews,CEMEX-Construction-Materials-South-Revised-Technical-Review-Doc-Feb-2017.pdf,2017-00-00,Document,95OPBO082 (air permit),pdf,05_Air_Quality_Permit_95OPBO082/Permits_and_Technical_Reviews/CEMEX-Construction-Materials-South-Revised-Technical-Review-Doc-Feb-2017.pdf
05_Air_Quality_Permit_95OPBO082,Permits_and_Technical_Reviews,CEMEX-Construction-Materials-South-Revised-Technical-Review-Doc-Jan-2002.pdf,2002-00-00,Document,95OPBO082 (air permit),pdf,05_Air_Quality_Permit_95OPBO082/Permits_and_Technical_Reviews/CEMEX-Construction-Materials-South-Revised-Technical-Review-Doc-Jan-2002.pdf
05_Air_Quality_Permit_95OPBO082,Permits_and_Technical_Reviews,CEMEX-Construction-Materials-South-Revised-Technical-Review-Doc-Oct-2002.pdf,2002-00-00,Document,95OPBO082 (air permit),pdf,05_Air_Quality_Permit_95OPBO082/Permits_and_Technical_Reviews/CEMEX-Construction-Materials-South-Revised-Technical-Review-Doc-Oct-2002.pdf
05_Air_Quality_Permit_95OPBO082,Permits_and_Technical_Reviews,CEMEX-Construction-Materials-South-Technical-Review-Doc.pdf,,Document,95OPBO082 (air permit),pdf,05_Air_Quality_Permit_95OPBO082/Permits_and_Technical_Reviews/CEMEX-Construction-Materials-South-Technical-Review-Doc.pdf
06_Boulder_County_Land_Use,Comprehensive_Plan_and_IGAs,Exhibit A Lyons Comprehensive Plan.pdf,,Document,,pdf,06_Boulder_County_Land_Use/Comprehensive_Plan_and_IGAs/Exhibit A Lyons Comprehensive Plan.pdf
06_Boulder_County_Land_Use,Comprehensive_Plan_and_IGAs,Exhibit B LPPAMP.pdf,,Document,,pdf,06_Boulder_County_Land_Use/Comprehensive_Plan_and_IGAs/Exhibit B LPPAMP.pdf
06_Boulder_County_Land_Use,Comprehensive_Plan_and_IGAs,Exhibit C LPPAMP Maps.pdf,,Document,,pdf,06_Boulder_County_Land_Use/Comprehensive_Plan_and_IGAs/Exhibit C LPPAMP Maps.pdf
06_Boulder_County_Land_Use,Comprehensive_Plan_and_IGAs,Exhibit D CEMEX IGA.pdf,,Document,,pdf,06_Boulder_County_Land_Use/Comprehensive_Plan_and_IGAs/Exhibit D CEMEX IGA.pdf
06_Boulder_County_Land_Use,Comprehensive_Plan_and_IGAs,Exhibit E CEMEX IGA Map.pdf,,Document,,pdf,06_Boulder_County_Land_Use/Comprehensive_Plan_and_IGAs/Exhibit E CEMEX IGA Map.pdf
06_Boulder_County_Land_Use,Comprehensive_Plan_and_IGAs,Exhibit F C-T IGA.pdf,,Document,,pdf,06_Boulder_County_Land_Use/Comprehensive_Plan_and_IGAs/Exhibit F C-T IGA.pdf
06_Boulder_County_Land_Use,Comprehensive_Plan_and_IGAs,Exhibit G IGA Map.pdf,,Document,,pdf,06_Boulder_County_Land_Use/Comprehensive_Plan_and_IGAs/Exhibit G IGA Map.pdf
06_Boulder_County_Land_Use,Land_Use_Code,"Boulder County Land Use Code Article 4, updated March 29, 2022.pdf",2022-03-29,Document,,pdf,"06_Boulder_County_Land_Use/Land_Use_Code/Boulder County Land Use Code Article 4, updated March 29, 2022.pdf"
06_Boulder_County_Land_Use,Land_Use_Code,"Boulder County Land Use Code Article 4, updated March 29, 2022__1.pdf",2022-03-29,Document,,pdf,"06_Boulder_County_Land_Use/Land_Use_Code/Boulder County Land Use Code Article 4, updated March 29, 2022__1.pdf"
06_Boulder_County_Land_Use,Land_Use_Code,"Floodplain District - Boulder County Land Use Code, updated March 29, 2022.pdf",2022-03-29,Document,,pdf,"06_Boulder_County_Land_Use/Land_Use_Code/Floodplain District - Boulder County Land Use Code, updated March 29, 2022.pdf"
06_Boulder_County_Land_Use,Land_Use_Code,"Outdoor Lighting - Boulder County Land Use Code, updated March 29, 2022.pdf",2022-03-29,Document,,pdf,"06_Boulder_County_Land_Use/Land_Use_Code/Outdoor Lighting - Boulder County Land Use Code, updated March 29, 2022.pdf"
06_Boulder_County_Land_Use,Land_Use_Code,Recreation Uses - 4-510.pdf,,Document,,pdf,06_Boulder_County_Land_Use/Land_Use_Code/Recreation Uses - 4-510.pdf
06_Boulder_County_Land_Use,Land_Use_Code,lc_land_use_code_-_effective_nov_6_2023_clean.pdf,,Document,,pdf,06_Boulder_County_Land_Use/Land_Use_Code/lc_land_use_code_-_effective_nov_6_2023_clean.pdf
06_Boulder_County_Land_Use,Lyons_Area_Rezoning_Z-23-0002,Z-23-0002 Lyons Comprehensive Rezoning_Packet PC 2.21.2024.pdf,2024-02-21,Document,Z-23-0002,pdf,06_Boulder_County_Land_Use/Lyons_Area_Rezoning_Z-23-0002/Z-23-0002 Lyons Comprehensive Rezoning_Packet PC 2.21.2024.pdf
06_Boulder_County_Land_Use,SU-22-0003,5D - Caribou Easement.pdf,,Document,SU-22-0003,pdf,06_Boulder_County_Land_Use/SU-22-0003/5D - Caribou Easement.pdf
06_Boulder_County_Land_Use,SU-22-0003,BL - Thoughts on CEMEX Letter.docx,,Letter,SU-22-0003,docx,06_Boulder_County_Land_Use/SU-22-0003/BL - Thoughts on CEMEX Letter.docx
06_Boulder_County_Land_Use,SU-22-0003,BoCo Planning Commission Talking Points 8.17.22.xlsx,2022-08-17,Talking points,SU-22-0003,xlsx,06_Boulder_County_Land_Use/SU-22-0003/BoCo Planning Commission Talking Points 8.17.22.xlsx
06_Boulder_County_Land_Use,SU-22-0003,BoCo Planning Commission Talking Points 9.1.22.docx,2022-09-01,Talking points,SU-22-0003,docx,06_Boulder_County_Land_Use/SU-22-0003/BoCo Planning Commission Talking Points 9.1.22.docx
06_Boulder_County_Land_Use,SU-22-0003,BoCo Planning Commission Talking Points 9.1.22.xlsx,2022-09-01,Talking points,SU-22-0003,xlsx,06_Boulder_County_Land_Use/SU-22-0003/BoCo Planning Commission Talking Points 9.1.22.xlsx
06_Boulder_County_Land_Use,SU-22-0003,CEMEX Permit Application Questions and Concerns.docx,,Permit,SU-22-0003,docx,06_Boulder_County_Land_Use/SU-22-0003/CEMEX Permit Application Questions and Concerns.docx
06_Boulder_County_Land_Use,SU-22-0003,CEMEX Response to Town of Lyons Comments (8.4.22) executed.pdf,2022-08-04,Document,SU-22-0003,pdf,06_Boulder_County_Land_Use/SU-22-0003/CEMEX Response to Town of Lyons Comments (8.4.22) executed.pdf
06_Boulder_County_Land_Use,SU-22-0003,Dale Case - Questions re Dowe Flats.pdf,,Document,SU-22-0003,pdf,06_Boulder_County_Land_Use/SU-22-0003/Dale Case - Questions re Dowe Flats.pdf
06_Boulder_County_Land_Use,SU-22-0003,McCurry_Dowe-Flats_SU-22-0003_Comments_09-09-22draft.docx,,Document,SU-22-0003,docx,06_Boulder_County_Land_Use/SU-22-0003/McCurry_Dowe-Flats_SU-22-0003_Comments_09-09-22draft.docx
06_Boulder_County_Land_Use,SU-22-0003,"OSCAR - Climate, Emissions, Equity impacts of CEMEX - FINAL.pdf",,Document,SU-22-0003,pdf,"06_Boulder_County_Land_Use/SU-22-0003/OSCAR - Climate, Emissions, Equity impacts of CEMEX - FINAL.pdf"
06_Boulder_County_Land_Use,SU-22-0003,Planning Commission Talking Points.docx,,Talking points,SU-22-0003,docx,06_Boulder_County_Land_Use/SU-22-0003/Planning Commission Talking Points.docx
06_Boulder_County_Land_Use,SU-22-0003,Public Comments Sep 7th to 14th.pdf,,Document,SU-22-0003,pdf,06_Boulder_County_Land_Use/SU-22-0003/Public Comments Sep 7th to 14th.pdf
06_Boulder_County_Land_Use,SU-22-0003,Redlined Staff Packet - 8.17.2022.pdf,2022-08-17,Staff packet,SU-22-0003,pdf,06_Boulder_County_Land_Use/SU-22-0003/Redlined Staff Packet - 8.17.2022.pdf
06_Boulder_County_Land_Use,SU-22-0003,Redlined Staff Recommendation.pdf,,Staff recommendation,SU-22-0003,pdf,06_Boulder_County_Land_Use/SU-22-0003/Redlined Staff Recommendation.pdf
06_Boulder_County_Land_Use,SU-22-0003,Sep 1st Memo.pdf,,Memo,SU-22-0003,pdf,06_Boulder_County_Land_Use/SU-22-0003/Sep 1st Memo.pdf
06_Boulder_County_Land_Use,SU-22-0003,Spruce Gulch CE Acquisition.pdf,,Document,SU-22-0003,pdf,06_Boulder_County_Land_Use/SU-22-0003/Spruce Gulch CE Acquisition.pdf
06_Boulder_County_Land_Use,SU-22-0003,Town of Lyons Response - SU-22-0003.pdf,,Document,SU-22-0003,pdf,06_Boulder_County_Land_Use/SU-22-0003/Town of Lyons Response - SU-22-0003.pdf
06_Boulder_County_Land_Use,SU-22-0003,resolution 2022-075 CEMEX Dowe Flats Mining and Reclamation Extension (SU-22-0003).pdf,2022-00-00,Reclamation,SU-22-0003,pdf,06_Boulder_County_Land_Use/SU-22-0003/resolution 2022-075 CEMEX Dowe Flats Mining and Reclamation Extension (SU-22-0003).pdf
06_Boulder_County_Land_Use,SU-22-0003,st-vrain-trail-master-plan.pdf,,Document,SU-22-0003,pdf,06_Boulder_County_Land_Use/SU-22-0003/st-vrain-trail-master-plan.pdf
06_Boulder_County_Land_Use,SU-22-0003,su-22-0003-1-mile-apo-list (1).pdf,,Document,SU-22-0003,pdf,06_Boulder_County_Land_Use/SU-22-0003/su-22-0003-1-mile-apo-list (1).pdf
06_Boulder_County_Land_Use,SU-22-0003,su-22-0003-bocc-staff-recommendation-packet-20220914.pdf,,Document,SU-22-0003,pdf,06_Boulder_County_Land_Use/SU-22-0003/su-22-0003-bocc-staff-recommendation-packet-20220914.pdf
06_Boulder_County_Land_Use,SU-22-0003,su-22-0003-staff-recommendation-packet.pdf,,Document,SU-22-0003,pdf,06_Boulder_County_Land_Use/SU-22-0003/su-22-0003-staff-recommendation-packet.pdf
06_Boulder_County_Land_Use,SU-22-0003,su-22-0003-staff-recommendation-packet__1.pdf,,Document,SU-22-0003,pdf,06_Boulder_County_Land_Use/SU-22-0003/su-22-0003-staff-recommendation-packet__1.pdf
06_Boulder_County_Land_Use,ZON-23-0003_Structural_Enlargement,2024-11-07 Cemex letter to BOCO.pdf,2024-11-07,Letter,ZON-23-0003,pdf,06_Boulder_County_Land_Use/ZON-23-0003_Structural_Enlargement/2024-11-07 Cemex letter to BOCO.pdf
06_Boulder_County_Land_Use,ZON-23-0003_Structural_Enlargement,Ex. A - 2024-05-09 Cemex letter to BOCO.pdf,2024-05-09,Letter,ZON-23-0003,pdf,06_Boulder_County_Land_Use/ZON-23-0003_Structural_Enlargement/Ex. A - 2024-05-09 Cemex letter to BOCO.pdf
06_Boulder_County_Land_Use,ZON-23-0003_Structural_Enlargement,Ex. B - Citizens Complaints.pdf,,Pleading,ZON-23-0003,pdf,06_Boulder_County_Land_Use/ZON-23-0003_Structural_Enlargement/Ex. B - Citizens Complaints.pdf
06_Boulder_County_Land_Use,ZON-23-0003_Structural_Enlargement,Ex. C - Stantec Report.pdf,,Report,ZON-23-0003,pdf,06_Boulder_County_Land_Use/ZON-23-0003_Structural_Enlargement/Ex. C - Stantec Report.pdf
06_Boulder_County_Land_Use,ZON-23-0003_Structural_Enlargement,Ex. D - Landis Report Final signed.pdf,,Report,ZON-23-0003,pdf,06_Boulder_County_Land_Use/ZON-23-0003_Structural_Enlargement/Ex. D - Landis Report Final signed.pdf
06_Boulder_County_Land_Use,ZON-23-0003_Structural_Enlargement,Gmail - Truck traffic figures - 1998 - ZON-23-0003.pdf,1998-00-00,Email,ZON-23-0003,pdf,06_Boulder_County_Land_Use/ZON-23-0003_Structural_Enlargement/Gmail - Truck traffic figures - 1998 - ZON-23-0003.pdf
06_Boulder_County_Land_Use,ZON-23-0003_Structural_Enlargement,Gmail - ZON-23-003 - Reporting Discrepancies.pdf,,Report,ZON-23-0003,pdf,06_Boulder_County_Land_Use/ZON-23-0003_Structural_Enlargement/Gmail - ZON-23-003 - Reporting Discrepancies.pdf
07_EPA_Clean_Air_Act_Case,Background,BoCo Community Planning.png,,Image,,png,07_EPA_Clean_Air_Act_Case/Background/BoCo Community Planning.png
07_EPA_Clean_Air_Act_Case,Background,CemexUpsets-Dec05-1a.jpeg,,Image,,jpeg,07_EPA_Clean_Air_Act_Case/Background/CemexUpsets-Dec05-1a.jpeg
07_EPA_Clean_Air_Act_Case,Background,Oxygen Enrichment - Cement Review - May 2001.pdf,2001-05-00,Document,,pdf,07_EPA_Clean_Air_Act_Case/Background/Oxygen Enrichment - Cement Review - May 2001.pdf
07_EPA_Clean_Air_Act_Case,Background,cemex_petition2008.pdf,,Document,,pdf,07_EPA_Clean_Air_Act_Case/Background/cemex_petition2008.pdf
07_EPA_Clean_Air_Act_Case,Background,oxygenenrichmentatcemex-130424035523-phpapp01 (1).pdf,,Document,,pdf,07_EPA_Clean_Air_Act_Case/Background/oxygenenrichmentatcemex-130424035523-phpapp01 (1).pdf
07_EPA_Clean_Air_Act_Case,Consent_Decree_2013,2013 - CEMEX Lyons - Consent Decree with EPA.pdf,2013-00-00,Consent decree,,pdf,07_EPA_Clean_Air_Act_Case/Consent_Decree_2013/2013 - CEMEX Lyons - Consent Decree with EPA.pdf
07_EPA_Clean_Air_Act_Case,Exhibits,03912300137.pdf,,Document,,pdf,07_EPA_Clean_Air_Act_Case/Exhibits/03912300137.pdf
07_EPA_Clean_Air_Act_Case,Exhibits,03913501309.pdf,,Document,,pdf,07_EPA_Clean_Air_Act_Case/Exhibits/03913501309.pdf
07_EPA_Clean_Air_Act_Case,Exhibits,03913501322.pdf,,Document,,pdf,07_EPA_Clean_Air_Act_Case/Exhibits/03913501322.pdf
07_EPA_Clean_Air_Act_Case,Exhibits,03913713203.pdf,,Document,,pdf,07_EPA_Clean_Air_Act_Case/Exhibits/03913713203.pdf
07_EPA_Clean_Air_Act_Case,Exhibits,03913713204.pdf,,Document,,pdf,07_EPA_Clean_Air_Act_Case/Exhibits/03913713204.pdf
07_EPA_Clean_Air_Act_Case,Exhibits,03913713205.pdf,,Document,,pdf,07_EPA_Clean_Air_Act_Case/Exhibits/03913713205.pdf
07_EPA_Clean_Air_Act_Case,Exhibits,03913713206 - Modifications.pdf,,Document,,pdf,07_EPA_Clean_Air_Act_Case/Exhibits/03913713206 - Modifications.pdf
07_EPA_Clean_Air_Act_Case,Exhibits,03913713208 - Mods and Year.pdf,,Document,,pdf,07_EPA_Clean_Air_Act_Case/Exhibits/03913713208 - Mods and Year.pdf
07_EPA_Clean_Air_Act_Case,Exhibits,03914235244.pdf,,Document,,pdf,07_EPA_Clean_Air_Act_Case/Exhibits/03914235244.pdf
07_EPA_Clean_Air_Act_Case,Exhibits,Exhibit 7 - Patent - 03913713209.pdf,,Document,,pdf,07_EPA_Clean_Air_Act_Case/Exhibits/Exhibit 7 - Patent - 03913713209.pdf
07_EPA_Clean_Air_Act_Case,Exhibits,Exhibit 9 - 03913713211.pdf,,Document,,pdf,07_EPA_Clean_Air_Act_Case/Exhibits/Exhibit 9 - 03913713211.pdf
07_EPA_Clean_Air_Act_Case,Exhibits,Fox - 03913501316.pdf,,Document,,pdf,07_EPA_Clean_Air_Act_Case/Exhibits/Fox - 03913501316.pdf
07_EPA_Clean_Air_Act_Case,Expert_Reports_and_Depositions,Deposition of John Lohr - 03913713207.pdf,,Deposition,,pdf,07_EPA_Clean_Air_Act_Case/Expert_Reports_and_Depositions/Deposition of John Lohr - 03913713207.pdf
07_EPA_Clean_Air_Act_Case,Expert_Reports_and_Depositions,Expert - CEMEX - Davis - 03913501313.pdf,,Expert report,,pdf,07_EPA_Clean_Air_Act_Case/Expert_Reports_and_Depositions/Expert - CEMEX - Davis - 03913501313.pdf
07_EPA_Clean_Air_Act_Case,Expert_Reports_and_Depositions,Expert - CEMEX - Hofmann - 03913501314.pdf,,Expert report,,pdf,07_EPA_Clean_Air_Act_Case/Expert_Reports_and_Depositions/Expert - CEMEX - Hofmann - 03913501314.pdf
07_EPA_Clean_Air_Act_Case,Expert_Reports_and_Depositions,Expert Report - CEMEX - Young - 03913501315.pdf,,Report,,pdf,07_EPA_Clean_Air_Act_Case/Expert_Reports_and_Depositions/Expert Report - CEMEX - Young - 03913501315.pdf
07_EPA_Clean_Air_Act_Case,Expert_Reports_and_Depositions,Greer - 03913501319.pdf,,Document,,pdf,07_EPA_Clean_Air_Act_Case/Expert_Reports_and_Depositions/Greer - 03913501319.pdf
07_EPA_Clean_Air_Act_Case,Expert_Reports_and_Depositions,Greer Expert Testimony -03913501312.pdf,,Expert report,,pdf,07_EPA_Clean_Air_Act_Case/Expert_Reports_and_Depositions/Greer Expert Testimony -03913501312.pdf
07_EPA_Clean_Air_Act_Case,Expert_Reports_and_Depositions,US Expert Report - Fox - 03913501311.pdf,,Report,,pdf,07_EPA_Clean_Air_Act_Case/Expert_Reports_and_Depositions/US Expert Report - Fox - 03913501311.pdf
07_EPA_Clean_Air_Act_Case,Expert_Reports_and_Depositions,Venner Expert Report - 03913501320.pdf,,Report,,pdf,07_EPA_Clean_Air_Act_Case/Expert_Reports_and_Depositions/Venner Expert Report - 03913501320.pdf
07_EPA_Clean_Air_Act_Case,Expert_Reports_and_Depositions,Westline - Expert Report - 03913501321.pdf,,Report,,pdf,07_EPA_Clean_Air_Act_Case/Expert_Reports_and_Depositions/Westline - Expert Report - 03913501321.pdf
07_EPA_Clean_Air_Act_Case,Pleadings_and_Filings,Amended Complaint - 2009.03.11.pdf,2009-00-00,Pleading,,pdf,07_EPA_Clean_Air_Act_Case/Pleadings_and_Filings/Amended Complaint - 2009.03.11.pdf
07_EPA_Clean_Air_Act_Case,Pleadings_and_Filings,CEMEX Response to Amended Complaint - 03912187831.pdf,,Pleading,,pdf,07_EPA_Clean_Air_Act_Case/Pleadings_and_Filings/CEMEX Response to Amended Complaint - 03912187831.pdf
07_EPA_Clean_Air_Act_Case,Pleadings_and_Filings,CM_ECF - U.S. District Court_cod - attorneys list.pdf,,Document,,pdf,07_EPA_Clean_Air_Act_Case/Pleadings_and_Filings/CM_ECF - U.S. District Court_cod - attorneys list.pdf
07_EPA_Clean_Air_Act_Case,Pleadings_and_Filings,CM_ECF - U.S. District Court_cod - documentspdf.pdf,,Document,,pdf,07_EPA_Clean_Air_Act_Case/Pleadings_and_Filings/CM_ECF - U.S. District Court_cod - documentspdf.pdf
07_EPA_Clean_Air_Act_Case,Pleadings_and_Filings,CM_ECF - U.S. District Court_cod.pdf,,Document,,pdf,07_EPA_Clean_Air_Act_Case/Pleadings_and_Filings/CM_ECF - U.S. District Court_cod.pdf
07_EPA_Clean_Air_Act_Case,Pleadings_and_Filings,"EPA Response to CEMEX_s Motion to Dismiss, 03912270095.pdf",,Pleading,,pdf,"07_EPA_Clean_Air_Act_Case/Pleadings_and_Filings/EPA Response to CEMEX_s Motion to Dismiss, 03912270095.pdf"
07_EPA_Clean_Air_Act_Case,Pleadings_and_Filings,Orig Complaint - 2009.01.06.pdf,2009-00-00,Pleading,,pdf,07_EPA_Clean_Air_Act_Case/Pleadings_and_Filings/Orig Complaint - 2009.01.06.pdf
07_EPA_Clean_Air_Act_Case,Pleadings_and_Filings,Transript on Motion Hearing - 03914098733.pdf,,Pleading,,pdf,07_EPA_Clean_Air_Act_Case/Pleadings_and_Filings/Transript on Motion Hearing - 03914098733.pdf
07_EPA_Clean_Air_Act_Case,Pleadings_and_Filings,US Motion for Partial Summary Judgement - 03913713202.pdf,,Pleading,,pdf,07_EPA_Clean_Air_Act_Case/Pleadings_and_Filings/US Motion for Partial Summary Judgement - 03913713202.pdf
08_Operational_History_and_Traffic,,CEMEX LTR of Termination ZON_23_0003 (2).pdf,,Document,,pdf,08_Operational_History_and_Traffic/CEMEX LTR of Termination ZON_23_0003 (2).pdf
08_Operational_History_and_Traffic,,CEMEX Lyons Access TIS - Appendices (1).pdf,,Document,,pdf,08_Operational_History_and_Traffic/CEMEX Lyons Access TIS - Appendices (1).pdf
08_Operational_History_and_Traffic,,CEMEX aerial photos EXCEL.xlsx,,Spreadsheet,,xlsx,08_Operational_History_and_Traffic/CEMEX aerial photos EXCEL.xlsx
08_Operational_History_and_Traffic,,CEMEX airphoto study report 2025.pages,2025-00-00,Report,,pages,08_Operational_History_and_Traffic/CEMEX airphoto study report 2025.pages
08_Operational_History_and_Traffic,,CEMEX airphoto study report 2025.pdf,2025-00-00,Report,,pdf,08_Operational_History_and_Traffic/CEMEX airphoto study report 2025.pdf
08_Operational_History_and_Traffic,,Original Traffic Study - CEMEX Lyons Access TIS - Final_09.01.2023 (1).pdf,2023-00-00,Document,,pdf,08_Operational_History_and_Traffic/Original Traffic Study - CEMEX Lyons Access TIS - Final_09.01.2023 (1).pdf
08_Operational_History_and_Traffic,,Silican Quarry  - DRMS 1977 Permit - PERMFILE63800.pdf,1977-00-00,Permit,,pdf,08_Operational_History_and_Traffic/Silican Quarry  - DRMS 1977 Permit - PERMFILE63800.pdf
08_Operational_History_and_Traffic,1994_Operational_Baseline,013-0003-003_1991 INSP RPT__2 15 1991 (1).pdf,1991-00-00,Inspection,,pdf,08_Operational_History_and_Traffic/1994_Operational_Baseline/013-0003-003_1991 INSP RPT__2 15 1991 (1).pdf
08_Operational_History_and_Traffic,1994_Operational_Baseline,"013-0095_1985 INSP RPT_C12,444_2 12 1985.pdf",1985-00-00,Inspection,,pdf,"08_Operational_History_and_Traffic/1994_Operational_Baseline/013-0095_1985 INSP RPT_C12,444_2 12 1985.pdf"
08_Operational_History_and_Traffic,1994_Operational_Baseline,013-0095_1985 INSP RPT__6 17 1985.pdf,1985-00-00,Inspection,,pdf,08_Operational_History_and_Traffic/1994_Operational_Baseline/013-0095_1985 INSP RPT__6 17 1985.pdf
08_Operational_History_and_Traffic,1994_Operational_Baseline,"013-0095_1986 INSP RPT_C-12,441_2 12 1986.pdf",1986-00-00,Inspection,,pdf,"08_Operational_History_and_Traffic/1994_Operational_Baseline/013-0095_1986 INSP RPT_C-12,441_2 12 1986.pdf"
08_Operational_History_and_Traffic,1994_Operational_Baseline,"013-0095_1987 INSP RPT_C12,444_10 16 1987.pdf",1987-00-00,Inspection,,pdf,"08_Operational_History_and_Traffic/1994_Operational_Baseline/013-0095_1987 INSP RPT_C12,444_10 16 1987.pdf"
08_Operational_History_and_Traffic,1994_Operational_Baseline,013-0095_1990 INSP RPT SUPP DOCS__12 19 1990.pdf,1990-00-00,Inspection,,pdf,08_Operational_History_and_Traffic/1994_Operational_Baseline/013-0095_1990 INSP RPT SUPP DOCS__12 19 1990.pdf
08_Operational_History_and_Traffic,1994_Operational_Baseline,013-0314_1978 INSP RPT__11 2 1978.pdf,1978-00-00,Inspection,,pdf,08_Operational_History_and_Traffic/1994_Operational_Baseline/013-0314_1978 INSP RPT__11 2 1978.pdf
08_Operational_History_and_Traffic,1994_Operational_Baseline,013-0314_1979 INSP RPT__10 24 1979.pdf,1979-00-00,Inspection,,pdf,08_Operational_History_and_Traffic/1994_Operational_Baseline/013-0314_1979 INSP RPT__10 24 1979.pdf
08_Operational_History_and_Traffic,1994_Operational_Baseline,013-0314_1979 INSP RPT__3 12 1979.pdf,1979-00-00,Inspection,,pdf,08_Operational_History_and_Traffic/1994_Operational_Baseline/013-0314_1979 INSP RPT__3 12 1979.pdf
08_Operational_History_and_Traffic,1994_Operational_Baseline,013-0314_1979 INSP RPT__4 12 1979.pdf,1979-00-00,Inspection,,pdf,08_Operational_History_and_Traffic/1994_Operational_Baseline/013-0314_1979 INSP RPT__4 12 1979.pdf
08_Operational_History_and_Traffic,1994_Operational_Baseline,013-0314_1979 INSP RPT__7 13 1979.pdf,1979-00-00,Inspection,,pdf,08_Operational_History_and_Traffic/1994_Operational_Baseline/013-0314_1979 INSP RPT__7 13 1979.pdf
08_Operational_History_and_Traffic,1994_Operational_Baseline,013-0314_1980 INSP RPT__12 2 1980.pdf,1980-00-00,Inspection,,pdf,08_Operational_History_and_Traffic/1994_Operational_Baseline/013-0314_1980 INSP RPT__12 2 1980.pdf
08_Operational_History_and_Traffic,1994_Operational_Baseline,013-0314_1980 INSP RPT__4 3 1980.pdf,1980-00-00,Inspection,,pdf,08_Operational_History_and_Traffic/1994_Operational_Baseline/013-0314_1980 INSP RPT__4 3 1980.pdf
08_Operational_History_and_Traffic,1994_Operational_Baseline,013-0314_1980 INSP RPT__9 8 1980.pdf,1980-00-00,Inspection,,pdf,08_Operational_History_and_Traffic/1994_Operational_Baseline/013-0314_1980 INSP RPT__9 8 1980.pdf
08_Operational_History_and_Traffic,1994_Operational_Baseline,"013-0314_1982 INSP RPT_C12,444_12 7 1982.pdf",1982-00-00,Inspection,,pdf,"08_Operational_History_and_Traffic/1994_Operational_Baseline/013-0314_1982 INSP RPT_C12,444_12 7 1982.pdf"
08_Operational_History_and_Traffic,1994_Operational_Baseline,013-0314_1982 INSP RPT__3 16 1982.pdf,1982-00-00,Inspection,,pdf,08_Operational_History_and_Traffic/1994_Operational_Baseline/013-0314_1982 INSP RPT__3 16 1982.pdf
08_Operational_History_and_Traffic,1994_Operational_Baseline,"013-0314_1983 INSP RPT_C12,444-1_12 9 1983.pdf",1983-00-00,Inspection,,pdf,"08_Operational_History_and_Traffic/1994_Operational_Baseline/013-0314_1983 INSP RPT_C12,444-1_12 9 1983.pdf"
08_Operational_History_and_Traffic,1994_Operational_Baseline,013-0314_1983 INSP RPT__10 17 1983.pdf,1983-00-00,Inspection,,pdf,08_Operational_History_and_Traffic/1994_Operational_Baseline/013-0314_1983 INSP RPT__10 17 1983.pdf
08_Operational_History_and_Traffic,1994_Operational_Baseline,"013-0314_1984 INSP RPT_C12,144_3 19 1984.pdf",1984-00-00,Inspection,,pdf,"08_Operational_History_and_Traffic/1994_Operational_Baseline/013-0314_1984 INSP RPT_C12,144_3 19 1984.pdf"
08_Operational_History_and_Traffic,1994_Operational_Baseline,013-0314_1984 INSP RPT__5 14 1984 (1).pdf,1984-00-00,Inspection,,pdf,08_Operational_History_and_Traffic/1994_Operational_Baseline/013-0314_1984 INSP RPT__5 14 1984 (1).pdf
08_Operational_History_and_Traffic,1994_Operational_Baseline,1993 - Plutonium - Health and Safety.pdf,1993-00-00,Document,,pdf,08_Operational_History_and_Traffic/1994_Operational_Baseline/1993 - Plutonium - Health and Safety.pdf
08_Operational_History_and_Traffic,1994_Operational_Baseline,2016 - Review of Dowe Flats - PC Staff Recommendation (1).pdf,2016-00-00,Staff recommendation,,pdf,08_Operational_History_and_Traffic/1994_Operational_Baseline/2016 - Review of Dowe Flats - PC Staff Recommendation (1).pdf
08_Operational_History_and_Traffic,1994_Operational_Baseline,Boulder County Health Department - Annual Report for 1993 - GNL - Exhibit A.pdf,1993-00-00,Report,,pdf,08_Operational_History_and_Traffic/1994_Operational_Baseline/Boulder County Health Department - Annual Report for 1993 - GNL - Exhibit A.pdf
08_Operational_History_and_Traffic,1994_Operational_Baseline,Boulder County Health Department - Annual Report for 1994 -  GNL - Exhibit B.pdf,1994-00-00,Report,,pdf,08_Operational_History_and_Traffic/1994_Operational_Baseline/Boulder County Health Department - Annual Report for 1994 -  GNL - Exhibit B.pdf
08_Operational_History_and_Traffic,Amicus_Brief_2024,2024.07.09 - GNL Letter to D. Case re ZON-23-0003.pdf,2024-00-00,Letter,ZON-23-0003,pdf,08_Operational_History_and_Traffic/Amicus_Brief_2024/2024.07.09 - GNL Letter to D. Case re ZON-23-0003.pdf
08_Operational_History_and_Traffic,Amicus_Brief_2024,2024.12.20 - SOSVV & GNL Letter re ZON-23-0003.pdf,2024-00-00,Letter,ZON-23-0003,pdf,08_Operational_History_and_Traffic/Amicus_Brief_2024/2024.12.20 - SOSVV & GNL Letter re ZON-23-0003.pdf
08_Operational_History_and_Traffic,Amicus_Brief_2024,Ex. A.pdf,,Document,,pdf,08_Operational_History_and_Traffic/Amicus_Brief_2024/Ex. A.pdf
08_Operational_History_and_Traffic,Amicus_Brief_2024,GNL - Exhibit C.pdf,,Document,,pdf,08_Operational_History_and_Traffic/Amicus_Brief_2024/GNL - Exhibit C.pdf
08_Operational_History_and_Traffic,Amicus_Brief_2024,GNL - Exhibit D.pdf,,Document,,pdf,08_Operational_History_and_Traffic/Amicus_Brief_2024/GNL - Exhibit D.pdf
08_Operational_History_and_Traffic,CDPHE_Air_Inspection_Reports,013-0003-001_2012 INSP RPT_05BO0703_8_21_2012.pdf,,Inspection,,pdf,08_Operational_History_and_Traffic/CDPHE_Air_Inspection_Reports/013-0003-001_2012 INSP RPT_05BO0703_8_21_2012.pdf
08_Operational_History_and_Traffic,CDPHE_Air_Inspection_Reports,013-0003-001_2016 INSP RPT_05BO0703_10_20_2016.pdf,,Inspection,,pdf,08_Operational_History_and_Traffic/CDPHE_Air_Inspection_Reports/013-0003-001_2016 INSP RPT_05BO0703_10_20_2016.pdf
08_Operational_History_and_Traffic,CDPHE_Air_Inspection_Reports,013-0003-001_2021 INSP RPT_95OPBO082_8_25_2021.pdf,,Inspection,95OPBO082 (air permit),pdf,08_Operational_History_and_Traffic/CDPHE_Air_Inspection_Reports/013-0003-001_2021 INSP RPT_95OPBO082_8_25_2021.pdf
08_Operational_History_and_Traffic,CDPHE_Air_Inspection_Reports,013-0003-001_2022 INSP RPT_95OPBO082_9_21_2022.pdf,,Inspection,95OPBO082 (air permit),pdf,08_Operational_History_and_Traffic/CDPHE_Air_Inspection_Reports/013-0003-001_2022 INSP RPT_95OPBO082_9_21_2022.pdf
08_Operational_History_and_Traffic,CDPHE_Air_Inspection_Reports,013-0003-017_2015 INSP RPT_95OPBO082_11_5_2015.pdf,,Inspection,95OPBO082 (air permit),pdf,08_Operational_History_and_Traffic/CDPHE_Air_Inspection_Reports/013-0003-017_2015 INSP RPT_95OPBO082_11_5_2015.pdf
08_Operational_History_and_Traffic,CDPHE_Air_Inspection_Reports,013-0003_2010 INSP RPT_95OPBO082_9_16_2010.pdf,,Inspection,95OPBO082 (air permit),pdf,08_Operational_History_and_Traffic/CDPHE_Air_Inspection_Reports/013-0003_2010 INSP RPT_95OPBO082_9_16_2010.pdf
08_Operational_History_and_Traffic,CDPHE_Air_Inspection_Reports,013-0003_2011 INSP RPT SUPP DOCS_95OPBO082_9_1_2011.pdf,,Inspection,95OPBO082 (air permit),pdf,08_Operational_History_and_Traffic/CDPHE_Air_Inspection_Reports/013-0003_2011 INSP RPT SUPP DOCS_95OPBO082_9_1_2011.pdf
08_Operational_History_and_Traffic,CDPHE_Air_Inspection_Reports,013-0003_2013 INSP RPT__8_20_2013.pdf,,Inspection,,pdf,08_Operational_History_and_Traffic/CDPHE_Air_Inspection_Reports/013-0003_2013 INSP RPT__8_20_2013.pdf
08_Operational_History_and_Traffic,CDPHE_Air_Inspection_Reports,013-0003_2014 INSP RPT__10_10_2014.pdf,,Inspection,,pdf,08_Operational_History_and_Traffic/CDPHE_Air_Inspection_Reports/013-0003_2014 INSP RPT__10_10_2014.pdf
08_Operational_History_and_Traffic,CDPHE_Air_Inspection_Reports,013-0003_2017 INSP RPT_95OPBO082_4_27_2017.pdf,,Inspection,95OPBO082 (air permit),pdf,08_Operational_History_and_Traffic/CDPHE_Air_Inspection_Reports/013-0003_2017 INSP RPT_95OPBO082_4_27_2017.pdf
08_Operational_History_and_Traffic,CDPHE_Air_Inspection_Reports,013-0003_2018 INSP RPT_95OPBO082_11_8_2018.pdf,,Inspection,95OPBO082 (air permit),pdf,08_Operational_History_and_Traffic/CDPHE_Air_Inspection_Reports/013-0003_2018 INSP RPT_95OPBO082_11_8_2018.pdf
08_Operational_History_and_Traffic,CDPHE_Air_Inspection_Reports,013-0003_2019 INSP RPT_95OPBO082_1_25_2019.pdf,,Inspection,95OPBO082 (air permit),pdf,08_Operational_History_and_Traffic/CDPHE_Air_Inspection_Reports/013-0003_2019 INSP RPT_95OPBO082_1_25_2019.pdf
08_Operational_History_and_Traffic,CDPHE_Air_Inspection_Reports,013-0003_2020 INSP RPT_95OPBO082_8_4_2020.pdf,,Inspection,95OPBO082 (air permit),pdf,08_Operational_History_and_Traffic/CDPHE_Air_Inspection_Reports/013-0003_2020 INSP RPT_95OPBO082_8_4_2020.pdf
08_Operational_History_and_Traffic,CEMEX_Responses,CEMEX - Lyons Letter May 9th 2024.pdf,2024-00-00,Letter,,pdf,08_Operational_History_and_Traffic/CEMEX_Responses/CEMEX - Lyons Letter May 9th 2024.pdf
08_Operational_History_and_Traffic,CEMEX_Responses,CX Letter to BOCO 3.24.23.pdf,2023-03-24,Letter,,pdf,08_Operational_History_and_Traffic/CEMEX_Responses/CX Letter to BOCO 3.24.23.pdf
08_Operational_History_and_Traffic,CEMEX_Responses,Ex. D - Landis Report Final signed.pdf,,Report,,pdf,08_Operational_History_and_Traffic/CEMEX_Responses/Ex. D - Landis Report Final signed.pdf
08_Operational_History_and_Traffic,CEMEX_Responses,Response to BOCO Oct 2023 letter.pdf,2023-10-00,Letter,,pdf,08_Operational_History_and_Traffic/CEMEX_Responses/Response to BOCO Oct 2023 letter.pdf
08_Operational_History_and_Traffic,Front_Range_Cement_Terminals,Bennett_Denver_Terminal_Origin_2026-09-26.md,2026-09-26,Analysis,AIRS 001-2353 (Bennett terminal),md,08_Operational_History_and_Traffic/Front_Range_Cement_Terminals/Bennett_Denver_Terminal_Origin_2026-09-26.md
08_Operational_History_and_Traffic,Front_Range_Cement_Terminals,Eagle_Mountain_Cement_Colorado_Terminal_Timing_2026-09-26.md,2026-09-26,Analysis,AIRS 031-0178 (Mountain Cement Denver),md,08_Operational_History_and_Traffic/Front_Range_Cement_Terminals/Eagle_Mountain_Cement_Colorado_Terminal_Timing_2026-09-26.md
08_Operational_History_and_Traffic,Front_Range_Cement_Terminals,Front_Range_Cement_Terminals_2026-09-26.md,2026-09-26,Analysis,Colorado cement terminals,md,08_Operational_History_and_Traffic/Front_Range_Cement_Terminals/Front_Range_Cement_Terminals_2026-09-26.md
08_Operational_History_and_Traffic,Front_Range_Cement_Terminals,README.md,,Document,Colorado cement terminals,md,08_Operational_History_and_Traffic/Front_Range_Cement_Terminals/README.md
08_Operational_History_and_Traffic,Front_Range_Cement_Terminals/NorCo_Evans_Terminal,2024-12-03_CDPHE_OnBase_COR425765_NORCO_Terminal_record.pdf,2024-12-03,Permit,"NorCo terminal (Mountain Cement, Evans)",pdf,08_Operational_History_and_Traffic/Front_Range_Cement_Terminals/NorCo_Evans_Terminal/2024-12-03_CDPHE_OnBase_COR425765_NORCO_Terminal_record.pdf
08_Operational_History_and_Traffic,Front_Range_Cement_Terminals/NorCo_Evans_Terminal,2026-01-14_Weld_Assessor_Photo_R8992497_silos.jpg,2026-01-14,Photo,"NorCo terminal (Mountain Cement, Evans)",jpg,08_Operational_History_and_Traffic/Front_Range_Cement_Terminals/NorCo_Evans_Terminal/2026-01-14_Weld_Assessor_Photo_R8992497_silos.jpg
08_Operational_History_and_Traffic,Front_Range_Cement_Terminals/NorCo_Evans_Terminal,2026-06-02_Weld_Assessor_Sketch_R8992497_Imp1_building_2121sf.jpg,2026-06-02,Sketch,"NorCo terminal (Mountain Cement, Evans)",jpg,08_Operational_History_and_Traffic/Front_Range_Cement_Terminals/NorCo_Evans_Terminal/2026-06-02_Weld_Assessor_Sketch_R8992497_Imp1_building_2121sf.jpg
08_Operational_History_and_Traffic,Front_Range_Cement_Terminals/NorCo_Evans_Terminal,2026-06-02_Weld_Assessor_Sketch_R8992497_Imp2_silo_40ft_3000t.jpg,2026-06-02,Sketch,"NorCo terminal (Mountain Cement, Evans)",jpg,08_Operational_History_and_Traffic/Front_Range_Cement_Terminals/NorCo_Evans_Terminal/2026-06-02_Weld_Assessor_Sketch_R8992497_Imp2_silo_40ft_3000t.jpg
08_Operational_History_and_Traffic,Front_Range_Cement_Terminals/NorCo_Evans_Terminal,2026-06-02_Weld_Assessor_Sketch_R8992497_Imp4_silo_32ft_1200t.jpg,2026-06-02,Sketch,"NorCo terminal (Mountain Cement, Evans)",jpg,08_Operational_History_and_Traffic/Front_Range_Cement_Terminals/NorCo_Evans_Terminal/2026-06-02_Weld_Assessor_Sketch_R8992497_Imp4_silo_32ft_1200t.jpg
08_Operational_History_and_Traffic,Front_Range_Cement_Terminals/NorCo_Evans_Terminal,2026-06-03_Weld_Assessor_Photo_R8992497_building.jpg,2026-06-03,Photo,"NorCo terminal (Mountain Cement, Evans)",jpg,08_Operational_History_and_Traffic/Front_Range_Cement_Terminals/NorCo_Evans_Terminal/2026-06-03_Weld_Assessor_Photo_R8992497_building.jpg
08_Operational_History_and_Traffic,Front_Range_Cement_Terminals/NorCo_Evans_Terminal,2026-07-21_EPS_ROW_Dedication_Request_Case_26-AP-01.pdf,2026-07-21,Letter,"NorCo terminal (Mountain Cement, Evans)",pdf,08_Operational_History_and_Traffic/Front_Range_Cement_Terminals/NorCo_Evans_Terminal/2026-07-21_EPS_ROW_Dedication_Request_Case_26-AP-01.pdf
08_Operational_History_and_Traffic,Front_Range_Cement_Terminals/NorCo_Evans_Terminal,2026-08-18_Evans_Council_Minutes_excerpt_MCC_items.pdf,2026-08-18,Minutes,"NorCo terminal (Mountain Cement, Evans)",pdf,08_Operational_History_and_Traffic/Front_Range_Cement_Terminals/NorCo_Evans_Terminal/2026-08-18_Evans_Council_Minutes_excerpt_MCC_items.pdf
08_Operational_History_and_Traffic,Front_Range_Cement_Terminals/NorCo_Evans_Terminal,2026-08-18_Evans_Development_Agreement_MCC_Transloading_Facility_NorCo_Terminal.pdf,2026-08-18,Agreement,"NorCo terminal (Mountain Cement, Evans)",pdf,08_Operational_History_and_Traffic/Front_Range_Cement_Terminals/NorCo_Evans_Terminal/2026-08-18_Evans_Development_Agreement_MCC_Transloading_Facility_NorCo_Terminal.pdf
08_Operational_History_and_Traffic,Front_Range_Cement_Terminals/NorCo_Evans_Terminal,2026-08-18_Evans_Draft_MCC_Minor_Subdivision_First_Replat.pdf,2026-08-18,Plat,"NorCo terminal (Mountain Cement, Evans)",pdf,08_Operational_History_and_Traffic/Front_Range_Cement_Terminals/NorCo_Evans_Terminal/2026-08-18_Evans_Draft_MCC_Minor_Subdivision_First_Replat.pdf
08_Operational_History_and_Traffic,Front_Range_Cement_Terminals/NorCo_Evans_Terminal,2026-08-18_Evans_Ordinance_869-26_ROW_MCC_First_Replat.pdf,2026-08-18,Ordinance,"NorCo terminal (Mountain Cement, Evans)",pdf,08_Operational_History_and_Traffic/Front_Range_Cement_Terminals/NorCo_Evans_Terminal/2026-08-18_Evans_Ordinance_869-26_ROW_MCC_First_Replat.pdf
08_Operational_History_and_Traffic,Front_Range_Cement_Terminals/NorCo_Evans_Terminal,2026-08-18_Evans_Staff_Report_MCC_Development_Agreement.pdf,2026-08-18,Staff report,"NorCo terminal (Mountain Cement, Evans)",pdf,08_Operational_History_and_Traffic/Front_Range_Cement_Terminals/NorCo_Evans_Terminal/2026-08-18_Evans_Staff_Report_MCC_Development_Agreement.pdf
08_Operational_History_and_Traffic,Front_Range_Cement_Terminals/NorCo_Evans_Terminal,2026-08-18_Evans_Staff_Report_Ord_869-26_ROW_MCC_First_Replat_1st_Reading.pdf,2026-08-18,Staff report,"NorCo terminal (Mountain Cement, Evans)",pdf,08_Operational_History_and_Traffic/Front_Range_Cement_Terminals/NorCo_Evans_Terminal/2026-08-18_Evans_Staff_Report_Ord_869-26_ROW_MCC_First_Replat_1st_Reading.pdf
08_Operational_History_and_Traffic,Front_Range_Cement_Terminals/NorCo_Evans_Terminal,2026-09-01_Evans_Council_Minutes_excerpt_Ord_869-26.pdf,2026-09-01,Minutes,"NorCo terminal (Mountain Cement, Evans)",pdf,08_Operational_History_and_Traffic/Front_Range_Cement_Terminals/NorCo_Evans_Terminal/2026-09-01_Evans_Council_Minutes_excerpt_Ord_869-26.pdf
08_Operational_History_and_Traffic,Front_Range_Cement_Terminals/NorCo_Evans_Terminal,2026-09-01_Evans_Staff_Report_Ord_869-26_2nd_Reading.pdf,2026-09-01,Staff report,"NorCo terminal (Mountain Cement, Evans)",pdf,08_Operational_History_and_Traffic/Front_Range_Cement_Terminals/NorCo_Evans_Terminal/2026-09-01_Evans_Staff_Report_Ord_869-26_2nd_Reading.pdf
08_Operational_History_and_Traffic,Front_Range_Cement_Terminals/NorCo_Evans_Terminal,2026-10-06_Public_Records_Extract_Weld_Assessor_and_EPA_ECHO.md,2026-10-06,Data,"NorCo terminal (Mountain Cement, Evans)",md,08_Operational_History_and_Traffic/Front_Range_Cement_Terminals/NorCo_Evans_Terminal/2026-10-06_Public_Records_Extract_Weld_Assessor_and_EPA_ECHO.md
08_Operational_History_and_Traffic,Front_Range_Cement_Terminals/NorCo_Evans_Terminal,README.md,,Document,"NorCo terminal (Mountain Cement, Evans)",md,08_Operational_History_and_Traffic/Front_Range_Cement_Terminals/NorCo_Evans_Terminal/README.md
08_Operational_History_and_Traffic,GNL_Submissions_to_County,CEMEX Plant Upgrade Research 08.2023 - Google Docs.pdf,2023-00-00,Document,,pdf,08_Operational_History_and_Traffic/GNL_Submissions_to_County/CEMEX Plant Upgrade Research 08.2023 - Google Docs.pdf
08_Operational_History_and_Traffic,GNL_Submissions_to_County,The 1997-2000 Lyons Plant Expansion Project w Links Working.pdf,1997-00-00,Document,,pdf,08_Operational_History_and_Traffic/GNL_Submissions_to_County/The 1997-2000 Lyons Plant Expansion Project w Links Working.pdf
08_Operational_History_and_Traffic,GNL_Submissions_to_County,sarahlorang_e_mail_4_11_23.pdf,,Document,,pdf,08_Operational_History_and_Traffic/GNL_Submissions_to_County/sarahlorang_e_mail_4_11_23.pdf
08_Operational_History_and_Traffic,Historical_Data,CEMEX Historical Data.xlsx,,Spreadsheet,,xlsx,08_Operational_History_and_Traffic/Historical_Data/CEMEX Historical Data.xlsx
08_Operational_History_and_Traffic,Historical_Data,MJC CEMEX.xlsx,,Spreadsheet,,xlsx,08_Operational_History_and_Traffic/Historical_Data/MJC CEMEX.xlsx
08_Operational_History_and_Traffic,Historical_Data,PT0658_Wyoming_Traffic_Calculations.csv,,Data,PT0658 (Wyoming),csv,08_Operational_History_and_Traffic/Historical_Data/PT0658_Wyoming_Traffic_Calculations.csv
08_Operational_History_and_Traffic,MSHA_Federal_Mine_Safety_Record,MSHA_0500344_accident_records_2015-2026_narratives_omitted_for_injuries.csv,,Data,MSHA 0500344 (Lyons plant),csv,08_Operational_History_and_Traffic/MSHA_Federal_Mine_Safety_Record/MSHA_0500344_accident_records_2015-2026_narratives_omitted_for_injuries.csv
08_Operational_History_and_Traffic,MSHA_Federal_Mine_Safety_Record,MSHA_0500344_assessed_penalties_2015-2026.csv,,Data,MSHA 0500344 (Lyons plant),csv,08_Operational_History_and_Traffic/MSHA_Federal_Mine_Safety_Record/MSHA_0500344_assessed_penalties_2015-2026.csv
08_Operational_History_and_Traffic,MSHA_Federal_Mine_Safety_Record,MSHA_0500344_enforcement_summary_by_year_2015-2026.csv,,Data,MSHA 0500344 (Lyons plant),csv,08_Operational_History_and_Traffic/MSHA_Federal_Mine_Safety_Record/MSHA_0500344_enforcement_summary_by_year_2015-2026.csv
08_Operational_History_and_Traffic,MSHA_Federal_Mine_Safety_Record,MSHA_0500344_inspections_2015-2026.csv,,Data,MSHA 0500344 (Lyons plant),csv,08_Operational_History_and_Traffic/MSHA_Federal_Mine_Safety_Record/MSHA_0500344_inspections_2015-2026.csv
08_Operational_History_and_Traffic,MSHA_Federal_Mine_Safety_Record,MSHA_0500344_quarterly_employment_2000-2026Q2.csv,,Data,MSHA 0500344 (Lyons plant),csv,08_Operational_History_and_Traffic/MSHA_Federal_Mine_Safety_Record/MSHA_0500344_quarterly_employment_2000-2026Q2.csv
08_Operational_History_and_Traffic,MSHA_Federal_Mine_Safety_Record,MSHA_0500344_quarterly_employment_chart.png,,Image,MSHA 0500344 (Lyons plant),png,08_Operational_History_and_Traffic/MSHA_Federal_Mine_Safety_Record/MSHA_0500344_quarterly_employment_chart.png
08_Operational_History_and_Traffic,MSHA_Federal_Mine_Safety_Record,MSHA_0500344_violations_2015-2026.csv,,Data,MSHA 0500344 (Lyons plant),csv,08_Operational_History_and_Traffic/MSHA_Federal_Mine_Safety_Record/MSHA_0500344_violations_2015-2026.csv
08_Operational_History_and_Traffic,MSHA_Federal_Mine_Safety_Record,MSHA_Lyons_Employment_and_Enforcement_Analysis_2026-09-26.md,2026-09-26,Analysis,MSHA 0500344 (Lyons plant),md,08_Operational_History_and_Traffic/MSHA_Federal_Mine_Safety_Record/MSHA_Lyons_Employment_and_Enforcement_Analysis_2026-09-26.md
09_Correspondence,County_and_Commissioners,1-2-3 mile concentric rings map_20220718.pdf,,Document,,pdf,09_Correspondence/County_and_Commissioners/1-2-3 mile concentric rings map_20220718.pdf
09_Correspondence,County_and_Commissioners,BOCO COMM CEMEX LETTER.pdf,,Letter,,pdf,09_Correspondence/County_and_Commissioners/BOCO COMM CEMEX LETTER.pdf
09_Correspondence,County_and_Commissioners,CEMEX Plant Upgrade Research 08.2023 - Google Docs.pdf,2023-00-00,Document,,pdf,09_Correspondence/County_and_Commissioners/CEMEX Plant Upgrade Research 08.2023 - Google Docs.pdf
09_Correspondence,County_and_Commissioners,Letter to Dale Case & Commissioners.docx,,Letter,,docx,09_Correspondence/County_and_Commissioners/Letter to Dale Case & Commissioners.docx
09_Correspondence,County_and_Commissioners,Lyons Letter May 9th.pdf,,Letter,,pdf,09_Correspondence/County_and_Commissioners/Lyons Letter May 9th.pdf
09_Correspondence,County_and_Commissioners,bartlorange_mail_9_2_23.pdf,,Document,,pdf,09_Correspondence/County_and_Commissioners/bartlorange_mail_9_2_23.pdf
09_Correspondence,DRMS,2022-08-24_GENERAL DOCUMENTS - M1977208.pdf,2022-08-24,Document,M-1977-208 (Lyons mine),pdf,09_Correspondence/DRMS/2022-08-24_GENERAL DOCUMENTS - M1977208.pdf
09_Correspondence,DRMS,2023-03-02_INSPECTION - M1977208.pdf,2023-03-02,Inspection,M-1977-208 (Lyons mine),pdf,09_Correspondence/DRMS/2023-03-02_INSPECTION - M1977208.pdf
09_Correspondence,DRMS,Amy Email 1 - Question on M1977-208 Inspection Report.pdf,,Inspection,,pdf,09_Correspondence/DRMS/Amy Email 1 - Question on M1977-208 Inspection Report.pdf
09_Correspondence,DRMS,Amy Email 2 - Question on M1977-208 Inspection Report.pdf,,Inspection,,pdf,09_Correspondence/DRMS/Amy Email 2 - Question on M1977-208 Inspection Report.pdf
09_Correspondence,DRMS,DRMS Letter to Boulder County 8.29.2022.pdf,2022-08-29,Letter,,pdf,09_Correspondence/DRMS/DRMS Letter to Boulder County 8.29.2022.pdf
09_Correspondence,DRMS,M1977208_TR18_DRMS_M_New Revision Application_FORM_55733.pdf,,Revision,M-1977-208 (Lyons mine),pdf,09_Correspondence/DRMS/M1977208_TR18_DRMS_M_New Revision Application_FORM_55733.pdf
09_Correspondence,DRMS,MINERAL RULES AND REGULATIONS FOR THE EXTRACTION OF CONSTRUCTION MATERIALS 7-15-19.pdf,2019-07-15,Document,,pdf,09_Correspondence/DRMS/MINERAL RULES AND REGULATIONS FOR THE EXTRACTION OF CONSTRUCTION MATERIALS 7-15-19.pdf
09_Correspondence,DRMS,Notes from 7-15-22 call with Amy Eschberger.docx,2022-07-15,Document,,docx,09_Correspondence/DRMS/Notes from 7-15-22 call with Amy Eschberger.docx
09_Correspondence,DRMS,Response_M1977208_CT3_5.pdf,,Document,M-1977-208 (Lyons mine),pdf,09_Correspondence/DRMS/Response_M1977208_CT3_5.pdf
09_Correspondence,Zoning_ZON-23-0003,Gmail - Status of Zoning Investigation.pdf,,Email,ZON-23-0003,pdf,09_Correspondence/Zoning_ZON-23-0003/Gmail - Status of Zoning Investigation.pdf
11_Reference_and_Research,Cement_Kiln_Dust,cement-kiln-dust-2017.pdf,2017-00-00,Document,,pdf,11_Reference_and_Research/Cement_Kiln_Dust/cement-kiln-dust-2017.pdf
11_Reference_and_Research,Comparison_Plants,062413_Port-Citrus-Feasibility-Study-Task-Area-1-Report_FINAL..pdf,,Report,,pdf,11_Reference_and_Research/Comparison_Plants/062413_Port-Citrus-Feasibility-Study-Task-Area-1-Report_FINAL..pdf
11_Reference_and_Research,Comparison_Plants,Fact Check - Alabama Cement Plant That Trucks In Limestone from 470 Miles Away.pdf,,Document,,pdf,11_Reference_and_Research/Comparison_Plants/Fact Check - Alabama Cement Plant That Trucks In Limestone from 470 Miles Away.pdf
11_Reference_and_Research,Comparison_Plants,Holcim Theodore Plant Crystal River Limestone Fact Sheet.pdf,,Document,,pdf,11_Reference_and_Research/Comparison_Plants/Holcim Theodore Plant Crystal River Limestone Fact Sheet.pdf
11_Reference_and_Research,Comparison_Plants,Impact of Distance of Quarries to Demand - Spain.pdf,,Document,,pdf,11_Reference_and_Research/Comparison_Plants/Impact of Distance of Quarries to Demand - Spain.pdf
11_Reference_and_Research,Comparison_Plants/Penalties_vs_US_Cement_Portfolio,Lyons_Penalties_vs_US_Portfolio_2020-2026.csv,2026-09-26,Data,013-0003 (Lyons plant),csv,11_Reference_and_Research/Comparison_Plants/Penalties_vs_US_Cement_Portfolio/Lyons_Penalties_vs_US_Portfolio_2020-2026.csv
11_Reference_and_Research,Comparison_Plants/Penalties_vs_US_Cement_Portfolio,Lyons_Penalties_vs_US_Portfolio_2020-2026.md,2026-09-26,Analysis,013-0003 (Lyons plant),md,11_Reference_and_Research/Comparison_Plants/Penalties_vs_US_Cement_Portfolio/Lyons_Penalties_vs_US_Portfolio_2020-2026.md
11_Reference_and_Research,Emissions_and_Health,declaration-cargill.pdf,,Document,,pdf,11_Reference_and_Research/Emissions_and_Health/declaration-cargill.pdf
11_Reference_and_Research,Emissions_and_Health,ej_eip_kilns_web.pdf,,Document,,pdf,11_Reference_and_Research/Emissions_and_Health/ej_eip_kilns_web.pdf
11_Reference_and_Research,Historical,Colorado Geological Survey SP-05AB.pdf,,Document,,pdf,11_Reference_and_Research/Historical/Colorado Geological Survey SP-05AB.pdf
11_Reference_and_Research,Historical,Colorado Mineral Activites 2019-2020.pdf,2019-00-00,Document,,pdf,11_Reference_and_Research/Historical/Colorado Mineral Activites 2019-2020.pdf
11_Reference_and_Research,Historical,Southdown News 1998.pdf,1998-00-00,Document,,pdf,11_Reference_and_Research/Historical/Southdown News 1998.pdf
11_Reference_and_Research,Legal_Reference_Unsafe_Structures,1994-11-03_Hibbard_v_County_of_Adams_900_P2d_1254_Colo_App.txt,1994-11-03,Opinion,Case law,txt,11_Reference_and_Research/Legal_Reference_Unsafe_Structures/1994-11-03_Hibbard_v_County_of_Adams_900_P2d_1254_Colo_App.txt
11_Reference_and_Research,Legal_Reference_Unsafe_Structures,1994-12-19_State_Dept_of_Health_v_The_Mill_887_P2d_993_Colo.txt,1994-12-19,Opinion,Case law,txt,11_Reference_and_Research/Legal_Reference_Unsafe_Structures/1994-12-19_State_Dept_of_Health_v_The_Mill_887_P2d_993_Colo.txt
11_Reference_and_Research,Legal_Reference_Unsafe_Structures,1996-06-17_County_of_Adams_v_Hibbard_918_P2d_212_Colo.txt,1996-06-17,Opinion,Case law,txt,11_Reference_and_Research/Legal_Reference_Unsafe_Structures/1996-06-17_County_of_Adams_v_Hibbard_918_P2d_212_Colo.txt
11_Reference_and_Research,Legal_Reference_Unsafe_Structures,1999-02-18_Gold_Vein_LLC_v_City_of_Cripple_Creek_973_P2d_1286_Colo_App.txt,1999-02-18,Opinion,Case law,txt,11_Reference_and_Research/Legal_Reference_Unsafe_Structures/1999-02-18_Gold_Vein_LLC_v_City_of_Cripple_Creek_973_P2d_1286_Colo_App.txt
11_Reference_and_Research,Legal_Reference_Unsafe_Structures,2023-12-01_Bruce_v_Ogden_City_No_22-4114_10th_Cir_unpublished.pdf,2023-12-01,Opinion,Case law,pdf,11_Reference_and_Research/Legal_Reference_Unsafe_Structures/2023-12-01_Bruce_v_Ogden_City_No_22-4114_10th_Cir_unpublished.pdf
12_Presentations,,Analysis_of_Plant_Traffic_Appeal.png,,Image,,png,12_Presentations/Analysis_of_Plant_Traffic_Appeal.png
12_Presentations,,CEMEX_Lyons_Nonconforming_Use_Legal_Brief_Public.pdf,,Document,,pdf,12_Presentations/CEMEX_Lyons_Nonconforming_Use_Legal_Brief_Public.pdf
12_Presentations,,CEMEX_Lyons_Nonconforming_Use_Legal_Brief_Public.pptx,,Presentation,,pptx,12_Presentations/CEMEX_Lyons_Nonconforming_Use_Legal_Brief_Public.pptx
12_Presentations,,CEMEX_Lyons_Reverse_Rescission_Traffic_Brief.pdf,,Document,,pdf,12_Presentations/CEMEX_Lyons_Reverse_Rescission_Traffic_Brief.pdf
12_Presentations,,CEMEX_Lyons_Reverse_Rescission_Traffic_Brief.pptx,,Presentation,,pptx,12_Presentations/CEMEX_Lyons_Reverse_Rescission_Traffic_Brief.pptx
12_Presentations,,CEMEX_Rescission_Appeal.mp4,,Video,,mp4,12_Presentations/CEMEX_Rescission_Appeal.mp4
12_Presentations,,CEMEX_Rescission_Appeal.pdf,,Document,,pdf,12_Presentations/CEMEX_Rescission_Appeal.pdf
12_Presentations,,The_Fight_to_Close_CEMEX_Lyons.m4a,,Audio,,m4a,12_Presentations/The_Fight_to_Close_CEMEX_Lyons.m4a
13_2026_Plant_Status_and_Layoffs,,2026-09_to_2026-10_Plant_Status_Timeline.md,2026-09-00,Timeline,M-1977-208 (Lyons mine),md,13_2026_Plant_Status_and_Layoffs/2026-09_to_2026-10_Plant_Status_Timeline.md
13_2026_Plant_Status_and_Layoffs,Public_Records_Monitoring_Log,Public_Records_Monitoring_Log_2026-09-25_to_2026-10-01.md,2026-09-25,Log,M-1977-208 (Lyons mine),md,13_2026_Plant_Status_and_Layoffs/Public_Records_Monitoring_Log/Public_Records_Monitoring_Log_2026-09-25_to_2026-10-01.md
14_Fire_Protection_and_Building_Safety,County_Building_and_Unsafe_Structure_Rules,2019-06-18_Boulder_County_Land_Use_Code_Article_14_Rubbish_Weeds_Unsafe_Structure.pdf,2019-06-18,Code,Boulder County,pdf,14_Fire_Protection_and_Building_Safety/County_Building_and_Unsafe_Structure_Rules/2019-06-18_Boulder_County_Land_Use_Code_Article_14_Rubbish_Weeds_Unsafe_Structure.pdf
14_Fire_Protection_and_Building_Safety,County_Building_and_Unsafe_Structure_Rules,2025-03-31_Boulder_County_Building_Code_2021_Amendments_Res_2025-012.pdf,2025-03-31,Code,Boulder County,pdf,14_Fire_Protection_and_Building_Safety/County_Building_and_Unsafe_Structure_Rules/2025-03-31_Boulder_County_Building_Code_2021_Amendments_Res_2025-012.pdf
14_Fire_Protection_and_Building_Safety,County_Building_and_Unsafe_Structure_Rules,2026-01-15_BOCC_Staff_Report_DC-25-0003_Land_Use_Code_Text_Amendments_pp1-45.pdf,2026-01-15,Staff report,DC-25-0003 (Boulder County),pdf,14_Fire_Protection_and_Building_Safety/County_Building_and_Unsafe_Structure_Rules/2026-01-15_BOCC_Staff_Report_DC-25-0003_Land_Use_Code_Text_Amendments_pp1-45.pdf
14_Fire_Protection_and_Building_Safety,Fire_Code_Adoptions,2014-04-10_Boulder_County_Res_2014-28_Hygiene_FPD_2012_IFC.pdf,2014-04-10,Resolution,Hygiene FPD,pdf,14_Fire_Protection_and_Building_Safety/Fire_Code_Adoptions/2014-04-10_Boulder_County_Res_2014-28_Hygiene_FPD_2012_IFC.pdf
14_Fire_Protection_and_Building_Safety,Fire_Code_Adoptions,2021-09-16_Boulder_County_Res_2021-71_Lyons_FPD_2015_IFC.pdf,2021-09-16,Resolution,Lyons FPD,pdf,14_Fire_Protection_and_Building_Safety/Fire_Code_Adoptions/2021-09-16_Boulder_County_Res_2021-71_Lyons_FPD_2015_IFC.pdf
14_Fire_Protection_and_Building_Safety,Fire_Code_Adoptions,2023-04-17_Lyons_FPD_Res_2023-003_2021_IFC_and_Amendments_Town_of_Lyons_packet.pdf,2023-04-17,Resolution,Lyons FPD,pdf,14_Fire_Protection_and_Building_Safety/Fire_Code_Adoptions/2023-04-17_Lyons_FPD_Res_2023-003_2021_IFC_and_Amendments_Town_of_Lyons_packet.pdf
14_Fire_Protection_and_Building_Safety,Fire_Code_Adoptions,2023-04-17_Town_of_Lyons_Res_2023-23_2021_IFC.pdf,2023-04-17,Resolution,Lyons FPD,pdf,14_Fire_Protection_and_Building_Safety/Fire_Code_Adoptions/2023-04-17_Town_of_Lyons_Res_2023-23_2021_IFC.pdf
14_Fire_Protection_and_Building_Safety,Fire_Code_Adoptions,2023-05-23_FCRC_Staff_Report_FCRC-23-0001_Lyons_FPD_and_FCRC-23-0002.pdf,2023-05-23,Staff report,FCRC-23-0001 (Lyons FPD),pdf,14_Fire_Protection_and_Building_Safety/Fire_Code_Adoptions/2023-05-23_FCRC_Staff_Report_FCRC-23-0001_Lyons_FPD_and_FCRC-23-0002.pdf
14_Fire_Protection_and_Building_Safety,Fire_District_Jurisdiction,2023-06-22_BOCC_FCRC_Staff_Packet_Lyons_FPD_items_pp1-78_incl_boundary_map_p70.pdf,2023-06-22,Staff packet,FCRC-23-0001 (Lyons FPD),pdf,14_Fire_Protection_and_Building_Safety/Fire_District_Jurisdiction/2023-06-22_BOCC_FCRC_Staff_Packet_Lyons_FPD_items_pp1-78_incl_boundary_map_p70.pdf
14_Fire_Protection_and_Building_Safety,Fire_District_Jurisdiction,2023-06-22_Lyons_FPD_Boundary_Map_dated_2020-02-27_packet_p70.png,2023-06-22,Image,Lyons FPD,png,14_Fire_Protection_and_Building_Safety/Fire_District_Jurisdiction/2023-06-22_Lyons_FPD_Boundary_Map_dated_2020-02-27_packet_p70.png
14_Fire_Protection_and_Building_Safety,Fire_District_Jurisdiction,2023-06-22_Lyons_FPD_Boundary_Map_p70_crop_east_of_US36.png,2023-06-22,Image,Lyons FPD,png,14_Fire_Protection_and_Building_Safety/Fire_District_Jurisdiction/2023-06-22_Lyons_FPD_Boundary_Map_p70_crop_east_of_US36.png
14_Fire_Protection_and_Building_Safety,Fire_District_Jurisdiction,2025-10-03_MSHA_Accident_Record_220253170469_Lyons_Coal_Mill_Fire.csv,2025-10-03,Data,MSHA 0500344 (Lyons plant),csv,14_Fire_Protection_and_Building_Safety/Fire_District_Jurisdiction/2025-10-03_MSHA_Accident_Record_220253170469_Lyons_Coal_Mill_Fire.csv
14_Fire_Protection_and_Building_Safety,Fire_District_Jurisdiction,2025_Boulder_County_Mill_Levy_Extract_Tax_Areas_2801_2806_2875.csv,2025-00-00,Data,Boulder County,csv,14_Fire_Protection_and_Building_Safety/Fire_District_Jurisdiction/2025_Boulder_County_Mill_Levy_Extract_Tax_Areas_2801_2806_2875.csv
14_Fire_Protection_and_Building_Safety,Fire_District_Jurisdiction,Boulder_County_Assessor_Extract_CEMEX_Plant_Parcel_Tax_Areas_2026-09-23.csv,2026-09-23,Data,Boulder County,csv,14_Fire_Protection_and_Building_Safety/Fire_District_Jurisdiction/Boulder_County_Assessor_Extract_CEMEX_Plant_Parcel_Tax_Areas_2026-09-23.csv
14_Fire_Protection_and_Building_Safety,Hygiene_FPD_Board_Minutes,HFPD_Board_Minutes_2024-06-12.pdf,2024-06-12,Minutes,Hygiene FPD,pdf,14_Fire_Protection_and_Building_Safety/Hygiene_FPD_Board_Minutes/HFPD_Board_Minutes_2024-06-12.pdf
14_Fire_Protection_and_Building_Safety,Hygiene_FPD_Board_Minutes,HFPD_Board_Minutes_2024-08-14.pdf,2024-08-14,Minutes,Hygiene FPD,pdf,14_Fire_Protection_and_Building_Safety/Hygiene_FPD_Board_Minutes/HFPD_Board_Minutes_2024-08-14.pdf
14_Fire_Protection_and_Building_Safety,Hygiene_FPD_Board_Minutes,HFPD_Board_Minutes_2024-10-09.pdf,2024-10-09,Minutes,Hygiene FPD,pdf,14_Fire_Protection_and_Building_Safety/Hygiene_FPD_Board_Minutes/HFPD_Board_Minutes_2024-10-09.pdf
14_Fire_Protection_and_Building_Safety,Hygiene_FPD_Board_Minutes,HFPD_Board_Minutes_2025-02-12.pdf,2025-02-12,Minutes,Hygiene FPD,pdf,14_Fire_Protection_and_Building_Safety/Hygiene_FPD_Board_Minutes/HFPD_Board_Minutes_2025-02-12.pdf
14_Fire_Protection_and_Building_Safety,Hygiene_FPD_Board_Minutes,HFPD_Board_Minutes_2025-09-10.pdf,2025-09-10,Minutes,Hygiene FPD,pdf,14_Fire_Protection_and_Building_Safety/Hygiene_FPD_Board_Minutes/HFPD_Board_Minutes_2025-09-10.pdf
14_Fire_Protection_and_Building_Safety,Hygiene_FPD_Board_Minutes,HFPD_Board_Minutes_2025-10-08.pdf,2025-10-08,Minutes,Hygiene FPD,pdf,14_Fire_Protection_and_Building_Safety/Hygiene_FPD_Board_Minutes/HFPD_Board_Minutes_2025-10-08.pdf
14_Fire_Protection_and_Building_Safety,Hygiene_FPD_Board_Minutes,HFPD_Board_Minutes_2025-11-12.pdf,2025-11-12,Minutes,Hygiene FPD,pdf,14_Fire_Protection_and_Building_Safety/Hygiene_FPD_Board_Minutes/HFPD_Board_Minutes_2025-11-12.pdf
14_Fire_Protection_and_Building_Safety,Hygiene_FPD_Board_Minutes,HFPD_Board_Minutes_2025-12-10.pdf,2025-12-10,Minutes,Hygiene FPD,pdf,14_Fire_Protection_and_Building_Safety/Hygiene_FPD_Board_Minutes/HFPD_Board_Minutes_2025-12-10.pdf
14_Fire_Protection_and_Building_Safety,Hygiene_FPD_Board_Minutes,HFPD_Board_Minutes_2026-01-14.pdf,2026-01-14,Minutes,Hygiene FPD,pdf,14_Fire_Protection_and_Building_Safety/Hygiene_FPD_Board_Minutes/HFPD_Board_Minutes_2026-01-14.pdf
14_Fire_Protection_and_Building_Safety,Hygiene_FPD_Board_Minutes,HFPD_Board_Minutes_2026-03-11.pdf,2026-03-11,Minutes,Hygiene FPD,pdf,14_Fire_Protection_and_Building_Safety/Hygiene_FPD_Board_Minutes/HFPD_Board_Minutes_2026-03-11.pdf
14_Fire_Protection_and_Building_Safety,Other_Colorado_Examples,2026-03-03_Clear_Creek_County_Res_R-26-24_Unsafe_Structure.pdf,2026-03-03,Resolution,Clear Creek County,pdf,14_Fire_Protection_and_Building_Safety/Other_Colorado_Examples/2026-03-03_Clear_Creek_County_Res_R-26-24_Unsafe_Structure.pdf
14_Fire_Protection_and_Building_Safety,Statutes,CRS_32-1-1002_and_30-15-401(1)(q)_Statute_Text_2024.md,2024-00-00,Statute,C.R.S.,md,14_Fire_Protection_and_Building_Safety/Statutes/CRS_32-1-1002_and_30-15-401(1)(q)_Statute_Text_2024.md
Images,,1-lyonsgoodolddays2small.jpeg,,Image,,jpeg,Images/1-lyonsgoodolddays2small.jpeg
Images,,CEMEX_MJ25516-1.jpg,,Image,,jpg,Images/CEMEX_MJ25516-1.jpg
Images,,DJI_0515 copy.tiff,,Image,,tiff,Images/DJI_0515 copy.tiff
Images,,DJI_0515.DNG,,Image,,dng,Images/DJI_0515.DNG
Images,,"Good+Neighbors+Logo,+Transparent.png",,Image,,png,"Images/Good+Neighbors+Logo,+Transparent.png"
Images,,GoodNeighborsLogo.png,,Image,,png,Images/GoodNeighborsLogo.png
Images,,Time.jpeg,,Image,,jpeg,Images/Time.jpeg
Images,,cemex_lyons.png,,Image,,png,Images/cemex_lyons.png
Images,,cemex_mining.jpeg,,Image,,jpeg,Images/cemex_mining.jpeg
Images,,cemex_mining.png,,Image,,png,Images/cemex_mining.png
Images,,lyons_town.jpeg,,Image,,jpeg,Images/lyons_town.jpeg
Images,,st vrain lyons.jpeg,,Image,,jpeg,Images/st vrain lyons.jpeg
Images,,town_lyons.jpg,,Image,,jpg,Images/town_lyons.jpg
Z_Related_Other_CEMEX_Mines,Arcosa_M1988108,2020-02-28_REVISION - M1988108.pdf,2020-02-28,Revision,M-1988-108 (Arcosa),pdf,Z_Related_Other_CEMEX_Mines/Arcosa_M1988108/2020-02-28_REVISION - M1988108.pdf
Z_Related_Other_CEMEX_Mines,Arcosa_M1988108,Arcosa_Boulder_Shale_to_Lyons_Analysis_2026-09-30.md,2026-09-30,Analysis,M-1988-108 (Arcosa),md,Z_Related_Other_CEMEX_Mines/Arcosa_M1988108/Arcosa_Boulder_Shale_to_Lyons_Analysis_2026-09-30.md
Z_Related_Other_CEMEX_Mines,Arcosa_M1988108,M1988108_21 Nov 29_Annual Report Map (116).pdf,,Report,M-1988-108 (Arcosa),pdf,Z_Related_Other_CEMEX_Mines/Arcosa_M1988108/M1988108_21 Nov 29_Annual Report Map (116).pdf
Z_Related_Other_CEMEX_Mines,Arcosa_M1988108,MSHA_0504415_Arcosa_Boulder_quarterly_hours_employment.csv,,Data,M-1988-108 (Arcosa),csv,Z_Related_Other_CEMEX_Mines/Arcosa_M1988108/MSHA_0504415_Arcosa_Boulder_quarterly_hours_employment.csv
Z_Related_Other_CEMEX_Mines,Larimer_Quarry_M1977341,DRMS Larimer County.pdf,,Document,M-1977-341 (Larimer),pdf,Z_Related_Other_CEMEX_Mines/Larimer_Quarry_M1977341/DRMS Larimer County.pdf
Z_Related_Other_CEMEX_Mines,Larimer_Quarry_M1977341,Larimer_Quarry_Tonnage_Analysis_2026-09-30.csv,2026-09-30,Data,M-1977-341 (Larimer),csv,Z_Related_Other_CEMEX_Mines/Larimer_Quarry_M1977341/Larimer_Quarry_Tonnage_Analysis_2026-09-30.csv
Z_Related_Other_CEMEX_Mines,Larimer_Quarry_M1977341,Larimer_Quarry_Tonnage_Analysis_2026-09-30.md,2026-09-30,Analysis,M-1977-341 (Larimer),md,Z_Related_Other_CEMEX_Mines/Larimer_Quarry_M1977341/Larimer_Quarry_Tonnage_Analysis_2026-09-30.md
Z_Related_Other_CEMEX_Mines,Larimer_Quarry_M1977341/General_Documents,1977-11-10_GENERAL DOCUMENTS - M1977341 (2).pdf,1977-11-10,Document,M-1977-341 (Larimer),pdf,Z_Related_Other_CEMEX_Mines/Larimer_Quarry_M1977341/General_Documents/1977-11-10_GENERAL DOCUMENTS - M1977341 (2).pdf
Z_Related_Other_CEMEX_Mines,Larimer_Quarry_M1977341/General_Documents,1977-11-10_GENERAL DOCUMENTS - M1977341.pdf,1977-11-10,Document,M-1977-341 (Larimer),pdf,Z_Related_Other_CEMEX_Mines/Larimer_Quarry_M1977341/General_Documents/1977-11-10_GENERAL DOCUMENTS - M1977341.pdf
Z_Related_Other_CEMEX_Mines,Larimer_Quarry_M1977341/General_Documents,1983-03-24_GENERAL DOCUMENTS - M1977341.pdf,1983-03-24,Document,M-1977-341 (Larimer),pdf,Z_Related_Other_CEMEX_Mines/Larimer_Quarry_M1977341/General_Documents/1983-03-24_GENERAL DOCUMENTS - M1977341.pdf
Z_Related_Other_CEMEX_Mines,Larimer_Quarry_M1977341/General_Documents,1985-04-07_GENERAL DOCUMENTS - M1977341.pdf,1985-04-07,Document,M-1977-341 (Larimer),pdf,Z_Related_Other_CEMEX_Mines/Larimer_Quarry_M1977341/General_Documents/1985-04-07_GENERAL DOCUMENTS - M1977341.pdf
Z_Related_Other_CEMEX_Mines,Larimer_Quarry_M1977341/General_Documents,1986-01-07_GENERAL DOCUMENTS - M1977341.pdf,1986-01-07,Document,M-1977-341 (Larimer),pdf,Z_Related_Other_CEMEX_Mines/Larimer_Quarry_M1977341/General_Documents/1986-01-07_GENERAL DOCUMENTS - M1977341.pdf
Z_Related_Other_CEMEX_Mines,Larimer_Quarry_M1977341/General_Documents,1986-04-11_GENERAL DOCUMENTS - M1977341 (2).pdf,1986-04-11,Document,M-1977-341 (Larimer),pdf,Z_Related_Other_CEMEX_Mines/Larimer_Quarry_M1977341/General_Documents/1986-04-11_GENERAL DOCUMENTS - M1977341 (2).pdf
Z_Related_Other_CEMEX_Mines,Larimer_Quarry_M1977341/General_Documents,1986-04-11_GENERAL DOCUMENTS - M1977341.pdf,1986-04-11,Document,M-1977-341 (Larimer),pdf,Z_Related_Other_CEMEX_Mines/Larimer_Quarry_M1977341/General_Documents/1986-04-11_GENERAL DOCUMENTS - M1977341.pdf
Z_Related_Other_CEMEX_Mines,Larimer_Quarry_M1977341/General_Documents,1986-05-05_GENERAL DOCUMENTS - M1977341.pdf,1986-05-05,Document,M-1977-341 (Larimer),pdf,Z_Related_Other_CEMEX_Mines/Larimer_Quarry_M1977341/General_Documents/1986-05-05_GENERAL DOCUMENTS - M1977341.pdf
Z_Related_Other_CEMEX_Mines,Larimer_Quarry_M1977341/General_Documents,1986-05-16_GENERAL DOCUMENTS - M1977341.pdf,1986-05-16,Document,M-1977-341 (Larimer),pdf,Z_Related_Other_CEMEX_Mines/Larimer_Quarry_M1977341/General_Documents/1986-05-16_GENERAL DOCUMENTS - M1977341.pdf
Z_Related_Other_CEMEX_Mines,Larimer_Quarry_M1977341/General_Documents,1986-06-12_GENERAL DOCUMENTS - M1977341.pdf,1986-06-12,Document,M-1977-341 (Larimer),pdf,Z_Related_Other_CEMEX_Mines/Larimer_Quarry_M1977341/General_Documents/1986-06-12_GENERAL DOCUMENTS - M1977341.pdf
Z_Related_Other_CEMEX_Mines,Larimer_Quarry_M1977341/General_Documents,1991-04-03_GENERAL DOCUMENTS - M1977341.pdf,1991-04-03,Document,M-1977-341 (Larimer),pdf,Z_Related_Other_CEMEX_Mines/Larimer_Quarry_M1977341/General_Documents/1991-04-03_GENERAL DOCUMENTS - M1977341.pdf
Z_Related_Other_CEMEX_Mines,Larimer_Quarry_M1977341/General_Documents,1993-11-02_GENERAL DOCUMENTS - M1977341.pdf,1993-11-02,Document,M-1977-341 (Larimer),pdf,Z_Related_Other_CEMEX_Mines/Larimer_Quarry_M1977341/General_Documents/1993-11-02_GENERAL DOCUMENTS - M1977341.pdf
Z_Related_Other_CEMEX_Mines,Larimer_Quarry_M1977341/General_Documents,1995-03-13_GENERAL DOCUMENTS - M1977341.pdf,1995-03-13,Document,M-1977-341 (Larimer),pdf,Z_Related_Other_CEMEX_Mines/Larimer_Quarry_M1977341/General_Documents/1995-03-13_GENERAL DOCUMENTS - M1977341.pdf
Z_Related_Other_CEMEX_Mines,Larimer_Quarry_M1977341/General_Documents,1997-07-15_GENERAL DOCUMENTS - M1977341.pdf,1997-07-15,Document,M-1977-341 (Larimer),pdf,Z_Related_Other_CEMEX_Mines/Larimer_Quarry_M1977341/General_Documents/1997-07-15_GENERAL DOCUMENTS - M1977341.pdf
Z_Related_Other_CEMEX_Mines,Larimer_Quarry_M1977341/General_Documents,1999-12-03_GENERAL DOCUMENTS - M1977341.pdf,1999-12-03,Document,M-1977-341 (Larimer),pdf,Z_Related_Other_CEMEX_Mines/Larimer_Quarry_M1977341/General_Documents/1999-12-03_GENERAL DOCUMENTS - M1977341.pdf
Z_Related_Other_CEMEX_Mines,Larimer_Quarry_M1977341/General_Documents,2003-12-02_GENERAL DOCUMENTS - M1977341.pdf,2003-12-02,Document,M-1977-341 (Larimer),pdf,Z_Related_Other_CEMEX_Mines/Larimer_Quarry_M1977341/General_Documents/2003-12-02_GENERAL DOCUMENTS - M1977341.pdf
Z_Related_Other_CEMEX_Mines,Larimer_Quarry_M1977341/General_Documents,2007-01-23_GENERAL DOCUMENTS - M1977341.pdf,2007-01-23,Document,M-1977-341 (Larimer),pdf,Z_Related_Other_CEMEX_Mines/Larimer_Quarry_M1977341/General_Documents/2007-01-23_GENERAL DOCUMENTS - M1977341.pdf
Z_Related_Other_CEMEX_Mines,Larimer_Quarry_M1977341/General_Documents,2007-02-09_GENERAL DOCUMENTS - M1977341.pdf,2007-02-09,Document,M-1977-341 (Larimer),pdf,Z_Related_Other_CEMEX_Mines/Larimer_Quarry_M1977341/General_Documents/2007-02-09_GENERAL DOCUMENTS - M1977341.pdf
Z_Related_Other_CEMEX_Mines,Larimer_Quarry_M1977341/Inspections,1997-01-01_INSPECTION - M1977341.pdf,1997-01-01,Inspection,M-1977-341 (Larimer),pdf,Z_Related_Other_CEMEX_Mines/Larimer_Quarry_M1977341/Inspections/1997-01-01_INSPECTION - M1977341.pdf
Z_Related_Other_CEMEX_Mines,Larimer_Quarry_M1977341/Inspections,1997-05-01_INSPECTION - M1977341.pdf,1997-05-01,Inspection,M-1977-341 (Larimer),pdf,Z_Related_Other_CEMEX_Mines/Larimer_Quarry_M1977341/Inspections/1997-05-01_INSPECTION - M1977341.pdf
Z_Related_Other_CEMEX_Mines,Larimer_Quarry_M1977341/Inspections,1997-05-09_INSPECTION - M1977341.pdf,1997-05-09,Inspection,M-1977-341 (Larimer),pdf,Z_Related_Other_CEMEX_Mines/Larimer_Quarry_M1977341/Inspections/1997-05-09_INSPECTION - M1977341.pdf
Z_Related_Other_CEMEX_Mines,Larimer_Quarry_M1977341/Inspections,1997-05-20_INSPECTION - M1977341.pdf,1997-05-20,Inspection,M-1977-341 (Larimer),pdf,Z_Related_Other_CEMEX_Mines/Larimer_Quarry_M1977341/Inspections/1997-05-20_INSPECTION - M1977341.pdf
Z_Related_Other_CEMEX_Mines,Larimer_Quarry_M1977341/Inspections,1997-05-29_INSPECTION - M1977341.pdf,1997-05-29,Inspection,M-1977-341 (Larimer),pdf,Z_Related_Other_CEMEX_Mines/Larimer_Quarry_M1977341/Inspections/1997-05-29_INSPECTION - M1977341.pdf
Z_Related_Other_CEMEX_Mines,Larimer_Quarry_M1977341/Inspections,2003-12-22_INSPECTION - M1977341.pdf,2003-12-22,Inspection,M-1977-341 (Larimer),pdf,Z_Related_Other_CEMEX_Mines/Larimer_Quarry_M1977341/Inspections/2003-12-22_INSPECTION - M1977341.pdf
Z_Related_Other_CEMEX_Mines,Larimer_Quarry_M1977341/Inspections,2004-04-20_INSPECTION - M1977341.pdf,2004-04-20,Inspection,M-1977-341 (Larimer),pdf,Z_Related_Other_CEMEX_Mines/Larimer_Quarry_M1977341/Inspections/2004-04-20_INSPECTION - M1977341.pdf
Z_Related_Other_CEMEX_Mines,Larimer_Quarry_M1977341/Inspections,2004-09-01_INSPECTION - M1977341.pdf,2004-09-01,Inspection,M-1977-341 (Larimer),pdf,Z_Related_Other_CEMEX_Mines/Larimer_Quarry_M1977341/Inspections/2004-09-01_INSPECTION - M1977341.pdf
Z_Related_Other_CEMEX_Mines,Larimer_Quarry_M1977341/Inspections,2008-06-17_INSPECTION - M1977341.pdf,2008-06-17,Inspection,M-1977-341 (Larimer),pdf,Z_Related_Other_CEMEX_Mines/Larimer_Quarry_M1977341/Inspections/2008-06-17_INSPECTION - M1977341.pdf
Z_Related_Other_CEMEX_Mines,Larimer_Quarry_M1977341/Inspections,_INSPECTION - M1977341 (2).pdf,,Inspection,M-1977-341 (Larimer),pdf,Z_Related_Other_CEMEX_Mines/Larimer_Quarry_M1977341/Inspections/_INSPECTION - M1977341 (2).pdf
Z_Related_Other_CEMEX_Mines,Larimer_Quarry_M1977341/Inspections,_INSPECTION - M1977341 (3).pdf,,Inspection,M-1977-341 (Larimer),pdf,Z_Related_Other_CEMEX_Mines/Larimer_Quarry_M1977341/Inspections/_INSPECTION - M1977341 (3).pdf
Z_Related_Other_CEMEX_Mines,Larimer_Quarry_M1977341/Inspections,_INSPECTION - M1977341 (4).pdf,,Inspection,M-1977-341 (Larimer),pdf,Z_Related_Other_CEMEX_Mines/Larimer_Quarry_M1977341/Inspections/_INSPECTION - M1977341 (4).pdf
Z_Related_Other_CEMEX_Mines,Larimer_Quarry_M1977341/Inspections,_INSPECTION - M1977341 (5).pdf,,Inspection,M-1977-341 (Larimer),pdf,Z_Related_Other_CEMEX_Mines/Larimer_Quarry_M1977341/Inspections/_INSPECTION - M1977341 (5).pdf
Z_Related_Other_CEMEX_Mines,Larimer_Quarry_M1977341/Inspections,_INSPECTION - M1977341 (6).pdf,,Inspection,M-1977-341 (Larimer),pdf,Z_Related_Other_CEMEX_Mines/Larimer_Quarry_M1977341/Inspections/_INSPECTION - M1977341 (6).pdf
Z_Related_Other_CEMEX_Mines,Larimer_Quarry_M1977341/Inspections,_INSPECTION - M1977341.pdf,,Inspection,M-1977-341 (Larimer),pdf,Z_Related_Other_CEMEX_Mines/Larimer_Quarry_M1977341/Inspections/_INSPECTION - M1977341.pdf
Z_Related_Other_CEMEX_Mines,Larimer_Quarry_M1977341/Permit,1977-09-29_PERMIT FILE - M1977341 (2).pdf,1977-09-29,Permit,M-1977-341 (Larimer),pdf,Z_Related_Other_CEMEX_Mines/Larimer_Quarry_M1977341/Permit/1977-09-29_PERMIT FILE - M1977341 (2).pdf
Z_Related_Other_CEMEX_Mines,Larimer_Quarry_M1977341/Permit,1977-09-29_PERMIT FILE - M1977341 (3).pdf,1977-09-29,Permit,M-1977-341 (Larimer),pdf,Z_Related_Other_CEMEX_Mines/Larimer_Quarry_M1977341/Permit/1977-09-29_PERMIT FILE - M1977341 (3).pdf
Z_Related_Other_CEMEX_Mines,Larimer_Quarry_M1977341/Permit,1977-09-29_PERMIT FILE - M1977341 (4).pdf,1977-09-29,Permit,M-1977-341 (Larimer),pdf,Z_Related_Other_CEMEX_Mines/Larimer_Quarry_M1977341/Permit/1977-09-29_PERMIT FILE - M1977341 (4).pdf
Z_Related_Other_CEMEX_Mines,Larimer_Quarry_M1977341/Permit,1977-09-29_PERMIT FILE - M1977341 (5).pdf,1977-09-29,Permit,M-1977-341 (Larimer),pdf,Z_Related_Other_CEMEX_Mines/Larimer_Quarry_M1977341/Permit/1977-09-29_PERMIT FILE - M1977341 (5).pdf
Z_Related_Other_CEMEX_Mines,Larimer_Quarry_M1977341/Permit,1977-09-29_PERMIT FILE - M1977341 (6).pdf,1977-09-29,Permit,M-1977-341 (Larimer),pdf,Z_Related_Other_CEMEX_Mines/Larimer_Quarry_M1977341/Permit/1977-09-29_PERMIT FILE - M1977341 (6).pdf
Z_Related_Other_CEMEX_Mines,Larimer_Quarry_M1977341/Permit,1977-09-29_PERMIT FILE - M1977341 (7).pdf,1977-09-29,Permit,M-1977-341 (Larimer),pdf,Z_Related_Other_CEMEX_Mines/Larimer_Quarry_M1977341/Permit/1977-09-29_PERMIT FILE - M1977341 (7).pdf
Z_Related_Other_CEMEX_Mines,Larimer_Quarry_M1977341/Permit,1977-09-29_PERMIT FILE - M1977341.pdf,1977-09-29,Permit,M-1977-341 (Larimer),pdf,Z_Related_Other_CEMEX_Mines/Larimer_Quarry_M1977341/Permit/1977-09-29_PERMIT FILE - M1977341.pdf
Z_Related_Other_CEMEX_Mines,Larimer_Quarry_M1977341/Permit,1977-10-04_PERMIT FILE - M1977341.pdf,1977-10-04,Permit,M-1977-341 (Larimer),pdf,Z_Related_Other_CEMEX_Mines/Larimer_Quarry_M1977341/Permit/1977-10-04_PERMIT FILE - M1977341.pdf
Z_Related_Other_CEMEX_Mines,Larimer_Quarry_M1977341/Permit,1977-10-11_PERMIT FILE - M1977341.pdf,1977-10-11,Permit,M-1977-341 (Larimer),pdf,Z_Related_Other_CEMEX_Mines/Larimer_Quarry_M1977341/Permit/1977-10-11_PERMIT FILE - M1977341.pdf
Z_Related_Other_CEMEX_Mines,Larimer_Quarry_M1977341/Permit,2008-07-25_PERMIT FILE - M1977341.pdf,2008-07-25,Permit,M-1977-341 (Larimer),pdf,Z_Related_Other_CEMEX_Mines/Larimer_Quarry_M1977341/Permit/2008-07-25_PERMIT FILE - M1977341.pdf
Z_Related_Other_CEMEX_Mines,Larimer_Quarry_M1977341/Permit,_PERMIT FILE - M1977341 (2).pdf,,Permit,M-1977-341 (Larimer),pdf,Z_Related_Other_CEMEX_Mines/Larimer_Quarry_M1977341/Permit/_PERMIT FILE - M1977341 (2).pdf
Z_Related_Other_CEMEX_Mines,Larimer_Quarry_M1977341/Permit,_PERMIT FILE - M1977341 (3).pdf,,Permit,M-1977-341 (Larimer),pdf,Z_Related_Other_CEMEX_Mines/Larimer_Quarry_M1977341/Permit/_PERMIT FILE - M1977341 (3).pdf
Z_Related_Other_CEMEX_Mines,Larimer_Quarry_M1977341/Permit,_PERMIT FILE - M1977341.pdf,,Permit,M-1977-341 (Larimer),pdf,Z_Related_Other_CEMEX_Mines/Larimer_Quarry_M1977341/Permit/_PERMIT FILE - M1977341.pdf
Z_Related_Other_CEMEX_Mines,Larimer_Quarry_M1977341/Reports,1980-07-08_REPORT - M1977341.pdf,1980-07-08,Report,M-1977-341 (Larimer),pdf,Z_Related_Other_CEMEX_Mines/Larimer_Quarry_M1977341/Reports/1980-07-08_REPORT - M1977341.pdf
Z_Related_Other_CEMEX_Mines,Larimer_Quarry_M1977341/Reports,1980-07-10_REPORT - M1977341.pdf,1980-07-10,Report,M-1977-341 (Larimer),pdf,Z_Related_Other_CEMEX_Mines/Larimer_Quarry_M1977341/Reports/1980-07-10_REPORT - M1977341.pdf
Z_Related_Other_CEMEX_Mines,Larimer_Quarry_M1977341/Reports,1983-07-11_REPORT - M1977341.pdf,1983-07-11,Report,M-1977-341 (Larimer),pdf,Z_Related_Other_CEMEX_Mines/Larimer_Quarry_M1977341/Reports/1983-07-11_REPORT - M1977341.pdf
Z_Related_Other_CEMEX_Mines,Larimer_Quarry_M1977341/Reports,1983-07-12_REPORT - M1977341.pdf,1983-07-12,Report,M-1977-341 (Larimer),pdf,Z_Related_Other_CEMEX_Mines/Larimer_Quarry_M1977341/Reports/1983-07-12_REPORT - M1977341.pdf
Z_Related_Other_CEMEX_Mines,Larimer_Quarry_M1977341/Reports,1983-07-13_REPORT - M1977341.pdf,1983-07-13,Report,M-1977-341 (Larimer),pdf,Z_Related_Other_CEMEX_Mines/Larimer_Quarry_M1977341/Reports/1983-07-13_REPORT - M1977341.pdf
Z_Related_Other_CEMEX_Mines,Larimer_Quarry_M1977341/Reports,1983-08-10_REPORT - M1977341 (2).pdf,1983-08-10,Report,M-1977-341 (Larimer),pdf,Z_Related_Other_CEMEX_Mines/Larimer_Quarry_M1977341/Reports/1983-08-10_REPORT - M1977341 (2).pdf
Z_Related_Other_CEMEX_Mines,Larimer_Quarry_M1977341/Reports,1983-08-10_REPORT - M1977341.pdf,1983-08-10,Report,M-1977-341 (Larimer),pdf,Z_Related_Other_CEMEX_Mines/Larimer_Quarry_M1977341/Reports/1983-08-10_REPORT - M1977341.pdf
Z_Related_Other_CEMEX_Mines,Larimer_Quarry_M1977341/Reports,1984-07-24_REPORT - M1977341 (2).pdf,1984-07-24,Report,M-1977-341 (Larimer),pdf,Z_Related_Other_CEMEX_Mines/Larimer_Quarry_M1977341/Reports/1984-07-24_REPORT - M1977341 (2).pdf
Z_Related_Other_CEMEX_Mines,Larimer_Quarry_M1977341/Reports,1984-07-24_REPORT - M1977341.pdf,1984-07-24,Report,M-1977-341 (Larimer),pdf,Z_Related_Other_CEMEX_Mines/Larimer_Quarry_M1977341/Reports/1984-07-24_REPORT - M1977341.pdf
Z_Related_Other_CEMEX_Mines,Larimer_Quarry_M1977341/Reports,1986-07-14_REPORT - M1977341 (2).pdf,1986-07-14,Report,M-1977-341 (Larimer),pdf,Z_Related_Other_CEMEX_Mines/Larimer_Quarry_M1977341/Reports/1986-07-14_REPORT - M1977341 (2).pdf
Z_Related_Other_CEMEX_Mines,Larimer_Quarry_M1977341/Reports,1986-07-14_REPORT - M1977341.pdf,1986-07-14,Report,M-1977-341 (Larimer),pdf,Z_Related_Other_CEMEX_Mines/Larimer_Quarry_M1977341/Reports/1986-07-14_REPORT - M1977341.pdf
Z_Related_Other_CEMEX_Mines,Larimer_Quarry_M1977341/Reports,1987-07-20_REPORT - M1977341 (2).pdf,1987-07-20,Report,M-1977-341 (Larimer),pdf,Z_Related_Other_CEMEX_Mines/Larimer_Quarry_M1977341/Reports/1987-07-20_REPORT - M1977341 (2).pdf
Z_Related_Other_CEMEX_Mines,Larimer_Quarry_M1977341/Reports,1987-07-20_REPORT - M1977341 (3).pdf,1987-07-20,Report,M-1977-341 (Larimer),pdf,Z_Related_Other_CEMEX_Mines/Larimer_Quarry_M1977341/Reports/1987-07-20_REPORT - M1977341 (3).pdf
Z_Related_Other_CEMEX_Mines,Larimer_Quarry_M1977341/Reports,1987-07-20_REPORT - M1977341.pdf,1987-07-20,Report,M-1977-341 (Larimer),pdf,Z_Related_Other_CEMEX_Mines/Larimer_Quarry_M1977341/Reports/1987-07-20_REPORT - M1977341.pdf
Z_Related_Other_CEMEX_Mines,Larimer_Quarry_M1977341/Reports,1988-07-27_REPORT - M1977341 (2).pdf,1988-07-27,Report,M-1977-341 (Larimer),pdf,Z_Related_Other_CEMEX_Mines/Larimer_Quarry_M1977341/Reports/1988-07-27_REPORT - M1977341 (2).pdf
Z_Related_Other_CEMEX_Mines,Larimer_Quarry_M1977341/Reports,1988-07-27_REPORT - M1977341.pdf,1988-07-27,Report,M-1977-341 (Larimer),pdf,Z_Related_Other_CEMEX_Mines/Larimer_Quarry_M1977341/Reports/1988-07-27_REPORT - M1977341.pdf
Z_Related_Other_CEMEX_Mines,Larimer_Quarry_M1977341/Reports,1988-12-31_REPORT - M1977341.pdf,1988-12-31,Report,M-1977-341 (Larimer),pdf,Z_Related_Other_CEMEX_Mines/Larimer_Quarry_M1977341/Reports/1988-12-31_REPORT - M1977341.pdf
Z_Related_Other_CEMEX_Mines,Larimer_Quarry_M1977341/Reports,1989-05-15_REPORT - M1977341.pdf,1989-05-15,Report,M-1977-341 (Larimer),pdf,Z_Related_Other_CEMEX_Mines/Larimer_Quarry_M1977341/Reports/1989-05-15_REPORT - M1977341.pdf
Z_Related_Other_CEMEX_Mines,Larimer_Quarry_M1977341/Reports,1989-05-25_REPORT - M1977341.pdf,1989-05-25,Report,M-1977-341 (Larimer),pdf,Z_Related_Other_CEMEX_Mines/Larimer_Quarry_M1977341/Reports/1989-05-25_REPORT - M1977341.pdf
Z_Related_Other_CEMEX_Mines,Larimer_Quarry_M1977341/Reports,1989-08-25_REPORT - M1977341.pdf,1989-08-25,Report,M-1977-341 (Larimer),pdf,Z_Related_Other_CEMEX_Mines/Larimer_Quarry_M1977341/Reports/1989-08-25_REPORT - M1977341.pdf
Z_Related_Other_CEMEX_Mines,Larimer_Quarry_M1977341/Reports,1990-06-19_REPORT - M1977341.pdf,1990-06-19,Report,M-1977-341 (Larimer),pdf,Z_Related_Other_CEMEX_Mines/Larimer_Quarry_M1977341/Reports/1990-06-19_REPORT - M1977341.pdf
Z_Related_Other_CEMEX_Mines,Larimer_Quarry_M1977341/Reports,1990-06-28_REPORT - M1977341.pdf,1990-06-28,Report,M-1977-341 (Larimer),pdf,Z_Related_Other_CEMEX_Mines/Larimer_Quarry_M1977341/Reports/1990-06-28_REPORT - M1977341.pdf
Z_Related_Other_CEMEX_Mines,Larimer_Quarry_M1977341/Reports,1991-07-01_REPORT - M1977341.pdf,1991-07-01,Report,M-1977-341 (Larimer),pdf,Z_Related_Other_CEMEX_Mines/Larimer_Quarry_M1977341/Reports/1991-07-01_REPORT - M1977341.pdf
Z_Related_Other_CEMEX_Mines,Larimer_Quarry_M1977341/Reports,1991-08-01_REPORT - M1977341.pdf,1991-08-01,Report,M-1977-341 (Larimer),pdf,Z_Related_Other_CEMEX_Mines/Larimer_Quarry_M1977341/Reports/1991-08-01_REPORT - M1977341.pdf
Z_Related_Other_CEMEX_Mines,Larimer_Quarry_M1977341/Reports,1991-08-28_REPORT - M1977341.pdf,1991-08-28,Report,M-1977-341 (Larimer),pdf,Z_Related_Other_CEMEX_Mines/Larimer_Quarry_M1977341/Reports/1991-08-28_REPORT - M1977341.pdf
Z_Related_Other_CEMEX_Mines,Larimer_Quarry_M1977341/Reports,1992-09-04_REPORT - M1977341 (2).pdf,1992-09-04,Report,M-1977-341 (Larimer),pdf,Z_Related_Other_CEMEX_Mines/Larimer_Quarry_M1977341/Reports/1992-09-04_REPORT - M1977341 (2).pdf
Z_Related_Other_CEMEX_Mines,Larimer_Quarry_M1977341/Reports,1992-09-04_REPORT - M1977341.pdf,1992-09-04,Report,M-1977-341 (Larimer),pdf,Z_Related_Other_CEMEX_Mines/Larimer_Quarry_M1977341/Reports/1992-09-04_REPORT - M1977341.pdf
Z_Related_Other_CEMEX_Mines,Larimer_Quarry_M1977341/Reports,1994-09-08_REPORT - M1977341 (2).pdf,1994-09-08,Report,M-1977-341 (Larimer),pdf,Z_Related_Other_CEMEX_Mines/Larimer_Quarry_M1977341/Reports/1994-09-08_REPORT - M1977341 (2).pdf
Z_Related_Other_CEMEX_Mines,Larimer_Quarry_M1977341/Reports,1994-09-08_REPORT - M1977341 (3).pdf,1994-09-08,Report,M-1977-341 (Larimer),pdf,Z_Related_Other_CEMEX_Mines/Larimer_Quarry_M1977341/Reports/1994-09-08_REPORT - M1977341 (3).pdf
Z_Related_Other_CEMEX_Mines,Larimer_Quarry_M1977341/Reports,1994-09-08_REPORT - M1977341.pdf,1994-09-08,Report,M-1977-341 (Larimer),pdf,Z_Related_Other_CEMEX_Mines/Larimer_Quarry_M1977341/Reports/1994-09-08_REPORT - M1977341.pdf
Z_Related_Other_CEMEX_Mines,Larimer_Quarry_M1977341/Reports,1995-09-06_REPORT - M1977341.pdf,1995-09-06,Report,M-1977-341 (Larimer),pdf,Z_Related_Other_CEMEX_Mines/Larimer_Quarry_M1977341/Reports/1995-09-06_REPORT - M1977341.pdf
Z_Related_Other_CEMEX_Mines,Larimer_Quarry_M1977341/Reports,1995-09-07_REPORT - M1977341.pdf,1995-09-07,Report,M-1977-341 (Larimer),pdf,Z_Related_Other_CEMEX_Mines/Larimer_Quarry_M1977341/Reports/1995-09-07_REPORT - M1977341.pdf
Z_Related_Other_CEMEX_Mines,Larimer_Quarry_M1977341/Reports,1996-08-01_REPORT - M1977341.pdf,1996-08-01,Report,M-1977-341 (Larimer),pdf,Z_Related_Other_CEMEX_Mines/Larimer_Quarry_M1977341/Reports/1996-08-01_REPORT - M1977341.pdf
Z_Related_Other_CEMEX_Mines,Larimer_Quarry_M1977341/Reports,1996-08-30_REPORT - M1977341 (2).pdf,1996-08-30,Report,M-1977-341 (Larimer),pdf,Z_Related_Other_CEMEX_Mines/Larimer_Quarry_M1977341/Reports/1996-08-30_REPORT - M1977341 (2).pdf
Z_Related_Other_CEMEX_Mines,Larimer_Quarry_M1977341/Reports,1996-08-30_REPORT - M1977341 (3).pdf,1996-08-30,Report,M-1977-341 (Larimer),pdf,Z_Related_Other_CEMEX_Mines/Larimer_Quarry_M1977341/Reports/1996-08-30_REPORT - M1977341 (3).pdf
Z_Related_Other_CEMEX_Mines,Larimer_Quarry_M1977341/Reports,1996-08-30_REPORT - M1977341.pdf,1996-08-30,Report,M-1977-341 (Larimer),pdf,Z_Related_Other_CEMEX_Mines/Larimer_Quarry_M1977341/Reports/1996-08-30_REPORT - M1977341.pdf
Z_Related_Other_CEMEX_Mines,Larimer_Quarry_M1977341/Reports,1997-08-20_REPORT - M1977341.pdf,1997-08-20,Report,M-1977-341 (Larimer),pdf,Z_Related_Other_CEMEX_Mines/Larimer_Quarry_M1977341/Reports/1997-08-20_REPORT - M1977341.pdf
Z_Related_Other_CEMEX_Mines,Larimer_Quarry_M1977341/Reports,1997-08-22_REPORT - M1977341.pdf,1997-08-22,Report,M-1977-341 (Larimer),pdf,Z_Related_Other_CEMEX_Mines/Larimer_Quarry_M1977341/Reports/1997-08-22_REPORT - M1977341.pdf
Z_Related_Other_CEMEX_Mines,Larimer_Quarry_M1977341/Reports,1998-09-04_REPORT - M1977341.pdf,1998-09-04,Report,M-1977-341 (Larimer),pdf,Z_Related_Other_CEMEX_Mines/Larimer_Quarry_M1977341/Reports/1998-09-04_REPORT - M1977341.pdf
Z_Related_Other_CEMEX_Mines,Larimer_Quarry_M1977341/Reports,1998-09-09_REPORT - M1977341.pdf,1998-09-09,Report,M-1977-341 (Larimer),pdf,Z_Related_Other_CEMEX_Mines/Larimer_Quarry_M1977341/Reports/1998-09-09_REPORT - M1977341.pdf
Z_Related_Other_CEMEX_Mines,Larimer_Quarry_M1977341/Reports,1999-08-27_REPORT - M1977341.pdf,1999-08-27,Report,M-1977-341 (Larimer),pdf,Z_Related_Other_CEMEX_Mines/Larimer_Quarry_M1977341/Reports/1999-08-27_REPORT - M1977341.pdf
Z_Related_Other_CEMEX_Mines,Larimer_Quarry_M1977341/Reports,1999-09-13_REPORT - M1977341.pdf,1999-09-13,Report,M-1977-341 (Larimer),pdf,Z_Related_Other_CEMEX_Mines/Larimer_Quarry_M1977341/Reports/1999-09-13_REPORT - M1977341.pdf
Z_Related_Other_CEMEX_Mines,Larimer_Quarry_M1977341/Reports,2000-07-05_REPORT - M1977341.pdf,2000-07-05,Report,M-1977-341 (Larimer),pdf,Z_Related_Other_CEMEX_Mines/Larimer_Quarry_M1977341/Reports/2000-07-05_REPORT - M1977341.pdf
Z_Related_Other_CEMEX_Mines,Larimer_Quarry_M1977341/Reports,2000-09-11_REPORT - M1977341.pdf,2000-09-11,Report,M-1977-341 (Larimer),pdf,Z_Related_Other_CEMEX_Mines/Larimer_Quarry_M1977341/Reports/2000-09-11_REPORT - M1977341.pdf
Z_Related_Other_CEMEX_Mines,Larimer_Quarry_M1977341/Reports,2001-09-07_REPORT - M1977341.pdf,2001-09-07,Report,M-1977-341 (Larimer),pdf,Z_Related_Other_CEMEX_Mines/Larimer_Quarry_M1977341/Reports/2001-09-07_REPORT - M1977341.pdf
Z_Related_Other_CEMEX_Mines,Larimer_Quarry_M1977341/Reports,2002-10-16_REPORT - M1977341.pdf,2002-10-16,Report,M-1977-341 (Larimer),pdf,Z_Related_Other_CEMEX_Mines/Larimer_Quarry_M1977341/Reports/2002-10-16_REPORT - M1977341.pdf
Z_Related_Other_CEMEX_Mines,Larimer_Quarry_M1977341/Reports,2003-09-05_REPORT - M1977341.pdf,2003-09-05,Report,M-1977-341 (Larimer),pdf,Z_Related_Other_CEMEX_Mines/Larimer_Quarry_M1977341/Reports/2003-09-05_REPORT - M1977341.pdf
Z_Related_Other_CEMEX_Mines,Larimer_Quarry_M1977341/Reports,2004-09-02_REPORT - M1977341.pdf,2004-09-02,Report,M-1977-341 (Larimer),pdf,Z_Related_Other_CEMEX_Mines/Larimer_Quarry_M1977341/Reports/2004-09-02_REPORT - M1977341.pdf
Z_Related_Other_CEMEX_Mines,Larimer_Quarry_M1977341/Reports,2005-09-30_REPORT - M1977341.pdf,2005-09-30,Report,M-1977-341 (Larimer),pdf,Z_Related_Other_CEMEX_Mines/Larimer_Quarry_M1977341/Reports/2005-09-30_REPORT - M1977341.pdf
Z_Related_Other_CEMEX_Mines,Larimer_Quarry_M1977341/Reports,2006-09-05_REPORT - M1977341.pdf,2006-09-05,Report,M-1977-341 (Larimer),pdf,Z_Related_Other_CEMEX_Mines/Larimer_Quarry_M1977341/Reports/2006-09-05_REPORT - M1977341.pdf
Z_Related_Other_CEMEX_Mines,Larimer_Quarry_M1977341/Reports,2006-09-27_REPORT - M1977341.pdf,2006-09-27,Report,M-1977-341 (Larimer),pdf,Z_Related_Other_CEMEX_Mines/Larimer_Quarry_M1977341/Reports/2006-09-27_REPORT - M1977341.pdf
Z_Related_Other_CEMEX_Mines,Larimer_Quarry_M1977341/Reports,2006-11-21_REPORT - M1977341.pdf,2006-11-21,Report,M-1977-341 (Larimer),pdf,Z_Related_Other_CEMEX_Mines/Larimer_Quarry_M1977341/Reports/2006-11-21_REPORT - M1977341.pdf
Z_Related_Other_CEMEX_Mines,Larimer_Quarry_M1977341/Reports,2007-09-17_REPORT - M1977341.pdf,2007-09-17,Report,M-1977-341 (Larimer),pdf,Z_Related_Other_CEMEX_Mines/Larimer_Quarry_M1977341/Reports/2007-09-17_REPORT - M1977341.pdf
Z_Related_Other_CEMEX_Mines,Larimer_Quarry_M1977341/Reports,_REPORT - M1977341.pdf,,Report,M-1977-341 (Larimer),pdf,Z_Related_Other_CEMEX_Mines/Larimer_Quarry_M1977341/Reports/_REPORT - M1977341.pdf
Z_Related_Other_CEMEX_Mines,Larimer_Quarry_M1977341/Revisions,1978-10-26_REVISION - M1977341.pdf,1978-10-26,Revision,M-1977-341 (Larimer),pdf,Z_Related_Other_CEMEX_Mines/Larimer_Quarry_M1977341/Revisions/1978-10-26_REVISION - M1977341.pdf
Z_Related_Other_CEMEX_Mines,Larimer_Quarry_M1977341/Revisions,1984-06-15_REVISION - M1977341.pdf,1984-06-15,Revision,M-1977-341 (Larimer),pdf,Z_Related_Other_CEMEX_Mines/Larimer_Quarry_M1977341/Revisions/1984-06-15_REVISION - M1977341.pdf
Z_Related_Other_CEMEX_Mines,Larimer_Quarry_M1977341/Revisions,1984-08-24_REVISION - M1977341.pdf,1984-08-24,Revision,M-1977-341 (Larimer),pdf,Z_Related_Other_CEMEX_Mines/Larimer_Quarry_M1977341/Revisions/1984-08-24_REVISION - M1977341.pdf
Z_Related_Other_CEMEX_Mines,Larimer_Quarry_M1977341/Revisions,1984-09-28_REVISION - M1977341 (2).pdf,1984-09-28,Revision,M-1977-341 (Larimer),pdf,Z_Related_Other_CEMEX_Mines/Larimer_Quarry_M1977341/Revisions/1984-09-28_REVISION - M1977341 (2).pdf
Z_Related_Other_CEMEX_Mines,Larimer_Quarry_M1977341/Revisions,1984-09-28_REVISION - M1977341.pdf,1984-09-28,Revision,M-1977-341 (Larimer),pdf,Z_Related_Other_CEMEX_Mines/Larimer_Quarry_M1977341/Revisions/1984-09-28_REVISION - M1977341.pdf
Z_Related_Other_CEMEX_Mines,Larimer_Quarry_M1977341/Revisions,1985-02-11_REVISION - M1977341.pdf,1985-02-11,Revision,M-1977-341 (Larimer),pdf,Z_Related_Other_CEMEX_Mines/Larimer_Quarry_M1977341/Revisions/1985-02-11_REVISION - M1977341.pdf
Z_Related_Other_CEMEX_Mines,Larimer_Quarry_M1977341/Revisions,1987-05-11_REVISION - M1977341.pdf,1987-05-11,Revision,M-1977-341 (Larimer),pdf,Z_Related_Other_CEMEX_Mines/Larimer_Quarry_M1977341/Revisions/1987-05-11_REVISION - M1977341.pdf
Z_Related_Other_CEMEX_Mines,Larimer_Quarry_M1977341/Revisions,1987-06-11_REVISION - M1977341 (5).pdf,1987-06-11,Revision,M-1977-341 (Larimer),pdf,Z_Related_Other_CEMEX_Mines/Larimer_Quarry_M1977341/Revisions/1987-06-11_REVISION - M1977341 (5).pdf
Z_Related_Other_CEMEX_Mines,Larimer_Quarry_M1977341/Revisions,1987-06-11_REVISION - M1977341 (6).pdf,1987-06-11,Revision,M-1977-341 (Larimer),pdf,Z_Related_Other_CEMEX_Mines/Larimer_Quarry_M1977341/Revisions/1987-06-11_REVISION - M1977341 (6).pdf
Z_Related_Other_CEMEX_Mines,Larimer_Quarry_M1977341/Revisions,1987-06-11_REVISION - M1977341.pdf,1987-06-11,Revision,M-1977-341 (Larimer),pdf,Z_Related_Other_CEMEX_Mines/Larimer_Quarry_M1977341/Revisions/1987-06-11_REVISION - M1977341.pdf
Z_Related_Other_CEMEX_Mines,Larimer_Quarry_M1977341/Revisions,1987-09-24_REVISION - M1977341.pdf,1987-09-24,Revision,M-1977-341 (Larimer),pdf,Z_Related_Other_CEMEX_Mines/Larimer_Quarry_M1977341/Revisions/1987-09-24_REVISION - M1977341.pdf
Z_Related_Other_CEMEX_Mines,Larimer_Quarry_M1977341/Revisions,1996-03-22_REVISION - M1977341.pdf,1996-03-22,Revision,M-1977-341 (Larimer),pdf,Z_Related_Other_CEMEX_Mines/Larimer_Quarry_M1977341/Revisions/1996-03-22_REVISION - M1977341.pdf
Z_Related_Other_CEMEX_Mines,Larimer_Quarry_M1977341/Revisions,1997-03-03_REVISION - M1977341 (2).pdf,1997-03-03,Revision,M-1977-341 (Larimer),pdf,Z_Related_Other_CEMEX_Mines/Larimer_Quarry_M1977341/Revisions/1997-03-03_REVISION - M1977341 (2).pdf
Z_Related_Other_CEMEX_Mines,Larimer_Quarry_M1977341/Revisions,1997-03-03_REVISION - M1977341.pdf,1997-03-03,Revision,M-1977-341 (Larimer),pdf,Z_Related_Other_CEMEX_Mines/Larimer_Quarry_M1977341/Revisions/1997-03-03_REVISION - M1977341.pdf
Z_Related_Other_CEMEX_Mines,Larimer_Quarry_M1977341/Revisions,1997-03-05_REVISION - M1977341 (2).pdf,1997-03-05,Revision,M-1977-341 (Larimer),pdf,Z_Related_Other_CEMEX_Mines/Larimer_Quarry_M1977341/Revisions/1997-03-05_REVISION - M1977341 (2).pdf
Z_Related_Other_CEMEX_Mines,Larimer_Quarry_M1977341/Revisions,1997-03-05_REVISION - M1977341 (3).pdf,1997-03-05,Revision,M-1977-341 (Larimer),pdf,Z_Related_Other_CEMEX_Mines/Larimer_Quarry_M1977341/Revisions/1997-03-05_REVISION - M1977341 (3).pdf
Z_Related_Other_CEMEX_Mines,Larimer_Quarry_M1977341/Revisions,1997-03-05_REVISION - M1977341.pdf,1997-03-05,Revision,M-1977-341 (Larimer),pdf,Z_Related_Other_CEMEX_Mines/Larimer_Quarry_M1977341/Revisions/1997-03-05_REVISION - M1977341.pdf
Z_Related_Other_CEMEX_Mines,Larimer_Quarry_M1977341/Revisions,2001-07-19_REVISION - M1977341 (2).pdf,2001-07-19,Revision,M-1977-341 (Larimer),pdf,Z_Related_Other_CEMEX_Mines/Larimer_Quarry_M1977341/Revisions/2001-07-19_REVISION - M1977341 (2).pdf
Z_Related_Other_CEMEX_Mines,Larimer_Quarry_M1977341/Revisions,2001-07-19_REVISION - M1977341.pdf,2001-07-19,Revision,M-1977-341 (Larimer),pdf,Z_Related_Other_CEMEX_Mines/Larimer_Quarry_M1977341/Revisions/2001-07-19_REVISION - M1977341.pdf
Z_Related_Other_CEMEX_Mines,Larimer_Quarry_M1977341/Revisions,2001-08-03_REVISION - M1977341.pdf,2001-08-03,Revision,M-1977-341 (Larimer),pdf,Z_Related_Other_CEMEX_Mines/Larimer_Quarry_M1977341/Revisions/2001-08-03_REVISION - M1977341.pdf
Z_Related_Other_CEMEX_Mines,Larimer_Quarry_M1977341/Revisions,2001-08-16_REVISION - M1977341 (2).pdf,2001-08-16,Revision,M-1977-341 (Larimer),pdf,Z_Related_Other_CEMEX_Mines/Larimer_Quarry_M1977341/Revisions/2001-08-16_REVISION - M1977341 (2).pdf
Z_Related_Other_CEMEX_Mines,Larimer_Quarry_M1977341/Revisions,2001-08-16_REVISION - M1977341.pdf,2001-08-16,Revision,M-1977-341 (Larimer),pdf,Z_Related_Other_CEMEX_Mines/Larimer_Quarry_M1977341/Revisions/2001-08-16_REVISION - M1977341.pdf
Z_Related_Other_CEMEX_Mines,Larimer_Quarry_M1977341/Revisions,2001-09-24_REVISION - M1977341 (2).pdf,2001-09-24,Revision,M-1977-341 (Larimer),pdf,Z_Related_Other_CEMEX_Mines/Larimer_Quarry_M1977341/Revisions/2001-09-24_REVISION - M1977341 (2).pdf
Z_Related_Other_CEMEX_Mines,Larimer_Quarry_M1977341/Revisions,2001-09-24_REVISION - M1977341.pdf,2001-09-24,Revision,M-1977-341 (Larimer),pdf,Z_Related_Other_CEMEX_Mines/Larimer_Quarry_M1977341/Revisions/2001-09-24_REVISION - M1977341.pdf
Z_Related_Other_CEMEX_Mines,Larimer_Quarry_M1977341/Revisions,2002-10-17_REVISION - M1977341.pdf,2002-10-17,Revision,M-1977-341 (Larimer),pdf,Z_Related_Other_CEMEX_Mines/Larimer_Quarry_M1977341/Revisions/2002-10-17_REVISION - M1977341.pdf
Z_Related_Other_CEMEX_Mines,Larimer_Quarry_M1977341/Revisions,2002-10-21_REVISION - M1977341.pdf,2002-10-21,Revision,M-1977-341 (Larimer),pdf,Z_Related_Other_CEMEX_Mines/Larimer_Quarry_M1977341/Revisions/2002-10-21_REVISION - M1977341.pdf
Z_Related_Other_CEMEX_Mines,Larimer_Quarry_M1977341/Revisions,2002-11-20_REVISION - M1977341.pdf,2002-11-20,Revision,M-1977-341 (Larimer),pdf,Z_Related_Other_CEMEX_Mines/Larimer_Quarry_M1977341/Revisions/2002-11-20_REVISION - M1977341.pdf
Z_Related_Other_CEMEX_Mines,Larimer_Quarry_M1977341/Revisions,2002-11-22_REVISION - M1977341.pdf,2002-11-22,Revision,M-1977-341 (Larimer),pdf,Z_Related_Other_CEMEX_Mines/Larimer_Quarry_M1977341/Revisions/2002-11-22_REVISION - M1977341.pdf
Z_Related_Other_CEMEX_Mines,Larimer_Quarry_M1977341/Revisions,2002-12-17_REVISION - M1977341.pdf,2002-12-17,Revision,M-1977-341 (Larimer),pdf,Z_Related_Other_CEMEX_Mines/Larimer_Quarry_M1977341/Revisions/2002-12-17_REVISION - M1977341.pdf
Z_Related_Other_CEMEX_Mines,Larimer_Quarry_M1977341/Revisions,2003-08-04_REVISION - M1977341.pdf,2003-08-04,Revision,M-1977-341 (Larimer),pdf,Z_Related_Other_CEMEX_Mines/Larimer_Quarry_M1977341/Revisions/2003-08-04_REVISION - M1977341.pdf
Z_Related_Other_CEMEX_Mines,Larimer_Quarry_M1977341/Revisions,2003-08-04_REVISION - m1977341 (1).pdf,2003-08-04,Revision,M-1977-341 (Larimer),pdf,Z_Related_Other_CEMEX_Mines/Larimer_Quarry_M1977341/Revisions/2003-08-04_REVISION - m1977341 (1).pdf
Z_Related_Other_CEMEX_Mines,Larimer_Quarry_M1977341/Revisions,2003-08-25_REVISION - M1977341.pdf,2003-08-25,Revision,M-1977-341 (Larimer),pdf,Z_Related_Other_CEMEX_Mines/Larimer_Quarry_M1977341/Revisions/2003-08-25_REVISION - M1977341.pdf
Z_Related_Other_CEMEX_Mines,Larimer_Quarry_M1977341/Revisions,2003-08-29_REVISION - M1977341.pdf,2003-08-29,Revision,M-1977-341 (Larimer),pdf,Z_Related_Other_CEMEX_Mines/Larimer_Quarry_M1977341/Revisions/2003-08-29_REVISION - M1977341.pdf
Z_Related_Other_CEMEX_Mines,Larimer_Quarry_M1977341/Revisions,2003-09-09_REVISION - M1977341.pdf,2003-09-09,Revision,M-1977-341 (Larimer),pdf,Z_Related_Other_CEMEX_Mines/Larimer_Quarry_M1977341/Revisions/2003-09-09_REVISION - M1977341.pdf
Z_Related_Other_CEMEX_Mines,Larimer_Quarry_M1977341/Revisions,2003-09-17_REVISION - M1977341.pdf,2003-09-17,Revision,M-1977-341 (Larimer),pdf,Z_Related_Other_CEMEX_Mines/Larimer_Quarry_M1977341/Revisions/2003-09-17_REVISION - M1977341.pdf
Z_Related_Other_CEMEX_Mines,Larimer_Quarry_M1977341/Revisions,2003-10-17_REVISION - M1977341.pdf,2003-10-17,Revision,M-1977-341 (Larimer),pdf,Z_Related_Other_CEMEX_Mines/Larimer_Quarry_M1977341/Revisions/2003-10-17_REVISION - M1977341.pdf
Z_Related_Other_CEMEX_Mines,Larimer_Quarry_M1977341/Revisions,2003-11-12_REVISION - M1977341.pdf,2003-11-12,Revision,M-1977-341 (Larimer),pdf,Z_Related_Other_CEMEX_Mines/Larimer_Quarry_M1977341/Revisions/2003-11-12_REVISION - M1977341.pdf
Z_Related_Other_CEMEX_Mines,Larimer_Quarry_M1977341/Revisions,2003-12-08_REVISION - M1977341.pdf,2003-12-08,Revision,M-1977-341 (Larimer),pdf,Z_Related_Other_CEMEX_Mines/Larimer_Quarry_M1977341/Revisions/2003-12-08_REVISION - M1977341.pdf
Z_Related_Other_CEMEX_Mines,Larimer_Quarry_M1977341/Revisions,2004-07-12_REVISION - M1977341.pdf,2004-07-12,Revision,M-1977-341 (Larimer),pdf,Z_Related_Other_CEMEX_Mines/Larimer_Quarry_M1977341/Revisions/2004-07-12_REVISION - M1977341.pdf
Z_Related_Other_CEMEX_Mines,Larimer_Quarry_M1977341/Revisions,2004-07-28_REVISION - M1977341.pdf,2004-07-28,Revision,M-1977-341 (Larimer),pdf,Z_Related_Other_CEMEX_Mines/Larimer_Quarry_M1977341/Revisions/2004-07-28_REVISION - M1977341.pdf
Z_Related_Other_CEMEX_Mines,Larimer_Quarry_M1977341/Revisions,2004-09-13_REVISION - M1977341.pdf,2004-09-13,Revision,M-1977-341 (Larimer),pdf,Z_Related_Other_CEMEX_Mines/Larimer_Quarry_M1977341/Revisions/2004-09-13_REVISION - M1977341.pdf
Z_Related_Other_CEMEX_Mines,Larimer_Quarry_M1977341/Revisions,2008-05-09_REVISION - M1977341.pdf,2008-05-09,Revision,M-1977-341 (Larimer),pdf,Z_Related_Other_CEMEX_Mines/Larimer_Quarry_M1977341/Revisions/2008-05-09_REVISION - M1977341.pdf
Z_Related_Other_CEMEX_Mines,Larimer_Quarry_M1977341/Revisions,2008-05-23_REVISION - M1977341.pdf,2008-05-23,Revision,M-1977-341 (Larimer),pdf,Z_Related_Other_CEMEX_Mines/Larimer_Quarry_M1977341/Revisions/2008-05-23_REVISION - M1977341.pdf
Z_Related_Other_CEMEX_Mines,Larimer_Quarry_M1977341/Revisions,2008-06-06_REVISION - M1977341.pdf,2008-06-06,Revision,M-1977-341 (Larimer),pdf,Z_Related_Other_CEMEX_Mines/Larimer_Quarry_M1977341/Revisions/2008-06-06_REVISION - M1977341.pdf
Z_Related_Other_CEMEX_Mines,Larimer_Quarry_M1977341/Revisions,2008-07-18_REVISION - M1977341.pdf,2008-07-18,Revision,M-1977-341 (Larimer),pdf,Z_Related_Other_CEMEX_Mines/Larimer_Quarry_M1977341/Revisions/2008-07-18_REVISION - M1977341.pdf
Z_Related_Other_CEMEX_Mines,Larimer_Quarry_M1977341/Revisions,_REVISION - M1977341.pdf,,Revision,M-1977-341 (Larimer),pdf,Z_Related_Other_CEMEX_Mines/Larimer_Quarry_M1977341/Revisions/_REVISION - M1977341.pdf
Z_Related_Other_CEMEX_Mines,Wyoming_Mine_PT0658,1997_PT0658_AR_1997JUN19.pdf,1997-06-19,Document,PT0658 (Wyoming),pdf,Z_Related_Other_CEMEX_Mines/Wyoming_Mine_PT0658/1997_PT0658_AR_1997JUN19.pdf
Z_Related_Other_CEMEX_Mines,Wyoming_Mine_PT0658,1998_PT0658_AR_1998APR27.pdf,1998-04-27,Document,PT0658 (Wyoming),pdf,Z_Related_Other_CEMEX_Mines/Wyoming_Mine_PT0658/1998_PT0658_AR_1998APR27.pdf
Z_Related_Other_CEMEX_Mines,Wyoming_Mine_PT0658,1999_PT0658_AR_1999MAY13.pdf,1999-05-13,Document,PT0658 (Wyoming),pdf,Z_Related_Other_CEMEX_Mines/Wyoming_Mine_PT0658/1999_PT0658_AR_1999MAY13.pdf
Z_Related_Other_CEMEX_Mines,Wyoming_Mine_PT0658,2000_PT0658_AR_2000APR27.pdf,2000-04-27,Document,PT0658 (Wyoming),pdf,Z_Related_Other_CEMEX_Mines/Wyoming_Mine_PT0658/2000_PT0658_AR_2000APR27.pdf
Z_Related_Other_CEMEX_Mines,Wyoming_Mine_PT0658,2001_PT0658_AR_2001JUN07.pdf,2001-06-07,Document,PT0658 (Wyoming),pdf,Z_Related_Other_CEMEX_Mines/Wyoming_Mine_PT0658/2001_PT0658_AR_2001JUN07.pdf
Z_Related_Other_CEMEX_Mines,Wyoming_Mine_PT0658,2002_PT0658_AR_2002FEB26.pdf,2002-02-26,Document,PT0658 (Wyoming),pdf,Z_Related_Other_CEMEX_Mines/Wyoming_Mine_PT0658/2002_PT0658_AR_2002FEB26.pdf
Z_Related_Other_CEMEX_Mines,Wyoming_Mine_PT0658,2003_PT0658_AR_2003JUN05.pdf,2003-06-05,Document,PT0658 (Wyoming),pdf,Z_Related_Other_CEMEX_Mines/Wyoming_Mine_PT0658/2003_PT0658_AR_2003JUN05.pdf
Z_Related_Other_CEMEX_Mines,Wyoming_Mine_PT0658,2004_PT0658_AR_2004FEB11.pdf,2004-02-11,Document,PT0658 (Wyoming),pdf,Z_Related_Other_CEMEX_Mines/Wyoming_Mine_PT0658/2004_PT0658_AR_2004FEB11.pdf
Z_Related_Other_CEMEX_Mines,Wyoming_Mine_PT0658,2005_PT0658_AR_2005FEB15.pdf,2005-02-15,Document,PT0658 (Wyoming),pdf,Z_Related_Other_CEMEX_Mines/Wyoming_Mine_PT0658/2005_PT0658_AR_2005FEB15.pdf
Z_Related_Other_CEMEX_Mines,Wyoming_Mine_PT0658,2006_PT0658_AR_2006MAR01.pdf,2006-03-01,Document,PT0658 (Wyoming),pdf,Z_Related_Other_CEMEX_Mines/Wyoming_Mine_PT0658/2006_PT0658_AR_2006MAR01.pdf
Z_Related_Other_CEMEX_Mines,Wyoming_Mine_PT0658,2007_PT0658_AR_2007FEB28.pdf,2007-02-28,Document,PT0658 (Wyoming),pdf,Z_Related_Other_CEMEX_Mines/Wyoming_Mine_PT0658/2007_PT0658_AR_2007FEB28.pdf
Z_Related_Other_CEMEX_Mines,Wyoming_Mine_PT0658,2008_PT0658_AR_2008MAR04.pdf,2008-03-04,Document,PT0658 (Wyoming),pdf,Z_Related_Other_CEMEX_Mines/Wyoming_Mine_PT0658/2008_PT0658_AR_2008MAR04.pdf
Z_Related_Other_CEMEX_Mines,Wyoming_Mine_PT0658,2009_PT0658_AR_2009MAR03.pdf,2009-03-03,Document,PT0658 (Wyoming),pdf,Z_Related_Other_CEMEX_Mines/Wyoming_Mine_PT0658/2009_PT0658_AR_2009MAR03.pdf
Z_Related_Other_CEMEX_Mines,Wyoming_Mine_PT0658,2010_PT0658_AR_2010FEB18.pdf,2010-02-18,Document,PT0658 (Wyoming),pdf,Z_Related_Other_CEMEX_Mines/Wyoming_Mine_PT0658/2010_PT0658_AR_2010FEB18.pdf
Z_Related_Other_CEMEX_Mines,Wyoming_Mine_PT0658,2011_PT0658_AR_2011FEB16.pdf,2011-02-16,Document,PT0658 (Wyoming),pdf,Z_Related_Other_CEMEX_Mines/Wyoming_Mine_PT0658/2011_PT0658_AR_2011FEB16.pdf
Z_Related_Other_CEMEX_Mines,Wyoming_Mine_PT0658,2012_PT0658_AR_2012MAR06.pdf,2012-03-06,Document,PT0658 (Wyoming),pdf,Z_Related_Other_CEMEX_Mines/Wyoming_Mine_PT0658/2012_PT0658_AR_2012MAR06.pdf
Z_Related_Other_CEMEX_Mines,Wyoming_Mine_PT0658,2013_PT0658_AR_2013APR19.pdf,2013-04-19,Document,PT0658 (Wyoming),pdf,Z_Related_Other_CEMEX_Mines/Wyoming_Mine_PT0658/2013_PT0658_AR_2013APR19.pdf
Z_Related_Other_CEMEX_Mines,Wyoming_Mine_PT0658,2014_PT0658_AR_2014MAR10.pdf,2014-03-10,Document,PT0658 (Wyoming),pdf,Z_Related_Other_CEMEX_Mines/Wyoming_Mine_PT0658/2014_PT0658_AR_2014MAR10.pdf
Z_Related_Other_CEMEX_Mines,Wyoming_Mine_PT0658,2015_PT0658_AR_2015MAR15.pdf,2015-03-15,Document,PT0658 (Wyoming),pdf,Z_Related_Other_CEMEX_Mines/Wyoming_Mine_PT0658/2015_PT0658_AR_2015MAR15.pdf
Z_Related_Other_CEMEX_Mines,Wyoming_Mine_PT0658,2016_PT0658.pdf,,Document,PT0658 (Wyoming),pdf,Z_Related_Other_CEMEX_Mines/Wyoming_Mine_PT0658/2016_PT0658.pdf
Z_Related_Other_CEMEX_Mines,Wyoming_Mine_PT0658,2017_PT0658_AR_13APR2017.pdf,,Document,PT0658 (Wyoming),pdf,Z_Related_Other_CEMEX_Mines/Wyoming_Mine_PT0658/2017_PT0658_AR_13APR2017.pdf
Z_Related_Other_CEMEX_Mines,Wyoming_Mine_PT0658,2018_PT0658_AR_07DEC2018.pdf,,Document,PT0658 (Wyoming),pdf,Z_Related_Other_CEMEX_Mines/Wyoming_Mine_PT0658/2018_PT0658_AR_07DEC2018.pdf
Z_Related_Other_CEMEX_Mines,Wyoming_Mine_PT0658,2018_PT0658_AR_27MAR2018.pdf,,Document,PT0658 (Wyoming),pdf,Z_Related_Other_CEMEX_Mines/Wyoming_Mine_PT0658/2018_PT0658_AR_27MAR2018.pdf
Z_Related_Other_CEMEX_Mines,Wyoming_Mine_PT0658,2019_PT0658_AR_27FEB2021.pdf,,Document,PT0658 (Wyoming),pdf,Z_Related_Other_CEMEX_Mines/Wyoming_Mine_PT0658/2019_PT0658_AR_27FEB2021.pdf
Z_Related_Other_CEMEX_Mines,Wyoming_Mine_PT0658,2020_PT0658_AR_10JUL2020.pdf,,Document,PT0658 (Wyoming),pdf,Z_Related_Other_CEMEX_Mines/Wyoming_Mine_PT0658/2020_PT0658_AR_10JUL2020.pdf
Z_Related_Other_CEMEX_Mines,Wyoming_Mine_PT0658,2024_PT0658_AR_2024FEB29.pdf,2024-02-29,Document,PT0658 (Wyoming),pdf,Z_Related_Other_CEMEX_Mines/Wyoming_Mine_PT0658/2024_PT0658_AR_2024FEB29.pdf
Z_Related_Other_CEMEX_Mines,Wyoming_Mine_PT0658,2025_PT0658_AR_2026JAN09.pdf,2026-01-09,Document,PT0658 (Wyoming),pdf,Z_Related_Other_CEMEX_Mines/Wyoming_Mine_PT0658/2025_PT0658_AR_2026JAN09.pdf
Z_Related_Other_CEMEX_Mines,Wyoming_Mine_PT0658,2026_PT0658_AR_2026MAR02_Under Review.pdf,2026-03-02,Document,PT0658 (Wyoming),pdf,Z_Related_Other_CEMEX_Mines/Wyoming_Mine_PT0658/2026_PT0658_AR_2026MAR02_Under Review.pdf
Z_Related_Other_CEMEX_Mines,Wyoming_Mine_PT0658,Lyons_Raw_Material_Sourcing_Weaver_Limestone_and_Shale_2026-09-30.md,2026-09-30,Analysis,PT0658 (Wyoming),md,Z_Related_Other_CEMEX_Mines/Wyoming_Mine_PT0658/Lyons_Raw_Material_Sourcing_Weaver_Limestone_and_Shale_2026-09-30.md
Z_Related_Other_CEMEX_Mines,Wyoming_Mine_PT0658,Lyons_Shale_Haul_Cost_Sensitivity_ESTIMATE_2026-09-30.csv,2026-09-30,Data,PT0658 (Wyoming),csv,Z_Related_Other_CEMEX_Mines/Wyoming_Mine_PT0658/Lyons_Shale_Haul_Cost_Sensitivity_ESTIMATE_2026-09-30.csv
Z_Related_Other_CEMEX_Mines,Wyoming_Mine_PT0658,PT0658_AR_2023FEB24.pdf,2023-02-24,Document,PT0658 (Wyoming),pdf,Z_Related_Other_CEMEX_Mines/Wyoming_Mine_PT0658/PT0658_AR_2023FEB24.pdf
Z_Related_Other_CEMEX_Mines,Wyoming_Mine_PT0658,PT658 2021-2022 Annual Report.pdf,2021-00-00,Report,PT0658 (Wyoming),pdf,Z_Related_Other_CEMEX_Mines/Wyoming_Mine_PT0658/PT658 2021-2022 Annual Report.pdf
tools,,build_cemex_brief_deck.js,,Document,,js,tools/build_cemex_brief_deck.js
tools,,build_cemex_rescission_reversal_deck.js,,Document,,js,tools/build_cemex_rescission_reversal_deck.js
13_2026_Plant_Status_and_Layoffs,CEMEX_Public_Statements,2026-09-23_CEMEX_Statement_to_Colorado_Sun_Randy_Stuart.png,2026-09-23,Statement,CEMEX Lyons,png,13_2026_Plant_Status_and_Layoffs/CEMEX_Public_Statements/2026-09-23_CEMEX_Statement_to_Colorado_Sun_Randy_Stuart.png
13_2026_Plant_Status_and_Layoffs,CEMEX_Public_Statements,2026-09-22_CEMEX_Letter_to_Lyons_Employees_Layoffs_Commence_2026-11-21.jpg,2026-09-22,Letter,CEMEX Lyons,jpg,13_2026_Plant_Status_and_Layoffs/CEMEX_Public_Statements/2026-09-22_CEMEX_Letter_to_Lyons_Employees_Layoffs_Commence_2026-11-21.jpg
13_2026_Plant_Status_and_Layoffs,Reported_Social_and_Web_Posts,2026-09-23_to_2026-10-03_Reported_Posts_Layoffs.md,2026-09-23,Reported (unverified),CEMEX Lyons,md,13_2026_Plant_Status_and_Layoffs/Reported_Social_and_Web_Posts/2026-09-23_to_2026-10-03_Reported_Posts_Layoffs.md
