EVENT_NBR,VIOLATION_NO,MINE_ID,VIOLATOR_ID,VIOLATOR_NAME,VIOLATOR_TYPE_CD,COAL_METAL_IND,OFFICE_CD,ASSESS_CASE_NO,PRIMARY_ACTION_CD,SIG_SUB_IND,MINE_ACT_SECTION_CD,GOOD_FAITH_IND,EXCESSIVE_HISTORY_IND,CFR_STANDARD_CD,CITATION_TYPE_CD,ASSESS_TYPE_CD,ASSESS_CASE_STATUS_CD,ASSESS_CASE_STATUS_DT,OCCURRENCE_DT,ISSUE_DT,FINAL_ORDER_DT,BILL_PRINT_DT,BILL_PRINT_FISCAL_YR,PROPOSED_PENALTY_AMT,CURRENT_ASSESSMENT_AMT,MINEACT_INTEREST_AMT,EXLATE_INTEREST_AMT,PAID_PROPOSED_PENALTY_AMT,PAID_MINEACT_INTEREST_AMT,PAID_EXLATE_INTEREST_AMT,PENALTY_POINTS,GRAVITY_PERSONS_POINTS,GRAVITY_INJURY_POINTS,GRAVITY_LIKELIHOOD_POINTS,NEGLIGENCE_POINTS,CONTRACTOR_SIZE_POINTS,GOOD_FAITH_POINTS,VIOLATOR_VIOLATION_CNT,VIOLATOR_INSPECTION_DAY_CNT,VPID,VIOLATION_PER_INSP_DAY_POINTS,VIOLATOR_REPEATED_VIOL_CNT,RPID,VIOLATOR_REPEATED_VIOL_POINTS,VIOLATOR_MINE_HRS,VIOLATOR_PRODUCTION_AMT,SIZE_OF_MINE,MINE_SIZE_POINTS,CONTROLLER_HRS,CONTROLLER_PRODUCTION_AMT,SIZE_OF_CONTROLLING_ENTITY,CONTROLLER_SIZE_POINTS,DELINQUENT_DT,HISTORY_START_DT,HISTORY_END_DT,VIOLATOR_START_DT,VIOLATOR_END_DT
6693598,8831342,0500344,L18165,Cemex Inc,Operator,M,M6642,000379848,104(a),N,,Y,N,56.14100(b),Citation,Regular,Closed,06/10/2015,03/04/2015,03/04/2015,06/14/2015,04/28/2015,2015,108.00,108.00,0.00,0.00,108.00,0.00,0.00,61,1,5,10,20,0,0,26,25,1.04,10,2,.08,0,181495,0,181495,6,6207799,0,6207799,9,06/14/2015,12/04/2013,03/03/2015,02/28/2001,09/09/9999
6693598,8831343,0500344,L18165,Cemex Inc,Operator,M,M6642,000379848,104(a),N,,Y,N,56.4104(b),Citation,Regular,Closed,06/10/2015,03/04/2015,03/04/2015,06/14/2015,04/28/2015,2015,108.00,108.00,0.00,0.00,108.00,0.00,0.00,61,1,5,10,20,0,0,26,25,1.04,10,0,0,0,181495,0,181495,6,6207799,0,6207799,9,06/14/2015,12/04/2013,03/03/2015,02/28/2001,09/09/9999
6693598,8831344,0500344,L18165,Cemex Inc,Operator,M,M6642,000379848,104(a),N,,Y,N,56.12004,Citation,Regular,Closed,06/10/2015,03/04/2015,03/04/2015,06/14/2015,04/28/2015,2015,108.00,108.00,0.00,0.00,108.00,0.00,0.00,61,1,5,10,20,0,0,26,25,1.04,10,2,.08,0,181495,0,181495,6,6207799,0,6207799,9,06/14/2015,12/04/2013,03/03/2015,02/28/2001,09/09/9999
6693598,8831345,0500344,L18165,Cemex Inc,Operator,M,M6642,000379848,104(a),N,,Y,N,56.11012,Citation,Regular,Closed,06/10/2015,03/04/2015,03/04/2015,06/14/2015,04/28/2015,2015,108.00,108.00,0.00,0.00,108.00,0.00,0.00,61,1,5,10,20,0,0,26,25,1.04,10,0,0,0,181495,0,181495,6,6207799,0,6207799,9,06/14/2015,12/04/2013,03/03/2015,02/28/2001,09/09/9999
6693598,8831349,0500344,L18165,Cemex Inc,Operator,M,M6642,000379848,104(a),N,,Y,N,56.12030,Citation,Regular,Closed,06/10/2015,03/05/2015,03/05/2015,06/14/2015,04/28/2015,2015,108.00,108.00,0.00,0.00,108.00,0.00,0.00,61,1,5,10,20,0,0,26,27,.96,10,0,0,0,181495,0,181495,6,6207799,0,6207799,9,06/14/2015,12/05/2013,03/04/2015,02/28/2001,09/09/9999
6693598,8831348,0500344,L18165,Cemex Inc,Operator,M,M6642,000379848,104(a),N,,Y,N,56.14207,Citation,Regular,Closed,06/10/2015,03/05/2015,03/05/2015,06/14/2015,04/28/2015,2015,162.00,162.00,0.00,0.00,162.00,0.00,0.00,66,1,10,10,20,0,0,26,27,.96,10,0,0,0,181495,0,181495,6,6207799,0,6207799,9,06/14/2015,12/05/2013,03/04/2015,02/28/2001,09/09/9999
6693598,8831350,0500344,L18165,Cemex Inc,Operator,M,M6642,000379848,104(a),N,,Y,N,56.14112(b),Citation,Regular,Closed,06/10/2015,03/05/2015,03/05/2015,06/14/2015,04/28/2015,2015,108.00,108.00,0.00,0.00,108.00,0.00,0.00,61,1,5,10,20,0,0,26,27,.96,10,3,.111,0,181495,0,181495,6,6207799,0,6207799,9,06/14/2015,12/05/2013,03/04/2015,02/28/2001,09/09/9999
6693598,8831346,0500344,L18165,Cemex Inc,Operator,M,M6642,000379848,104(a),N,,Y,N,56.4502(a),Citation,Regular,Closed,06/10/2015,03/05/2015,03/05/2015,06/14/2015,04/28/2015,2015,108.00,108.00,0.00,0.00,108.00,0.00,0.00,61,1,5,10,20,0,0,26,27,.96,10,1,.037,0,181495,0,181495,6,6207799,0,6207799,9,06/14/2015,12/05/2013,03/04/2015,02/28/2001,09/09/9999
6693598,8831347,0500344,L18165,Cemex Inc,Operator,M,M6642,000379848,104(a),Y,,Y,N,56.11016,Citation,Regular,Closed,06/10/2015,03/05/2015,03/05/2015,06/14/2015,04/28/2015,2015,540.00,540.00,0.00,0.00,540.00,0.00,0.00,81,1,5,30,20,0,0,26,27,.96,10,0,0,0,181495,0,181495,6,6207799,0,6207799,9,06/14/2015,12/05/2013,03/04/2015,02/28/2001,09/09/9999
6693598,8831351,0500344,L18165,Cemex Inc,Operator,M,M6642,000379848,104(a),Y,,Y,N,56.14107(a),Citation,Regular,Closed,06/10/2015,03/10/2015,03/10/2015,06/14/2015,04/28/2015,2015,807.00,807.00,0.00,0.00,807.00,0.00,0.00,86,1,10,30,20,0,0,26,28,.93,10,0,0,0,181495,0,181495,6,6207799,0,6207799,9,06/14/2015,12/10/2013,03/09/2015,02/28/2001,09/09/9999
6693598,8831352,0500344,L18165,Cemex Inc,Operator,M,M6642,000379848,104(a),N,,Y,N,56.14207,Citation,Regular,Closed,06/10/2015,03/10/2015,03/10/2015,06/14/2015,04/28/2015,2015,162.00,162.00,0.00,0.00,162.00,0.00,0.00,66,1,10,10,20,0,0,26,28,.93,10,0,0,0,181495,0,181495,6,6207799,0,6207799,9,06/14/2015,12/10/2013,03/09/2015,02/28/2001,09/09/9999
6693598,8831353,0500344,L18165,Cemex Inc,Operator,M,M6642,000379848,104(a),Y,,Y,N,56.16001,Citation,Regular,Closed,06/10/2015,03/11/2015,03/11/2015,06/14/2015,04/28/2015,2015,460.00,460.00,0.00,0.00,460.00,0.00,0.00,79,1,5,30,20,0,0,26,29,.9,8,0,0,0,181495,0,181495,6,6207799,0,6207799,9,06/14/2015,12/11/2013,03/10/2015,02/28/2001,09/09/9999
6693598,8831354,0500344,L18165,Cemex Inc,Operator,M,M6642,000379848,104(a),N,,Y,N,56.13021,Citation,Regular,Closed,06/10/2015,03/11/2015,03/11/2015,06/14/2015,04/28/2015,2015,100.00,100.00,0.00,0.00,100.00,0.00,0.00,59,1,5,10,20,0,0,26,29,.9,8,1,.034,0,181495,0,181495,6,6207799,0,6207799,9,06/14/2015,12/11/2013,03/10/2015,02/28/2001,09/09/9999
6693598,8831355,0500344,L18165,Cemex Inc,Operator,M,M6642,000379848,104(a),N,,Y,N,56.12004,Citation,Regular,Closed,06/10/2015,03/11/2015,03/11/2015,06/14/2015,04/28/2015,2015,100.00,100.00,0.00,0.00,100.00,0.00,0.00,59,1,5,10,20,0,0,26,29,.9,8,2,.069,0,181495,0,181495,6,6207799,0,6207799,9,06/14/2015,12/11/2013,03/10/2015,02/28/2001,09/09/9999
6693598,8831356,0500344,L18165,Cemex Inc,Operator,M,M6642,000379848,104(a),N,,Y,N,56.14101(a)(2),Citation,Regular,Closed,06/10/2015,03/11/2015,03/11/2015,06/14/2015,04/28/2015,2015,308.00,308.00,0.00,0.00,308.00,0.00,0.00,74,1,20,10,20,0,0,26,29,.9,8,0,0,0,181495,0,181495,6,6207799,0,6207799,9,06/14/2015,12/11/2013,03/10/2015,02/28/2001,09/09/9999
6693598,8831357,0500344,L18165,Cemex Inc,Operator,M,M6642,000379848,104(a),N,,Y,N,56.12068,Citation,Regular,Closed,06/10/2015,03/12/2015,03/12/2015,06/14/2015,04/28/2015,2015,308.00,308.00,0.00,0.00,308.00,0.00,0.00,74,1,20,10,20,0,0,26,31,.84,8,0,0,0,181495,0,181495,6,6207799,0,6207799,9,06/14/2015,12/12/2013,03/11/2015,02/28/2001,09/09/9999
6698051,8831389,0500344,0093625,"CEMEX Construction Materials South, LLC",Operator,M,M6642,000393347,104(a),Y,,Y,N,56.20003(a),Citation,Regular,Closed,11/03/2015,08/04/2015,08/04/2015,11/07/2015,10/01/2015,2016,807.00,807.00,0.00,0.00,807.00,0.00,0.00,86,1,20,30,20,0,0,0,0,0,0,0,0,0,196000,0,196000,6,6231662,0,6231662,9,11/07/2015,07/22/2015,08/03/2015,07/22/2015,09/09/9999
6698051,8831388,0500344,0093625,"CEMEX Construction Materials South, LLC",Operator,M,M6642,000393347,104(a),N,,Y,N,56.12032,Citation,Regular,Closed,11/03/2015,08/04/2015,08/04/2015,11/07/2015,10/01/2015,2016,100.00,100.00,0.00,0.00,100.00,0.00,0.00,51,1,5,10,20,0,0,0,0,0,0,0,0,0,196000,0,196000,6,6231662,0,6231662,9,11/07/2015,07/22/2015,08/03/2015,07/22/2015,09/09/9999
6698051,8831385,0500344,0093625,"CEMEX Construction Materials South, LLC",Operator,M,M6642,000393347,104(a),N,,Y,N,56.4104(b),Citation,Regular,Closed,11/03/2015,08/04/2015,08/04/2015,11/07/2015,10/01/2015,2016,100.00,100.00,0.00,0.00,100.00,0.00,0.00,51,1,5,10,20,0,0,0,0,0,0,0,0,0,196000,0,196000,6,6231662,0,6231662,9,11/07/2015,07/22/2015,08/03/2015,07/22/2015,09/09/9999
6698051,8831386,0500344,0093625,"CEMEX Construction Materials South, LLC",Operator,M,M6642,000393347,104(a),N,,Y,N,56.20003(a),Citation,Regular,Closed,11/03/2015,08/04/2015,08/04/2015,11/07/2015,10/01/2015,2016,100.00,100.00,0.00,0.00,100.00,0.00,0.00,51,1,5,10,20,0,0,0,0,0,0,0,0,0,196000,0,196000,6,6231662,0,6231662,9,11/07/2015,07/22/2015,08/03/2015,07/22/2015,09/09/9999
6698051,8831387,0500344,0093625,"CEMEX Construction Materials South, LLC",Operator,M,M6642,000393347,104(a),N,,Y,N,56.13021,Citation,Regular,Closed,11/03/2015,08/04/2015,08/04/2015,11/07/2015,10/01/2015,2016,100.00,100.00,0.00,0.00,100.00,0.00,0.00,51,1,5,10,20,0,0,0,0,0,0,0,0,0,196000,0,196000,6,6231662,0,6231662,9,11/07/2015,07/22/2015,08/03/2015,07/22/2015,09/09/9999
6698051,8831390,0500344,0093625,"CEMEX Construction Materials South, LLC",Operator,M,M6642,000393347,104(a),N,,Y,N,56.4201(a)(2),Citation,Regular,Closed,11/03/2015,08/05/2015,08/05/2015,11/07/2015,10/01/2015,2016,100.00,100.00,0.00,0.00,100.00,0.00,0.00,51,1,5,10,20,0,0,0,2,0,0,0,0,0,196000,0,196000,6,6231662,0,6231662,9,11/07/2015,07/22/2015,08/04/2015,07/22/2015,09/09/9999
6698051,8831391,0500344,0093625,"CEMEX Construction Materials South, LLC",Operator,M,M6642,000393347,104(a),N,,Y,N,56.4201(a)(1),Citation,Regular,Closed,11/03/2015,08/05/2015,08/05/2015,11/07/2015,10/01/2015,2016,100.00,100.00,0.00,0.00,100.00,0.00,0.00,51,1,5,10,20,0,0,0,2,0,0,0,0,0,196000,0,196000,6,6231662,0,6231662,9,11/07/2015,07/22/2015,08/04/2015,07/22/2015,09/09/9999
6698051,8831392,0500344,0093625,"CEMEX Construction Materials South, LLC",Operator,M,M6642,000393347,104(a),N,,Y,N,56.14112(b),Citation,Regular,Closed,11/03/2015,08/05/2015,08/05/2015,11/07/2015,10/01/2015,2016,100.00,100.00,0.00,0.00,100.00,0.00,0.00,51,1,5,10,20,0,0,0,2,0,0,0,0,0,196000,0,196000,6,6231662,0,6231662,9,11/07/2015,07/22/2015,08/04/2015,07/22/2015,09/09/9999
6698051,8831393,0500344,0093625,"CEMEX Construction Materials South, LLC",Operator,M,M6642,000393347,104(a),N,,Y,N,56.12030,Citation,Regular,Closed,11/03/2015,08/05/2015,08/05/2015,11/07/2015,10/01/2015,2016,162.00,162.00,0.00,0.00,162.00,0.00,0.00,66,1,20,10,20,0,0,0,2,0,0,0,0,0,196000,0,196000,6,6231662,0,6231662,9,11/07/2015,07/22/2015,08/04/2015,07/22/2015,09/09/9999
6698051,8831394,0500344,0093625,"CEMEX Construction Materials South, LLC",Operator,M,M6642,000393347,104(a),N,,Y,N,56.12032,Citation,Regular,Closed,11/03/2015,08/05/2015,08/05/2015,11/07/2015,10/01/2015,2016,100.00,100.00,0.00,0.00,100.00,0.00,0.00,51,1,5,10,20,0,0,0,2,0,0,0,0,0,196000,0,196000,6,6231662,0,6231662,9,11/07/2015,07/22/2015,08/04/2015,07/22/2015,09/09/9999
6698051,8831395,0500344,0093625,"CEMEX Construction Materials South, LLC",Operator,M,M6642,000393347,104(a),N,,Y,N,56.13021,Citation,Regular,Closed,11/03/2015,08/06/2015,08/06/2015,11/07/2015,10/01/2015,2016,100.00,100.00,0.00,0.00,100.00,0.00,0.00,51,1,5,10,20,0,0,0,3,0,0,0,0,0,196000,0,196000,6,6231662,0,6231662,9,11/07/2015,07/22/2015,08/05/2015,07/22/2015,09/09/9999
6698051,8831396,0500344,0093625,"CEMEX Construction Materials South, LLC",Operator,M,M6642,000393347,104(a),N,,Y,N,56.11002,Citation,Regular,Closed,11/03/2015,08/06/2015,08/06/2015,11/07/2015,10/01/2015,2016,100.00,100.00,0.00,0.00,100.00,0.00,0.00,51,1,5,10,20,0,0,0,3,0,0,0,0,0,196000,0,196000,6,6231662,0,6231662,9,11/07/2015,07/22/2015,08/05/2015,07/22/2015,09/09/9999
6698051,8831397,0500344,0093625,"CEMEX Construction Materials South, LLC",Operator,M,M6642,000393347,104(a),Y,,Y,N,56.20003(a),Citation,Regular,Closed,11/03/2015,08/06/2015,08/06/2015,11/07/2015,10/01/2015,2016,362.00,362.00,0.00,0.00,362.00,0.00,0.00,76,1,10,30,20,0,0,0,3,0,0,0,0,0,196000,0,196000,6,6231662,0,6231662,9,11/07/2015,07/22/2015,08/05/2015,07/22/2015,09/09/9999
6698051,8831398,0500344,0093625,"CEMEX Construction Materials South, LLC",Operator,M,M6642,000393347,104(a),N,,Y,N,56.16005,Citation,Regular,Closed,11/03/2015,08/10/2015,08/10/2015,11/07/2015,10/01/2015,2016,100.00,100.00,0.00,0.00,100.00,0.00,0.00,51,1,5,10,20,0,0,0,4,0,0,0,0,0,196000,0,196000,6,6231662,0,6231662,9,11/07/2015,07/22/2015,08/09/2015,07/22/2015,09/09/9999
6698051,8831399,0500344,0093625,"CEMEX Construction Materials South, LLC",Operator,M,M6642,000393347,104(a),N,,Y,N,56.12004,Citation,Regular,Closed,11/03/2015,08/10/2015,08/10/2015,11/07/2015,10/01/2015,2016,100.00,100.00,0.00,0.00,100.00,0.00,0.00,51,1,5,10,20,0,0,0,4,0,0,0,0,0,196000,0,196000,6,6231662,0,6231662,9,11/07/2015,07/22/2015,08/09/2015,07/22/2015,09/09/9999
6698051,8831401,0500344,0093625,"CEMEX Construction Materials South, LLC",Operator,M,M6642,000393347,104(a),N,,Y,N,56.14130(c),Citation,Regular,Closed,11/03/2015,08/12/2015,08/12/2015,11/07/2015,10/01/2015,2016,100.00,100.00,0.00,0.00,100.00,0.00,0.00,35,0,0,0,20,0,0,0,6,0,0,0,0,0,196000,0,196000,6,6231662,0,6231662,9,11/07/2015,07/22/2015,08/11/2015,07/22/2015,09/09/9999
6698051,8831400,0500344,0093625,"CEMEX Construction Materials South, LLC",Operator,M,M6642,000393347,104(a),N,,Y,N,56.12004,Citation,Regular,Closed,11/03/2015,08/12/2015,08/12/2015,11/07/2015,10/01/2015,2016,100.00,100.00,0.00,0.00,100.00,0.00,0.00,51,1,5,10,20,0,0,0,6,0,0,0,0,0,196000,0,196000,6,6231662,0,6231662,9,11/07/2015,07/22/2015,08/11/2015,07/22/2015,09/09/9999
6699587,8833890,0500344,0093625,"CEMEX Construction Materials South, LLC",Operator,M,M6642,000409367,104(a),N,,Y,N,56.12028,Citation,Regular,Closed,05/31/2016,03/02/2016,03/02/2016,06/10/2016,05/05/2016,2016,362.00,362.00,0.00,0.00,362.00,0.00,0.00,76,1,5,10,20,0,0,17,7,2.43,25,0,0,0,188424,0,188424,6,6331392,0,6331392,9,06/10/2016,07/22/2015,03/01/2016,07/22/2015,09/09/9999
6699587,8833892,0500344,0093625,"CEMEX Construction Materials South, LLC",Operator,M,M6642,000409367,104(a),N,,Y,N,47.41(a),Citation,Regular,Closed,05/31/2016,03/03/2016,03/03/2016,06/10/2016,05/05/2016,2016,499.00,499.00,0.00,0.00,499.00,0.00,0.00,80,0,10,10,20,0,0,17,8,2.13,25,0,0,0,188424,0,188424,6,6331392,0,6331392,9,06/10/2016,07/22/2015,03/02/2016,07/22/2015,09/09/9999
6699587,8833891,0500344,0093625,"CEMEX Construction Materials South, LLC",Operator,M,M6642,000409367,104(a),N,,Y,N,56.11001,Citation,Regular,Closed,05/31/2016,03/03/2016,03/03/2016,06/10/2016,05/05/2016,2016,362.00,362.00,0.00,0.00,362.00,0.00,0.00,76,1,5,10,20,0,0,17,8,2.13,25,0,0,0,188424,0,188424,6,6331392,0,6331392,9,06/10/2016,07/22/2015,03/02/2016,07/22/2015,09/09/9999
6699587,8833894,0500344,0093625,"CEMEX Construction Materials South, LLC",Operator,M,M6642,000409367,104(a),N,,Y,N,56.13021,Citation,Regular,Closed,05/31/2016,03/08/2016,03/08/2016,06/10/2016,05/05/2016,2016,176.00,176.00,0.00,0.00,176.00,0.00,0.00,67,1,5,10,20,0,0,17,10,1.7,16,2,.2,0,188424,0,188424,6,6331392,0,6331392,9,06/10/2016,07/22/2015,03/07/2016,07/22/2015,09/09/9999
6699587,8833895,0500344,0093625,"CEMEX Construction Materials South, LLC",Operator,M,M6642,000409367,104(a),N,,Y,N,56.14107(a),Citation,Regular,Closed,05/31/2016,03/09/2016,03/09/2016,06/10/2016,05/05/2016,2016,263.00,263.00,0.00,0.00,263.00,0.00,0.00,72,1,10,10,20,0,0,17,11,1.55,16,0,0,0,188424,0,188424,6,6331392,0,6331392,9,06/10/2016,07/22/2015,03/08/2016,07/22/2015,09/09/9999
6699587,8833896,0500344,0093625,"CEMEX Construction Materials South, LLC",Operator,M,M6642,000409367,104(a),N,,Y,N,56.4201(a)(1),Citation,Regular,Closed,05/31/2016,03/09/2016,03/09/2016,06/10/2016,05/05/2016,2016,263.00,263.00,0.00,0.00,263.00,0.00,0.00,72,1,10,10,20,0,0,17,11,1.55,16,1,.091,0,188424,0,188424,6,6331392,0,6331392,9,06/10/2016,07/22/2015,03/08/2016,07/22/2015,09/09/9999
6699587,8833897,0500344,0093625,"CEMEX Construction Materials South, LLC",Operator,M,M6642,000409367,104(a),N,,Y,N,56.12032,Citation,Regular,Closed,05/31/2016,03/09/2016,03/09/2016,06/10/2016,05/05/2016,2016,176.00,176.00,0.00,0.00,176.00,0.00,0.00,67,1,5,10,20,0,0,17,11,1.55,16,2,.182,0,188424,0,188424,6,6331392,0,6331392,9,06/10/2016,07/22/2015,03/08/2016,07/22/2015,09/09/9999
6699587,8833898,0500344,0093625,"CEMEX Construction Materials South, LLC",Operator,M,M6642,000409367,104(a),N,,Y,N,56.4201(a)(2),Citation,Regular,Closed,05/31/2016,03/09/2016,03/09/2016,06/10/2016,05/05/2016,2016,263.00,263.00,0.00,0.00,263.00,0.00,0.00,72,1,10,10,20,0,0,17,11,1.55,16,1,.091,0,188424,0,188424,6,6331392,0,6331392,9,06/10/2016,07/22/2015,03/08/2016,07/22/2015,09/09/9999
6699620,8837825,0500344,0093625,"CEMEX Construction Materials South, LLC",Operator,M,M6642,000414267,104(a),N,,Y,N,47.44(a),Citation,Regular,Closed,10/03/2016,05/25/2016,05/25/2016,09/03/2016,06/30/2016,2016,162.00,162.00,0.00,0.00,162.00,0.00,0.00,66,1,10,10,20,0,0,17,16,1.06,10,0,0,0,188424,0,188424,6,6331504,0,6331504,9,09/03/2016,07/22/2015,05/24/2016,07/22/2015,09/09/9999
6699620,8837826,0500344,0093625,"CEMEX Construction Materials South, LLC",Operator,M,M6642,000416464,104(a),N,,Y,N,56.12028,Citation,Regular,Closed,10/03/2016,06/01/2016,06/01/2016,09/10/2016,08/04/2016,2016,124.00,124.00,0.00,0.00,124.00,0.00,0.00,61,1,5,10,20,0,0,17,17,1,10,0,0,0,188424,0,188424,6,6333025,0,6333025,9,09/10/2016,07/22/2015,05/31/2016,07/22/2015,09/09/9999
6699620,8837827,0500344,0093625,"CEMEX Construction Materials South, LLC",Operator,M,M6642,000416464,104(a),N,,Y,N,56.11003,Citation,Regular,Closed,10/03/2016,06/01/2016,06/01/2016,09/10/2016,08/04/2016,2016,124.00,124.00,0.00,0.00,124.00,0.00,0.00,61,1,5,10,20,0,0,17,17,1,10,0,0,0,188424,0,188424,6,6333025,0,6333025,9,09/10/2016,07/22/2015,05/31/2016,07/22/2015,09/09/9999
6699620,8837828,0500344,0093625,"CEMEX Construction Materials South, LLC",Operator,M,M6642,000416464,104(a),N,,Y,N,56.13021,Citation,Regular,Closed,10/03/2016,06/02/2016,06/02/2016,09/10/2016,08/04/2016,2016,114.00,114.00,0.00,0.00,114.00,0.00,0.00,59,1,5,10,20,0,0,17,20,.85,8,2,.1,0,188424,0,188424,6,6333025,0,6333025,9,09/10/2016,07/22/2015,06/01/2016,07/22/2015,09/09/9999
6699620,8837829,0500344,0093625,"CEMEX Construction Materials South, LLC",Operator,M,M6642,000416464,104(a),N,,Y,N,56.16006,Citation,Regular,Closed,10/03/2016,06/02/2016,06/02/2016,09/10/2016,08/04/2016,2016,351.00,351.00,0.00,0.00,351.00,0.00,0.00,74,1,20,10,20,0,0,17,20,.85,8,0,0,0,188424,0,188424,6,6333025,0,6333025,9,09/10/2016,07/22/2015,06/01/2016,07/22/2015,09/09/9999
6699620,8837830,0500344,0093625,"CEMEX Construction Materials South, LLC",Operator,M,M6642,000416464,104(a),N,,Y,N,56.14107(a),Citation,Regular,Closed,10/03/2016,06/02/2016,06/02/2016,09/10/2016,08/04/2016,2016,157.00,157.00,0.00,0.00,157.00,0.00,0.00,64,1,10,10,20,0,0,17,20,.85,8,0,0,0,188424,0,188424,6,6333025,0,6333025,9,09/10/2016,07/22/2015,06/01/2016,07/22/2015,09/09/9999
6775043,8838915,0500344,0093625,"CEMEX Construction Materials South, LLC",Operator,M,M6642,000437392,104(a),Y,,Y,N,56.14107(a),Citation,Regular,Closed,05/23/2017,02/28/2017,02/28/2017,06/09/2017,05/04/2017,2017,795.00,795.00,0.00,0.00,795.00,0.00,0.00,84,1,10,30,20,0,0,14,16,.88,8,2,.125,0,173518,0,173518,6,5869438,0,5869438,9,06/09/2017,11/28/2015,02/27/2017,07/22/2015,09/09/9999
6775043,8838913,0500344,0093625,"CEMEX Construction Materials South, LLC",Operator,M,M6642,000437392,104(a),Y,,Y,N,56.12041,Citation,Regular,Closed,05/23/2017,02/28/2017,02/28/2017,06/09/2017,05/04/2017,2017,795.00,795.00,0.00,0.00,795.00,0.00,0.00,84,1,20,30,10,0,0,14,16,.88,8,0,0,0,173518,0,173518,6,5869438,0,5869438,9,06/09/2017,11/28/2015,02/27/2017,07/22/2015,09/09/9999
6775043,8838914,0500344,0093625,"CEMEX Construction Materials South, LLC",Operator,M,M6642,000437392,104(a),Y,,Y,N,56.12018,Citation,Regular,Closed,05/23/2017,02/28/2017,02/28/2017,06/09/2017,05/04/2017,2017,795.00,795.00,0.00,0.00,795.00,0.00,0.00,84,1,20,30,10,0,0,14,16,.88,8,0,0,0,173518,0,173518,6,5869438,0,5869438,9,06/09/2017,11/28/2015,02/27/2017,07/22/2015,09/09/9999
6775043,8838911,0500344,0093625,"CEMEX Construction Materials South, LLC",Operator,M,M6642,000437392,104(a),N,,Y,N,56.12032,Citation,Regular,Closed,05/23/2017,02/28/2017,02/28/2017,06/09/2017,05/04/2017,2017,116.00,116.00,0.00,0.00,116.00,0.00,0.00,49,1,5,10,10,0,0,14,16,.88,8,1,.063,0,173518,0,173518,6,5869438,0,5869438,9,06/09/2017,11/28/2015,02/27/2017,07/22/2015,09/09/9999
6775043,8838910,0500344,0093625,"CEMEX Construction Materials South, LLC",Operator,M,M6642,000437392,104(a),N,,Y,N,56.4201(a)(1),Citation,Regular,Closed,05/23/2017,02/28/2017,02/28/2017,06/09/2017,05/04/2017,2017,116.00,116.00,0.00,0.00,116.00,0.00,0.00,59,1,5,10,20,0,0,14,16,.88,8,1,.063,0,173518,0,173518,6,5869438,0,5869438,9,06/09/2017,11/28/2015,02/27/2017,07/22/2015,09/09/9999
6775043,8838912,0500344,0093625,"CEMEX Construction Materials South, LLC",Operator,M,M6642,000437392,104(a),N,,Y,N,56.12018,Citation,Regular,Closed,05/23/2017,02/28/2017,02/28/2017,06/09/2017,05/04/2017,2017,116.00,116.00,0.00,0.00,116.00,0.00,0.00,59,1,5,10,20,0,0,14,16,.88,8,0,0,0,173518,0,173518,6,5869438,0,5869438,9,06/09/2017,11/28/2015,02/27/2017,07/22/2015,09/09/9999
6775043,8838920,0500344,0093625,"CEMEX Construction Materials South, LLC",Operator,M,M6642,000437392,104(a),N,,Y,N,56.18002(a),Citation,Regular,Closed,05/23/2017,03/01/2017,03/01/2017,06/09/2017,05/04/2017,2017,356.00,356.00,0.00,0.00,356.00,0.00,0.00,74,1,20,10,20,0,0,14,17,.82,8,0,0,0,173518,0,173518,6,5869438,0,5869438,9,06/09/2017,12/01/2015,02/28/2017,07/22/2015,09/09/9999
6775043,8838919,0500344,H879,Performance Drilling of Payson,Contractor,M,M6642,000436520,104(a),N,,Y,N,56.4101,Citation,Regular,Closed,05/22/2017,03/01/2017,03/01/2017,06/11/2017,04/19/2017,2017,116.00,116.00,0.00,0.00,116.00,0.00,0.00,51,1,20,10,20,0,0,0,0,0,0,0,0,0,0,0,0,0,0,0,0,,06/11/2017,12/01/2015,02/28/2017,01/10/2011,09/09/9999
6775043,8838916,0500344,H879,Performance Drilling of Payson,Contractor,M,M6642,000436520,104(a),Y,,Y,N,56.14100(a),Citation,Regular,Closed,05/22/2017,03/01/2017,03/01/2017,06/11/2017,04/19/2017,2017,126.00,126.00,0.00,0.00,126.00,0.00,0.00,61,1,20,30,10,0,0,0,0,0,0,0,0,0,0,0,0,0,0,0,0,,06/11/2017,12/01/2015,02/28/2017,01/10/2011,09/09/9999
6775043,8838917,0500344,H879,Performance Drilling of Payson,Contractor,M,M6642,000436520,104(a),Y,,Y,N,56.14132(b)(1),Citation,Regular,Closed,05/22/2017,03/01/2017,03/01/2017,06/11/2017,04/19/2017,2017,280.00,280.00,0.00,0.00,280.00,0.00,0.00,71,1,20,30,20,0,0,0,0,0,0,0,0,0,0,0,0,0,0,0,0,,06/11/2017,12/01/2015,02/28/2017,01/10/2011,09/09/9999
6775043,8838918,0500344,H879,Performance Drilling of Payson,Contractor,M,M6642,000436520,104(a),N,,Y,N,56.4203,Citation,Regular,Closed,05/22/2017,03/01/2017,03/01/2017,06/11/2017,04/19/2017,2017,116.00,116.00,0.00,0.00,116.00,0.00,0.00,51,1,20,10,20,0,0,0,0,0,0,0,0,0,0,0,0,0,0,0,0,,06/11/2017,12/01/2015,02/28/2017,01/10/2011,09/09/9999
6775043,8838921,0500344,0093625,"CEMEX Construction Materials South, LLC",Operator,M,M6642,000437392,104(a),N,,Y,N,56.4201(a)(1),Citation,Regular,Closed,05/23/2017,03/06/2017,03/06/2017,06/09/2017,05/04/2017,2017,116.00,116.00,0.00,0.00,116.00,0.00,0.00,56,1,5,10,20,0,0,14,21,.67,5,1,.048,0,173518,0,173518,6,5869438,0,5869438,9,06/09/2017,12/06/2015,03/05/2017,07/22/2015,09/09/9999
6775043,8838922,0500344,0093625,"CEMEX Construction Materials South, LLC",Operator,M,M6642,000437392,104(a),N,,Y,N,56.12004,Citation,Regular,Closed,05/23/2017,03/06/2017,03/06/2017,06/09/2017,05/04/2017,2017,280.00,280.00,0.00,0.00,280.00,0.00,0.00,71,1,20,10,20,0,0,14,21,.67,5,0,0,0,173518,0,173518,6,5869438,0,5869438,9,06/09/2017,12/06/2015,03/05/2017,07/22/2015,09/09/9999
6775043,8838923,0500344,0093625,"CEMEX Construction Materials South, LLC",Operator,M,M6642,000437392,104(a),N,,Y,N,56.12004,Citation,Regular,Closed,05/23/2017,03/07/2017,03/07/2017,06/09/2017,05/04/2017,2017,116.00,116.00,0.00,0.00,116.00,0.00,0.00,56,1,5,10,20,0,0,14,22,.64,5,0,0,0,173518,0,173518,6,5869438,0,5869438,9,06/09/2017,12/07/2015,03/06/2017,07/22/2015,09/09/9999
6775043,8838924,0500344,0093625,"CEMEX Construction Materials South, LLC",Operator,M,M6642,000437392,104(a),N,,Y,N,56.12018,Citation,Regular,Closed,05/23/2017,03/07/2017,03/07/2017,06/09/2017,05/04/2017,2017,116.00,116.00,0.00,0.00,116.00,0.00,0.00,56,1,5,10,20,0,0,14,22,.64,5,0,0,0,173518,0,173518,6,5869438,0,5869438,9,06/09/2017,12/07/2015,03/06/2017,07/22/2015,09/09/9999
6775043,8838925,0500344,0093625,"CEMEX Construction Materials South, LLC",Operator,M,M6642,000437392,104(a),Y,,Y,N,56.11012,Citation,Regular,Closed,05/23/2017,03/07/2017,03/07/2017,06/09/2017,05/04/2017,2017,625.00,625.00,0.00,0.00,625.00,0.00,0.00,81,1,20,30,10,0,0,14,22,.64,5,0,0,0,173518,0,173518,6,5869438,0,5869438,9,06/09/2017,12/07/2015,03/06/2017,07/22/2015,09/09/9999
6775043,8838926,0500344,0093625,"CEMEX Construction Materials South, LLC",Operator,M,M6642,000437392,104(a),N,,Y,N,56.14107(a),Citation,Regular,Closed,05/23/2017,03/07/2017,03/07/2017,06/09/2017,05/04/2017,2017,116.00,116.00,0.00,0.00,116.00,0.00,0.00,51,1,10,10,10,0,0,14,22,.64,5,2,.091,0,173518,0,173518,6,5869438,0,5869438,9,06/09/2017,12/07/2015,03/06/2017,07/22/2015,09/09/9999
6775043,8838927,0500344,0093625,"CEMEX Construction Materials South, LLC",Operator,M,M6642,000437392,104(a),N,,Y,N,56.14100(a),Citation,Regular,Closed,05/23/2017,03/08/2017,03/08/2017,06/09/2017,05/04/2017,2017,280.00,280.00,0.00,0.00,280.00,0.00,0.00,71,1,20,10,20,0,0,14,24,.58,5,0,0,0,173518,0,173518,6,5869438,0,5869438,9,06/09/2017,12/08/2015,03/07/2017,07/22/2015,09/09/9999
6776877,9341439,0500344,0093625,"CEMEX Construction Materials South, LLC",Operator,M,M6642,000447285,104(a),N,,Y,N,56.20003(a),Citation,Regular,Closed,11/13/2017,07/31/2017,07/31/2017,10/15/2017,08/31/2017,2017,173.00,173.00,0.00,0.00,173.00,0.00,0.00,65,1,5,10,20,0,0,28,20,1.4,14,0,0,0,173518,0,173518,6,5675011,0,5675011,9,,04/30/2016,07/30/2017,07/22/2015,09/09/9999
6776877,9341437,0500344,0093625,"CEMEX Construction Materials South, LLC",Operator,M,M6642,000447285,104(a),N,,Y,N,56.20003(a),Citation,Regular,Closed,11/13/2017,07/31/2017,07/31/2017,10/15/2017,08/31/2017,2017,577.00,577.00,0.00,0.00,577.00,0.00,0.00,80,1,5,10,35,0,0,28,20,1.4,14,0,0,0,173518,0,173518,6,5675011,0,5675011,9,,04/30/2016,07/30/2017,07/22/2015,09/09/9999
6776877,9341438,0500344,0093625,"CEMEX Construction Materials South, LLC",Operator,M,M6642,000447285,104(a),N,,Y,N,56.20011,Citation,Regular,Closed,11/13/2017,07/31/2017,07/31/2017,10/15/2017,08/31/2017,2017,259.00,259.00,0.00,0.00,259.00,0.00,0.00,70,1,20,10,10,0,0,28,20,1.4,14,0,0,0,173518,0,173518,6,5675011,0,5675011,9,,04/30/2016,07/30/2017,07/22/2015,09/09/9999
6776877,9341440,0500344,0093625,"CEMEX Construction Materials South, LLC",Operator,M,M6642,000447285,104(a),Y,,Y,N,56.14112(b),Citation,Regular,Closed,11/13/2017,07/31/2017,07/31/2017,10/15/2017,08/31/2017,2017,1286.00,1286.00,0.00,0.00,1286.00,0.00,0.00,90,1,10,30,20,0,0,28,20,1.4,14,0,0,0,173518,0,173518,6,5675011,0,5675011,9,,04/30/2016,07/30/2017,07/22/2015,09/09/9999
6776877,9341442,0500344,0093625,"CEMEX Construction Materials South, LLC",Operator,M,M6642,000449641,104(a),N,,Y,N,56.12028,Citation,Regular,Closed,11/13/2017,08/01/2017,08/01/2017,11/12/2017,10/05/2017,2018,148.00,148.00,0.00,0.00,148.00,0.00,0.00,63,1,5,10,20,0,0,28,22,1.27,12,2,.091,0,173518,0,173518,6,5675011,0,5675011,9,11/12/2017,05/01/2016,07/31/2017,07/22/2015,09/09/9999
6776877,9341441,0500344,0093625,"CEMEX Construction Materials South, LLC",Operator,M,M6642,000449641,104(a),N,,Y,N,56.14112(b),Citation,Regular,Closed,11/13/2017,08/01/2017,08/01/2017,11/12/2017,10/05/2017,2018,734.00,734.00,0.00,0.00,734.00,0.00,0.00,83,1,10,10,35,0,0,28,22,1.27,12,0,0,0,173518,0,173518,6,5675011,0,5675011,9,11/12/2017,05/01/2016,07/31/2017,07/22/2015,09/09/9999
6776877,9341446,0500344,0093625,"CEMEX Construction Materials South, LLC",Operator,M,M6642,000449641,104(a),Y,,Y,N,56.20003(a),Citation,Regular,Closed,11/13/2017,08/08/2017,08/08/2017,11/12/2017,10/05/2017,2018,734.00,734.00,0.00,0.00,734.00,0.00,0.00,83,1,5,30,20,0,0,28,25,1.12,12,0,0,0,173518,0,173518,6,5675011,0,5675011,9,11/12/2017,05/08/2016,08/07/2017,07/22/2015,09/09/9999
6776877,9341445,0500344,0093625,"CEMEX Construction Materials South, LLC",Operator,M,M6642,000449641,104(a),N,,Y,N,56.14107(a),Citation,Regular,Closed,11/13/2017,08/08/2017,08/08/2017,11/12/2017,10/05/2017,2018,148.00,148.00,0.00,0.00,148.00,0.00,0.00,63,1,5,10,20,0,0,28,25,1.12,12,4,.16,0,173518,0,173518,6,5675011,0,5675011,9,11/12/2017,05/08/2016,08/07/2017,07/22/2015,09/09/9999
6776877,9341443,0500344,0093625,"CEMEX Construction Materials South, LLC",Operator,M,M6642,000449641,104(a),N,,Y,N,56.12032,Citation,Regular,Closed,11/13/2017,08/08/2017,08/08/2017,11/12/2017,10/05/2017,2018,148.00,148.00,0.00,0.00,148.00,0.00,0.00,63,1,5,10,20,0,0,28,25,1.12,12,2,.08,0,173518,0,173518,6,5675011,0,5675011,9,11/12/2017,05/08/2016,08/07/2017,07/22/2015,09/09/9999
6776877,9341444,0500344,0093625,"CEMEX Construction Materials South, LLC",Operator,M,M6642,000449641,104(a),N,,Y,N,56.11002,Citation,Regular,Closed,11/13/2017,08/08/2017,08/08/2017,11/12/2017,10/05/2017,2018,492.00,492.00,0.00,0.00,492.00,0.00,0.00,78,1,20,10,20,0,0,28,25,1.12,12,0,0,0,173518,0,173518,6,5675011,0,5675011,9,11/12/2017,05/08/2016,08/07/2017,07/22/2015,09/09/9999
6776877,9346022,0500344,0093625,"CEMEX Construction Materials South, LLC",Operator,M,M6642,000449641,104(a),N,,Y,N,56.12004,Citation,Regular,Closed,11/13/2017,08/09/2017,08/09/2017,11/12/2017,10/05/2017,2018,126.00,126.00,0.00,0.00,126.00,0.00,0.00,61,1,5,10,20,0,0,28,27,1.04,10,2,.074,0,173518,0,173518,6,5675011,0,5675011,9,11/12/2017,05/09/2016,08/08/2017,07/22/2015,09/09/9999
6776877,9346023,0500344,0093625,"CEMEX Construction Materials South, LLC",Operator,M,M6642,000449641,104(a),N,,Y,N,56.12018,Citation,Regular,Closed,11/13/2017,08/09/2017,08/09/2017,11/12/2017,10/05/2017,2018,126.00,126.00,0.00,0.00,126.00,0.00,0.00,61,1,5,10,20,0,0,28,27,1.04,10,3,.111,0,173518,0,173518,6,5675011,0,5675011,9,11/12/2017,05/09/2016,08/08/2017,07/22/2015,09/09/9999
6776877,9346024,0500344,0093625,"CEMEX Construction Materials South, LLC",Operator,M,M6642,000449641,104(a),Y,,Y,N,56.16009,Citation,Regular,Closed,11/13/2017,08/10/2017,08/10/2017,11/12/2017,10/05/2017,2018,2077.00,2077.00,0.00,0.00,2077.00,0.00,0.00,96,1,20,30,20,0,0,28,29,.97,10,0,0,0,173518,0,173518,6,5675011,0,5675011,9,11/12/2017,05/10/2016,08/09/2017,07/22/2015,09/09/9999
6776877,9346025,0500344,0093625,"CEMEX Construction Materials South, LLC",Operator,M,M6642,000449641,104(a),N,,Y,N,56.15003,Citation,Regular,Closed,11/13/2017,08/10/2017,08/10/2017,11/12/2017,10/05/2017,2018,188.00,188.00,0.00,0.00,188.00,0.00,0.00,66,1,10,10,20,0,0,28,29,.97,10,0,0,0,173518,0,173518,6,5675011,0,5675011,9,11/12/2017,05/10/2016,08/09/2017,07/22/2015,09/09/9999
6785314,8838155,0500344,0093625,"CEMEX Construction Materials South, LLC",Operator,M,M6642,000458102,104(a),N,,Y,N,56.12004,Citation,Regular,Closed,05/23/2018,12/26/2017,12/26/2017,03/08/2018,02/01/2018,2018,502.00,502.00,2.86,0.00,502.00,0.00,0.00,78,1,5,10,35,0,0,28,25,1.12,12,3,.12,0,173518,0,173518,6,5673015,0,5673015,9,03/08/2018,09/26/2016,12/25/2017,07/22/2015,09/09/9999
6785314,8838156,0500344,0093625,"CEMEX Construction Materials South, LLC",Operator,M,M6642,000458102,104(a),N,,Y,N,47.41(a),Citation,Regular,Closed,05/23/2018,12/26/2017,12/26/2017,03/08/2018,02/01/2018,2018,502.00,502.00,2.86,0.00,502.00,0.00,0.00,78,1,5,10,35,0,0,28,25,1.12,12,0,0,0,173518,0,173518,6,5673015,0,5673015,9,03/08/2018,09/26/2016,12/25/2017,07/22/2015,09/09/9999
6785314,8838157,0500344,0093625,"CEMEX Construction Materials South, LLC",Operator,M,M6642,000458102,104(a),N,,Y,N,56.17001,Citation,Regular,Closed,05/23/2018,12/26/2017,12/26/2017,03/08/2018,02/01/2018,2018,151.00,151.00,0.86,0.00,151.00,0.00,0.00,63,1,5,10,20,0,0,28,25,1.12,12,0,0,0,173518,0,173518,6,5673015,0,5673015,9,03/08/2018,09/26/2016,12/25/2017,07/22/2015,09/09/9999
6785314,8838160,0500344,0093625,"CEMEX Construction Materials South, LLC",Operator,M,M6642,000458102,104(a),N,,Y,N,56.4104(b),Citation,Regular,Closed,05/23/2018,12/27/2017,12/27/2017,03/08/2018,02/01/2018,2018,128.00,128.00,0.73,0.00,128.00,0.00,0.00,61,1,5,10,20,0,0,28,26,1.08,10,0,0,0,173518,0,173518,6,5673015,0,5673015,9,03/08/2018,09/27/2016,12/26/2017,07/22/2015,09/09/9999
6785314,9347016,0500344,0093625,"CEMEX Construction Materials South, LLC",Operator,M,M6642,000458102,104(a),N,,Y,N,56.12034,Citation,Regular,Closed,05/23/2018,12/27/2017,12/27/2017,03/08/2018,02/01/2018,2018,128.00,128.00,0.73,0.00,128.00,0.00,0.00,61,1,5,10,20,0,0,28,26,1.08,10,0,0,0,173518,0,173518,6,5673015,0,5673015,9,03/08/2018,09/27/2016,12/26/2017,07/22/2015,09/09/9999
6785314,8838158,0500344,H651,Alpine Crane Service,Contractor,M,M6642,000459057,104(g)(1),N,,N,N,46.8(a)(1),Order,Regular,Closed,04/14/2018,12/27/2017,12/27/2017,03/29/2018,02/20/2018,2018,318.00,318.00,0.00,0.00,318.00,0.00,0.00,71,6,20,10,35,0,0,3,0,0,0,0,0,0,0,0,0,0,0,0,0,,03/29/2018,09/27/2016,12/26/2017,12/27/2017,09/09/9999
6785314,8838159,0500344,Q464,"S. B. Southern Welding, LLC.",Contractor,M,M6642,000459157,104(a),N,,Y,N,46.9(g),Citation,Regular,Closed,03/08/2018,12/27/2017,12/27/2017,04/07/2018,02/21/2018,2018,118.00,118.00,0.00,0.00,118.00,0.00,0.00,43,1,0,0,20,16,0,11,0,0,6,0,0,0,154650,0,154650,0,0,0,0,,,09/27/2016,12/26/2017,12/27/2017,09/09/9999
6785314,9347017,0500344,0093625,"CEMEX Construction Materials South, LLC",Operator,M,M6642,000458102,104(a),N,,Y,N,56.20003(a),Citation,Regular,Closed,05/23/2018,12/27/2017,12/27/2017,03/08/2018,02/01/2018,2018,128.00,128.00,0.73,0.00,128.00,0.00,0.00,61,1,5,10,20,0,0,28,26,1.08,10,3,.115,0,173518,0,173518,6,5673015,0,5673015,9,03/08/2018,09/27/2016,12/26/2017,07/22/2015,09/09/9999
6785314,9347015,0500344,0093625,"CEMEX Construction Materials South, LLC",Operator,M,M6642,000458102,104(a),Y,,Y,N,56.20003(a),Citation,Regular,Closed,05/23/2018,12/27/2017,12/27/2017,03/08/2018,02/01/2018,2018,638.00,638.00,3.64,0.00,638.00,0.00,0.00,81,1,5,30,20,0,0,28,26,1.08,10,3,.115,0,173518,0,173518,6,5673015,0,5673015,9,03/08/2018,09/27/2016,12/26/2017,07/22/2015,09/09/9999
6785314,8838161,0500344,0093625,"CEMEX Construction Materials South, LLC",Operator,M,M6642,000458102,104(a),N,,Y,N,56.18002(b),Citation,Regular,Closed,05/23/2018,12/28/2017,12/28/2017,03/08/2018,02/01/2018,2018,118.00,118.00,0.67,0.00,118.00,0.00,0.00,46,1,0,0,20,0,0,28,28,1,10,0,0,0,173518,0,173518,6,5673015,0,5673015,9,03/08/2018,09/28/2016,12/27/2017,07/22/2015,09/09/9999
6785314,9341497,0500344,0093625,"CEMEX Construction Materials South, LLC",Operator,M,M6642,000459660,104(a),N,,Y,N,56.4200(b)(2),Citation,Regular,Closed,03/28/2018,01/02/2018,01/02/2018,04/05/2018,03/01/2018,2018,363.00,363.00,0.00,0.00,363.00,0.00,0.00,74,1,20,10,20,0,0,28,31,.9,8,0,0,0,179876,0,179876,6,5610078,0,5610078,9,04/05/2018,10/02/2016,01/01/2018,07/22/2015,09/09/9999
6785314,8838163,0500344,0093625,"CEMEX Construction Materials South, LLC",Operator,M,M6642,000459660,104(a),N,,Y,N,56.17001,Citation,Regular,Closed,03/28/2018,01/03/2018,01/03/2018,04/05/2018,03/01/2018,2018,118.00,118.00,0.00,0.00,118.00,0.00,0.00,59,1,5,10,20,0,0,28,32,.88,8,0,0,0,179876,0,179876,6,5610078,0,5610078,9,04/05/2018,10/03/2016,01/02/2018,07/22/2015,09/09/9999
6785314,8838164,0500344,0093625,"CEMEX Construction Materials South, LLC",Operator,M,M6642,000459660,104(a),N,,Y,N,56.4201(a)(1),Citation,Regular,Closed,03/28/2018,01/03/2018,01/03/2018,04/05/2018,03/01/2018,2018,363.00,363.00,0.00,0.00,363.00,0.00,0.00,74,1,5,10,35,0,0,28,32,.88,8,2,.063,0,179876,0,179876,6,5610078,0,5610078,9,04/05/2018,10/03/2016,01/02/2018,07/22/2015,09/09/9999
6785314,9341498,0500344,0093625,"CEMEX Construction Materials South, LLC",Operator,M,M6642,000459660,104(a),N,,Y,N,47.41(a)(1),Citation,Regular,Closed,03/28/2018,01/04/2018,01/04/2018,04/05/2018,03/01/2018,2018,118.00,118.00,0.00,0.00,118.00,0.00,0.00,59,1,5,10,20,0,0,28,33,.85,8,0,0,0,179876,0,179876,6,5610078,0,5610078,9,04/05/2018,10/04/2016,01/03/2018,07/22/2015,09/09/9999
6785314,9341499,0500344,0093625,"CEMEX Construction Materials South, LLC",Operator,M,M6642,000459660,104(a),N,,Y,N,56.12028,Citation,Regular,Closed,03/28/2018,01/08/2018,01/08/2018,04/05/2018,03/01/2018,2018,363.00,363.00,0.00,0.00,363.00,0.00,0.00,74,1,5,10,35,0,0,28,35,.8,8,1,.029,0,179876,0,179876,6,5610078,0,5610078,9,04/05/2018,10/08/2016,01/07/2018,07/22/2015,09/09/9999
6785314,8838165,0500344,0093625,"CEMEX Construction Materials South, LLC",Operator,M,M6642,000459660,104(a),Y,,Y,N,56.20003(a),Citation,Regular,Closed,03/28/2018,01/17/2018,01/17/2018,04/05/2018,03/01/2018,2018,544.00,544.00,0.00,0.00,544.00,0.00,0.00,79,1,5,30,20,0,0,28,35,.8,8,3,.086,0,179876,0,179876,6,5610078,0,5610078,9,04/05/2018,10/17/2016,01/16/2018,07/22/2015,09/09/9999
6785646,9347496,0500344,0093625,"CEMEX Construction Materials South, LLC",Operator,M,M6642,000474418,104(a),N,,Y,N,56.20003(a),Citation,Regular,Closed,11/27/2018,08/29/2018,08/29/2018,11/11/2018,10/04/2018,2019,953.00,953.00,0.00,0.00,953.00,0.00,0.00,86,1,5,10,20,0,0,42,23,1.83,19,6,.261,16,179876,0,179876,6,5574390,0,5574390,9,11/11/2018,05/29/2017,08/28/2018,07/22/2015,09/09/9999
6785646,9347497,0500344,0093625,"CEMEX Construction Materials South, LLC",Operator,M,M6642,000474418,104(a),N,,Y,N,56.14107(a),Citation,Regular,Closed,11/27/2018,08/30/2018,08/30/2018,11/11/2018,10/04/2018,2019,395.00,395.00,0.00,0.00,395.00,0.00,0.00,75,1,10,10,20,0,0,42,24,1.75,19,3,.125,0,179876,0,179876,6,5574390,0,5574390,9,11/11/2018,05/30/2017,08/29/2018,07/22/2015,09/09/9999
6785646,9347498,0500344,0093625,"CEMEX Construction Materials South, LLC",Operator,M,M6642,000476981,104(a),N,,Y,N,56.14100(b),Citation,Regular,Closed,02/26/2019,09/04/2018,09/04/2018,12/26/2018,11/14/2018,2019,208.00,208.00,0.50,0.00,208.00,0.00,0.00,67,1,5,10,20,0,0,42,26,1.62,16,0,0,0,179876,0,179876,6,5574390,0,5574390,9,12/26/2018,06/04/2017,09/03/2018,07/22/2015,09/09/9999
6785564,9348205,0500344,0093625,"CEMEX Construction Materials South, LLC",Operator,M,M6642,000482582,104(a),N,,Y,N,56.12004,Citation,Regular,Closed,03/04/2019,12/27/2018,12/27/2018,03/17/2019,02/05/2019,2019,270.00,270.00,0.00,0.00,270.00,0.00,0.00,70,1,5,10,20,0,0,31,18,1.72,19,2,.111,0,179876,0,179876,6,5543390,0,5543390,9,03/17/2019,09/27/2017,12/26/2018,07/22/2015,09/09/9999
6785564,9347881,0500344,0093625,"CEMEX Construction Materials South, LLC",Operator,M,M6642,000482582,104(a),N,,Y,N,56.14112(b),Citation,Regular,Closed,03/04/2019,01/02/2019,01/02/2019,03/17/2019,02/05/2019,2019,708.00,708.00,0.00,0.00,708.00,0.00,0.00,82,1,20,10,20,0,0,31,20,1.55,16,2,.1,0,146156,0,146156,6,5496273,0,5496273,9,03/17/2019,10/02/2017,01/01/2019,07/22/2015,09/09/9999
6785564,9347882,0500344,0093625,"CEMEX Construction Materials South, LLC",Operator,M,M6642,000482582,104(a),N,,Y,N,56.20003(a),Citation,Regular,Closed,03/04/2019,01/02/2019,01/02/2019,03/17/2019,02/05/2019,2019,832.00,832.00,0.00,0.00,832.00,0.00,0.00,84,1,5,10,20,0,0,31,20,1.55,16,7,.35,17,146156,0,146156,6,5496273,0,5496273,9,03/17/2019,10/02/2017,01/01/2019,07/22/2015,09/09/9999
6785564,9347883,0500344,0093625,"CEMEX Construction Materials South, LLC",Operator,M,M6642,000482582,104(a),N,,Y,N,56.14100(b),Citation,Regular,Closed,03/04/2019,01/02/2019,01/02/2019,03/17/2019,02/05/2019,2019,214.00,214.00,0.00,0.00,214.00,0.00,0.00,67,1,5,10,20,0,0,31,20,1.55,16,1,.05,0,146156,0,146156,6,5496273,0,5496273,9,03/17/2019,10/02/2017,01/01/2019,07/22/2015,09/09/9999
6785564,9347884,0500344,0093625,"CEMEX Construction Materials South, LLC",Operator,M,M6642,000482582,104(a),N,,Y,N,56.14112(a)(1),Citation,Regular,Closed,03/04/2019,01/02/2019,01/02/2019,03/17/2019,02/05/2019,2019,708.00,708.00,0.00,0.00,708.00,0.00,0.00,82,1,20,10,20,0,0,31,20,1.55,16,0,0,0,146156,0,146156,6,5496273,0,5496273,9,03/17/2019,10/02/2017,01/01/2019,07/22/2015,09/09/9999
6785564,9348206,0500344,0093625,"CEMEX Construction Materials South, LLC",Operator,M,M6642,000482582,104(a),N,,Y,N,56.13021,Citation,Regular,Closed,03/04/2019,01/02/2019,01/02/2019,03/17/2019,02/05/2019,2019,214.00,214.00,0.00,0.00,214.00,0.00,0.00,67,1,5,10,20,0,0,31,20,1.55,16,0,0,0,146156,0,146156,6,5496273,0,5496273,9,03/17/2019,10/02/2017,01/01/2019,07/22/2015,09/09/9999
6785564,9347880,0500344,0093625,"CEMEX Construction Materials South, LLC",Operator,M,M6642,000482582,104(a),N,,Y,N,56.12004,Citation,Regular,Closed,03/04/2019,01/02/2019,01/02/2019,03/17/2019,02/05/2019,2019,214.00,214.00,0.00,0.00,214.00,0.00,0.00,67,1,5,10,20,0,0,31,20,1.55,16,2,.1,0,146156,0,146156,6,5496273,0,5496273,9,03/17/2019,10/02/2017,01/01/2019,07/22/2015,09/09/9999
6785564,9347879,0500344,0093625,"CEMEX Construction Materials South, LLC",Operator,M,M6642,000482582,104(a),N,,Y,N,56.14112(a)(1),Citation,Regular,Closed,03/04/2019,01/02/2019,01/02/2019,03/17/2019,02/05/2019,2019,708.00,708.00,0.00,0.00,708.00,0.00,0.00,82,1,20,10,20,0,0,31,20,1.55,16,0,0,0,146156,0,146156,6,5496273,0,5496273,9,03/17/2019,10/02/2017,01/01/2019,07/22/2015,09/09/9999
6785564,9348208,0500344,B8645,Bobcat of the Rockies,Contractor,M,M6642,000483735,104(a),N,,Y,N,56.14207,Citation,Regular,Closed,04/03/2019,01/03/2019,01/03/2019,03/27/2019,02/20/2019,2019,121.00,121.00,0.00,0.00,121.00,0.00,0.00,41,1,20,10,10,0,0,0,0,0,0,0,0,0,0,0,0,0,0,0,0,,03/27/2019,10/03/2017,01/02/2019,01/03/2019,09/09/9999
6785564,9348207,0500344,H464,"Honnen Equipment, Inc.",Contractor,M,M6642,000483835,104(a),N,,Y,N,56.14100(b),Citation,Regular,Closed,03/20/2019,01/03/2019,01/03/2019,04/07/2019,02/21/2019,2019,121.00,121.00,0.00,0.00,121.00,0.00,0.00,56,1,10,10,35,0,0,0,0,0,0,0,0,0,0,0,0,0,0,0,0,,04/07/2019,10/03/2017,01/02/2019,01/03/2019,09/09/9999
6785564,9348209,0500344,B8645,Bobcat of the Rockies,Contractor,M,M6642,000483735,104(a),N,,Y,N,56.4201(a)(2),Citation,Regular,Closed,04/03/2019,01/03/2019,01/03/2019,03/27/2019,02/20/2019,2019,121.00,121.00,0.00,0.00,121.00,0.00,0.00,26,1,5,10,10,0,0,0,0,0,0,0,0,0,0,0,0,0,0,0,0,,03/27/2019,10/03/2017,01/02/2019,01/03/2019,09/09/9999
6785564,9347888,0500344,0093625,"CEMEX Construction Materials South, LLC",Operator,M,M6642,000482582,104(a),N,,Y,N,56.12028,Citation,Regular,Closed,03/04/2019,01/03/2019,01/03/2019,03/17/2019,02/05/2019,2019,181.00,181.00,0.00,0.00,181.00,0.00,0.00,65,1,5,10,20,0,0,31,23,1.35,14,2,.087,0,146156,0,146156,6,5496273,0,5496273,9,03/17/2019,10/03/2017,01/02/2019,07/22/2015,09/09/9999
6785564,9347890,0500344,0093625,"CEMEX Construction Materials South, LLC",Operator,M,M6642,000482582,104(a),N,,Y,N,56.12032,Citation,Regular,Closed,03/04/2019,01/03/2019,01/03/2019,03/17/2019,02/05/2019,2019,181.00,181.00,0.00,0.00,181.00,0.00,0.00,65,1,5,10,20,0,0,31,23,1.35,14,1,.043,0,146156,0,146156,6,5496273,0,5496273,9,03/17/2019,10/03/2017,01/02/2019,07/22/2015,09/09/9999
6785564,9347889,0500344,0093625,"CEMEX Construction Materials South, LLC",Operator,M,M6642,000482582,104(a),N,,Y,N,56.12004,Citation,Regular,Closed,03/04/2019,01/03/2019,01/03/2019,03/17/2019,02/05/2019,2019,181.00,181.00,0.00,0.00,181.00,0.00,0.00,65,1,5,10,20,0,0,31,23,1.35,14,2,.087,0,146156,0,146156,6,5496273,0,5496273,9,03/17/2019,10/03/2017,01/02/2019,07/22/2015,09/09/9999
6785564,9347887,0500344,0093625,"CEMEX Construction Materials South, LLC",Operator,M,M6642,000482582,104(a),N,,Y,N,56.12004,Citation,Regular,Closed,03/04/2019,01/03/2019,01/03/2019,03/17/2019,02/05/2019,2019,181.00,181.00,0.00,0.00,181.00,0.00,0.00,65,1,5,10,20,0,0,31,23,1.35,14,2,.087,0,146156,0,146156,6,5496273,0,5496273,9,03/17/2019,10/03/2017,01/02/2019,07/22/2015,09/09/9999
6785564,9347886,0500344,0093625,"CEMEX Construction Materials South, LLC",Operator,M,M6642,000482582,104(a),N,,Y,N,56.13021,Citation,Regular,Closed,03/04/2019,01/03/2019,01/03/2019,03/17/2019,02/05/2019,2019,181.00,181.00,0.00,0.00,181.00,0.00,0.00,65,1,5,10,20,0,0,31,23,1.35,14,0,0,0,146156,0,146156,6,5496273,0,5496273,9,03/17/2019,10/03/2017,01/02/2019,07/22/2015,09/09/9999
6785564,9347885,0500344,0093625,"CEMEX Construction Materials South, LLC",Operator,M,M6642,000482582,104(a),N,,Y,N,56.12018,Citation,Regular,Closed,03/04/2019,01/03/2019,01/03/2019,03/17/2019,02/05/2019,2019,181.00,181.00,0.00,0.00,181.00,0.00,0.00,65,1,5,10,20,0,0,31,23,1.35,14,1,.043,0,146156,0,146156,6,5496273,0,5496273,9,03/17/2019,10/03/2017,01/02/2019,07/22/2015,09/09/9999
6785564,9348210,0500344,B8645,Bobcat of the Rockies,Contractor,M,M6642,000483735,104(a),Y,,Y,N,56.20003(a),Citation,Regular,Closed,04/03/2019,01/03/2019,01/03/2019,03/27/2019,02/20/2019,2019,132.00,132.00,0.00,0.00,132.00,0.00,0.00,61,1,10,30,20,0,0,0,0,0,0,0,0,0,0,0,0,0,0,0,0,,03/27/2019,10/03/2017,01/02/2019,01/03/2019,09/09/9999
6785564,9347891,0500344,0093625,"CEMEX Construction Materials South, LLC",Operator,M,M6642,000482582,104(a),Y,,Y,N,56.14205,Citation,Regular,Closed,03/04/2019,01/03/2019,01/03/2019,03/17/2019,02/05/2019,2019,902.00,902.00,0.00,0.00,902.00,0.00,0.00,85,1,5,30,20,0,0,31,23,1.35,14,0,0,0,146156,0,146156,6,5496273,0,5496273,9,03/17/2019,10/03/2017,01/02/2019,07/22/2015,09/09/9999
6785564,9348213,0500344,0093625,"CEMEX Construction Materials South, LLC",Operator,M,M6642,000482582,104(a),N,,Y,N,56.18002(a),Citation,Regular,Closed,03/04/2019,01/04/2019,01/04/2019,03/17/2019,02/05/2019,2019,154.00,154.00,0.00,0.00,154.00,0.00,0.00,63,1,5,10,20,0,0,31,26,1.19,12,0,0,0,146156,0,146156,6,5496273,0,5496273,9,03/17/2019,10/04/2017,01/03/2019,07/22/2015,09/09/9999
6785564,9347893,0500344,0093625,"CEMEX Construction Materials South, LLC",Operator,M,M6642,000482582,104(a),N,,Y,N,56.14112(b),Citation,Regular,Closed,03/04/2019,01/04/2019,01/04/2019,03/17/2019,02/05/2019,2019,230.00,230.00,0.00,0.00,230.00,0.00,0.00,68,1,10,10,20,0,0,31,26,1.19,12,2,.077,0,146156,0,146156,6,5496273,0,5496273,9,03/17/2019,10/04/2017,01/03/2019,07/22/2015,09/09/9999
6785564,9348211,0500344,0093625,"CEMEX Construction Materials South, LLC",Operator,M,M6642,000482582,104(a),N,,Y,N,56.4201(a)(5),Citation,Regular,Closed,03/04/2019,01/04/2019,01/04/2019,03/17/2019,02/05/2019,2019,514.00,514.00,0.00,0.00,514.00,0.00,0.00,78,1,5,10,35,0,0,31,26,1.19,12,0,0,0,146156,0,146156,6,5496273,0,5496273,9,03/17/2019,10/04/2017,01/03/2019,07/22/2015,09/09/9999
6785564,9347894,0500344,0093625,"CEMEX Construction Materials South, LLC",Operator,M,M6642,000482582,104(a),N,,Y,N,56.12028,Citation,Regular,Closed,03/04/2019,01/04/2019,01/04/2019,03/17/2019,02/05/2019,2019,154.00,154.00,0.00,0.00,154.00,0.00,0.00,63,1,5,10,20,0,0,31,26,1.19,12,2,.077,0,146156,0,146156,6,5496273,0,5496273,9,03/17/2019,10/04/2017,01/03/2019,07/22/2015,09/09/9999
6785564,9347892,0500344,0093625,"CEMEX Construction Materials South, LLC",Operator,M,M6642,000482582,104(a),N,,Y,N,56.16005,Citation,Regular,Closed,03/04/2019,01/04/2019,01/04/2019,03/17/2019,02/05/2019,2019,154.00,154.00,0.00,0.00,154.00,0.00,0.00,63,1,5,10,20,0,0,31,26,1.19,12,0,0,0,146156,0,146156,6,5496273,0,5496273,9,03/17/2019,10/04/2017,01/03/2019,07/22/2015,09/09/9999
6785564,9348212,0500344,0093625,"CEMEX Construction Materials South, LLC",Operator,M,M6642,000482582,104(a),N,,Y,N,56.12004,Citation,Regular,Closed,03/04/2019,01/04/2019,01/04/2019,03/17/2019,02/05/2019,2019,514.00,514.00,0.00,0.00,514.00,0.00,0.00,78,1,20,10,20,0,0,31,26,1.19,12,2,.077,0,146156,0,146156,6,5496273,0,5496273,9,03/17/2019,10/04/2017,01/03/2019,07/22/2015,09/09/9999
6785564,9348214,0500344,0093625,"CEMEX Construction Materials South, LLC",Operator,M,M6642,000484435,104(a),Y,,Y,N,56.11001,Citation,Regular,Closed,04/30/2019,01/07/2019,01/07/2019,04/10/2019,03/05/2019,2019,3241.00,3241.00,0.00,0.00,3241.00,0.00,0.00,101,1,10,30,35,0,0,31,29,1.07,10,0,0,0,146156,0,146156,6,5496273,0,5496273,9,04/10/2019,10/07/2017,01/06/2019,07/22/2015,09/09/9999
6785564,9348215,0500344,0093625,"CEMEX Construction Materials South, LLC",Operator,M,M6642,000484435,104(a),Y,,Y,N,56.14100(b),Citation,Regular,Closed,04/30/2019,01/07/2019,01/07/2019,04/10/2019,03/05/2019,2019,2172.00,2172.00,0.00,0.00,2172.00,0.00,0.00,96,1,5,30,35,0,0,31,29,1.07,10,1,.034,0,146156,0,146156,6,5496273,0,5496273,9,04/10/2019,10/07/2017,01/06/2019,07/22/2015,09/09/9999
6785595,9397319,0500344,0093625,"CEMEX Construction Materials South, LLC",Operator,M,M6642,000496685,104(a),N,,Y,N,56.12028,Citation,Regular,Closed,02/11/2020,06/10/2019,06/10/2019,01/21/2020,08/06/2019,2019,708.00,708.00,0.00,0.00,708.00,0.00,0.00,82,1,5,10,35,0,0,32,20,1.6,16,3,.15,0,146156,0,146156,6,5503486,0,5503486,9,01/21/2020,03/10/2018,06/09/2019,07/22/2015,09/09/9999
6785595,9397424,0500344,0093625,"CEMEX Construction Materials South, LLC",Operator,M,M6642,000496685,104(a),N,,Y,N,56.11001,Citation,Regular,Closed,02/11/2020,06/10/2019,06/10/2019,09/11/2019,08/06/2019,2019,121.00,121.00,0.00,0.00,121.00,0.00,0.00,57,1,5,10,10,0,0,32,20,1.6,16,1,.05,0,146156,0,146156,6,5503486,0,5503486,9,09/11/2019,03/10/2018,06/09/2019,07/22/2015,09/09/9999
6785595,9397320,0500344,0093625,"CEMEX Construction Materials South, LLC",Operator,M,M6642,000496685,104(a),N,,Y,N,56.20003(a),Citation,Regular,Closed,02/11/2020,06/10/2019,06/10/2019,09/11/2019,08/06/2019,2019,214.00,214.00,0.00,0.00,214.00,0.00,0.00,67,1,5,10,20,0,0,32,20,1.6,16,3,.15,0,146156,0,146156,6,5503486,0,5503486,9,09/11/2019,03/10/2018,06/09/2019,07/22/2015,09/09/9999
6785595,9397321,0500344,0093625,"CEMEX Construction Materials South, LLC",Operator,M,M6642,000496685,104(a),Y,,Y,N,56.12030,Citation,Regular,Closed,02/11/2020,06/10/2019,06/10/2019,01/21/2020,08/06/2019,2019,3511.00,3511.00,0.00,0.00,3511.00,0.00,0.00,102,1,5,30,35,0,0,32,20,1.6,16,0,0,0,146156,0,146156,6,5503486,0,5503486,9,01/21/2020,03/10/2018,06/09/2019,07/22/2015,09/09/9999
6785595,9397317,0500344,0093625,"CEMEX Construction Materials South, LLC",Operator,M,M6642,000496685,104(a),N,,Y,N,56.12028,Citation,Regular,Closed,02/11/2020,06/10/2019,06/10/2019,09/11/2019,08/06/2019,2019,214.00,214.00,0.00,0.00,214.00,0.00,0.00,67,1,5,10,20,0,0,32,20,1.6,16,3,.15,0,146156,0,146156,6,5503486,0,5503486,9,09/11/2019,03/10/2018,06/09/2019,07/22/2015,09/09/9999
6785595,9397318,0500344,0093625,"CEMEX Construction Materials South, LLC",Operator,M,M6642,000496685,104(a),N,,Y,N,56.12028,Citation,Regular,Closed,02/11/2020,06/10/2019,06/10/2019,01/21/2020,08/06/2019,2019,708.00,708.00,0.00,0.00,708.00,0.00,0.00,82,1,5,10,35,0,0,32,20,1.6,16,3,.15,0,146156,0,146156,6,5503486,0,5503486,9,01/21/2020,03/10/2018,06/09/2019,07/22/2015,09/09/9999
6785595,9397336,0500344,0093625,"CEMEX Construction Materials South, LLC",Operator,M,M6642,000496685,104(a),N,,Y,N,56.12028,Citation,Regular,Closed,02/11/2020,06/11/2019,06/11/2019,01/21/2020,08/06/2019,2019,181.00,181.00,0.00,0.00,181.00,0.00,0.00,65,1,5,10,20,0,0,32,22,1.45,14,3,.136,0,146156,0,146156,6,5503486,0,5503486,9,01/21/2020,03/11/2018,06/10/2019,07/22/2015,09/09/9999
6785595,9397333,0500344,0093625,"CEMEX Construction Materials South, LLC",Operator,M,M6642,000496685,104(a),N,,Y,N,56.12032,Citation,Regular,Closed,02/11/2020,06/11/2019,06/11/2019,09/11/2019,08/06/2019,2019,604.00,604.00,1.44,0.00,604.00,0.00,0.00,80,1,20,10,20,0,0,32,22,1.45,14,1,.045,0,146156,0,146156,6,5503486,0,5503486,9,09/11/2019,03/11/2018,06/10/2019,07/22/2015,09/09/9999
6785595,9397332,0500344,0093625,"CEMEX Construction Materials South, LLC",Operator,M,M6642,000496685,104(a),N,,Y,N,56.16006,Citation,Regular,Closed,02/11/2020,06/11/2019,06/11/2019,01/21/2020,08/06/2019,2019,902.00,902.00,0.00,0.00,902.00,0.00,0.00,85,1,10,10,35,0,0,32,22,1.45,14,0,0,0,146156,0,146156,6,5503486,0,5503486,9,01/21/2020,03/11/2018,06/10/2019,07/22/2015,09/09/9999
6785595,9397337,0500344,0093625,"CEMEX Construction Materials South, LLC",Operator,M,M6642,000496685,104(a),N,,Y,N,56.4603(b),Citation,Regular,Closed,02/11/2020,06/11/2019,06/11/2019,01/21/2020,08/06/2019,2019,902.00,902.00,0.00,0.00,902.00,0.00,0.00,85,1,10,10,35,0,0,32,22,1.45,14,0,0,0,146156,0,146156,6,5503486,0,5503486,9,01/21/2020,03/11/2018,06/10/2019,07/22/2015,09/09/9999
6785595,9397335,0500344,0093625,"CEMEX Construction Materials South, LLC",Operator,M,M6642,000496685,104(a),N,,Y,N,56.12028,Citation,Regular,Closed,02/11/2020,06/11/2019,06/11/2019,01/21/2020,08/06/2019,2019,181.00,181.00,0.00,0.00,181.00,0.00,0.00,65,1,5,10,20,0,0,32,22,1.45,14,3,.136,0,146156,0,146156,6,5503486,0,5503486,9,01/21/2020,03/11/2018,06/10/2019,07/22/2015,09/09/9999
6785595,9397331,0500344,0093625,"CEMEX Construction Materials South, LLC",Operator,M,M6642,000496685,104(a),Y,,Y,N,56.12004,Citation,Regular,Closed,02/11/2020,06/11/2019,06/11/2019,01/21/2020,08/06/2019,2019,2993.00,2993.00,0.00,0.00,2993.00,0.00,0.00,100,1,20,30,20,0,0,32,22,1.45,14,5,.227,0,146156,0,146156,6,5503486,0,5503486,9,01/21/2020,03/11/2018,06/10/2019,07/22/2015,09/09/9999
6785595,9397339,0500344,0093625,"CEMEX Construction Materials South, LLC",Operator,M,M6642,000496685,104(a),N,,Y,N,56.20003(a),Citation,Regular,Closed,02/11/2020,06/11/2019,06/11/2019,01/21/2020,08/06/2019,2019,902.00,202.00,0.00,0.00,202.00,0.00,0.00,65,1,5,10,20,0,0,32,22,1.45,14,3,.136,0,146156,0,146156,6,5503486,0,5503486,9,01/21/2020,03/11/2018,06/10/2019,07/22/2015,09/09/9999
6785595,9397425,0500344,0093625,"CEMEX Construction Materials South, LLC",Operator,M,M6642,000496685,104(a),N,,Y,N,56.12008,Citation,Regular,Closed,02/11/2020,06/11/2019,06/11/2019,09/11/2019,08/06/2019,2019,121.00,121.00,0.66,0.00,121.00,0.00,0.00,55,1,5,10,10,0,0,32,22,1.45,14,0,0,0,146156,0,146156,6,5503486,0,5503486,9,09/11/2019,03/11/2018,06/10/2019,07/22/2015,09/09/9999
6785595,9397426,0500344,0093625,"CEMEX Construction Materials South, LLC",Operator,M,M6642,000496685,104(a),N,,Y,N,56.20003(c),Citation,Regular,Closed,02/11/2020,06/11/2019,06/11/2019,09/11/2019,08/06/2019,2019,121.00,121.00,0.66,0.00,121.00,0.00,0.00,55,1,5,10,10,0,0,32,22,1.45,14,0,0,0,146156,0,146156,6,5503486,0,5503486,9,09/11/2019,03/11/2018,06/10/2019,07/22/2015,09/09/9999
6785595,9397427,0500344,0093625,"CEMEX Construction Materials South, LLC",Operator,M,M6642,000496685,104(a),N,,Y,N,56.20003(c),Citation,Regular,Closed,02/11/2020,06/11/2019,06/11/2019,09/11/2019,08/06/2019,2019,121.00,121.00,0.66,0.00,121.00,0.00,0.00,55,1,5,10,10,0,0,32,22,1.45,14,0,0,0,146156,0,146156,6,5503486,0,5503486,9,09/11/2019,03/11/2018,06/10/2019,07/22/2015,09/09/9999
6785595,9397428,0500344,0093625,"CEMEX Construction Materials South, LLC",Operator,M,M6642,000496685,104(a),N,,Y,N,56.20003(c),Citation,Regular,Closed,02/11/2020,06/11/2019,06/11/2019,09/11/2019,08/06/2019,2019,121.00,121.00,0.66,0.00,121.00,0.00,0.00,55,1,5,10,10,0,0,32,22,1.45,14,0,0,0,146156,0,146156,6,5503486,0,5503486,9,09/11/2019,03/11/2018,06/10/2019,07/22/2015,09/09/9999
6785595,9397429,0500344,0093625,"CEMEX Construction Materials South, LLC",Operator,M,M6642,000496685,104(a),N,,Y,N,56.20003(c),Citation,Regular,Closed,02/11/2020,06/11/2019,06/11/2019,09/11/2019,08/06/2019,2019,121.00,121.00,0.66,0.00,121.00,0.00,0.00,55,1,5,10,10,0,0,32,22,1.45,14,0,0,0,146156,0,146156,6,5503486,0,5503486,9,09/11/2019,03/11/2018,06/10/2019,07/22/2015,09/09/9999
6785595,9397430,0500344,0093625,"CEMEX Construction Materials South, LLC",Operator,M,M6642,000496685,104(a),N,,Y,N,56.20003(c),Citation,Regular,Closed,02/11/2020,06/11/2019,06/11/2019,09/11/2019,08/06/2019,2019,121.00,121.00,0.66,0.00,121.00,0.00,0.00,55,1,5,10,10,0,0,32,22,1.45,14,0,0,0,146156,0,146156,6,5503486,0,5503486,9,09/11/2019,03/11/2018,06/10/2019,07/22/2015,09/09/9999
6785595,9397431,0500344,0093625,"CEMEX Construction Materials South, LLC",Operator,M,M6642,000496685,104(a),N,,Y,N,56.20003(c),Citation,Regular,Closed,02/11/2020,06/11/2019,06/11/2019,09/11/2019,08/06/2019,2019,121.00,121.00,0.66,0.00,121.00,0.00,0.00,55,1,5,10,10,0,0,32,22,1.45,14,0,0,0,146156,0,146156,6,5503486,0,5503486,9,09/11/2019,03/11/2018,06/10/2019,07/22/2015,09/09/9999
6785595,9397338,0500344,0093625,"CEMEX Construction Materials South, LLC",Operator,M,M6642,000496685,104(a),N,,Y,N,56.12028,Citation,Regular,Closed,02/11/2020,06/11/2019,06/11/2019,01/21/2020,08/06/2019,2019,604.00,604.00,0.00,0.00,604.00,0.00,0.00,80,1,5,10,35,0,0,32,22,1.45,14,3,.136,0,146156,0,146156,6,5503486,0,5503486,9,01/21/2020,03/11/2018,06/10/2019,07/22/2015,09/09/9999
6785595,9397330,0500344,0093625,"CEMEX Construction Materials South, LLC",Operator,M,M6642,000496685,104(a),N,,Y,N,56.16005,Citation,Regular,Closed,02/11/2020,06/11/2019,06/11/2019,09/11/2019,08/06/2019,2019,270.00,270.00,1.48,0.00,270.00,0.00,0.00,70,1,10,10,20,0,0,32,22,1.45,14,1,.045,0,146156,0,146156,6,5503486,0,5503486,9,09/11/2019,03/11/2018,06/10/2019,07/22/2015,09/09/9999
6785595,9397334,0500344,0093625,"CEMEX Construction Materials South, LLC",Operator,M,M6642,000496685,104(a),N,,Y,N,56.12028,Citation,Regular,Closed,02/11/2020,06/11/2019,06/11/2019,01/21/2020,08/06/2019,2019,604.00,604.00,0.00,0.00,604.00,0.00,0.00,80,1,5,10,35,0,0,32,22,1.45,14,3,.136,0,146156,0,146156,6,5503486,0,5503486,9,01/21/2020,03/11/2018,06/10/2019,07/22/2015,09/09/9999
6785595,9397328,0500344,0093625,"CEMEX Construction Materials South, LLC",Operator,M,M6642,000496685,104(a),N,,Y,N,56.16006,Citation,Regular,Closed,02/11/2020,06/11/2019,06/11/2019,09/11/2019,08/06/2019,2019,270.00,270.00,1.48,0.00,270.00,0.00,0.00,70,1,10,10,20,0,0,32,22,1.45,14,0,0,0,146156,0,146156,6,5503486,0,5503486,9,09/11/2019,03/11/2018,06/10/2019,07/22/2015,09/09/9999
6785595,9348277,0500344,0093625,"CEMEX Construction Materials South, LLC",Operator,M,M6642,000496685,104(a),N,,Y,N,56.20002(a),Citation,Regular,Closed,02/11/2020,06/11/2019,06/11/2019,01/21/2020,08/06/2019,2019,405.00,135.00,0.00,0.00,135.00,0.00,0.00,55,1,5,10,10,0,0,32,22,1.45,14,0,0,0,146156,0,146156,6,5503486,0,5503486,9,01/21/2020,03/11/2018,06/10/2019,07/22/2015,09/09/9999
6785595,9348278,0500344,0093625,"CEMEX Construction Materials South, LLC",Operator,M,M6642,000496685,104(a),Y,,Y,N,56.15001,Citation,Regular,Closed,02/11/2020,06/11/2019,06/11/2019,01/21/2020,08/06/2019,2019,902.00,902.00,0.00,0.00,902.00,0.00,0.00,85,1,5,30,20,0,0,32,22,1.45,14,0,0,0,146156,0,146156,6,5503486,0,5503486,9,01/21/2020,03/11/2018,06/10/2019,07/22/2015,09/09/9999
6785595,9397322,0500344,0093625,"CEMEX Construction Materials South, LLC",Operator,M,M6642,000496685,104(a),N,,Y,N,56.12028,Citation,Regular,Closed,02/11/2020,06/11/2019,06/11/2019,01/21/2020,08/06/2019,2019,181.00,181.00,0.00,0.00,181.00,0.00,0.00,65,1,5,10,20,0,0,32,22,1.45,14,3,.136,0,146156,0,146156,6,5503486,0,5503486,9,01/21/2020,03/11/2018,06/10/2019,07/22/2015,09/09/9999
6785595,9397323,0500344,0093625,"CEMEX Construction Materials South, LLC",Operator,M,M6642,000496685,104(a),N,,Y,N,56.12028,Citation,Regular,Closed,02/11/2020,06/11/2019,06/11/2019,01/21/2020,08/06/2019,2019,181.00,181.00,0.00,0.00,181.00,0.00,0.00,65,1,5,10,20,0,0,32,22,1.45,14,3,.136,0,146156,0,146156,6,5503486,0,5503486,9,01/21/2020,03/11/2018,06/10/2019,07/22/2015,09/09/9999
6785595,9397329,0500344,0093625,"CEMEX Construction Materials South, LLC",Operator,M,M6642,000496685,104(a),N,,Y,N,56.16006,Citation,Regular,Closed,02/11/2020,06/11/2019,06/11/2019,09/11/2019,08/06/2019,2019,270.00,270.00,1.48,0.00,270.00,0.00,0.00,70,1,10,10,20,0,0,32,22,1.45,14,0,0,0,146156,0,146156,6,5503486,0,5503486,9,09/11/2019,03/11/2018,06/10/2019,07/22/2015,09/09/9999
6785595,9397325,0500344,0093625,"CEMEX Construction Materials South, LLC",Operator,M,M6642,000496685,104(a),N,,Y,N,56.12028,Citation,Regular,Closed,02/11/2020,06/11/2019,06/11/2019,01/21/2020,08/06/2019,2019,604.00,604.00,0.00,0.00,604.00,0.00,0.00,80,1,5,10,35,0,0,32,22,1.45,14,3,.136,0,146156,0,146156,6,5503486,0,5503486,9,01/21/2020,03/11/2018,06/10/2019,07/22/2015,09/09/9999
6785595,9397326,0500344,0093625,"CEMEX Construction Materials South, LLC",Operator,M,M6642,000496685,104(a),N,,Y,N,56.12004,Citation,Regular,Closed,02/11/2020,06/11/2019,06/11/2019,09/11/2019,08/06/2019,2019,181.00,181.00,0.99,0.00,181.00,0.00,0.00,65,1,5,10,20,0,0,32,22,1.45,14,5,.227,0,146156,0,146156,6,5503486,0,5503486,9,09/11/2019,03/11/2018,06/10/2019,07/22/2015,09/09/9999
6785595,9397327,0500344,0093625,"CEMEX Construction Materials South, LLC",Operator,M,M6642,000496685,104(a),N,,Y,N,56.12004,Citation,Regular,Closed,02/11/2020,06/11/2019,06/11/2019,09/11/2019,08/06/2019,2019,181.00,181.00,0.99,0.00,181.00,0.00,0.00,65,1,5,10,20,0,0,32,22,1.45,14,5,.227,0,146156,0,146156,6,5503486,0,5503486,9,09/11/2019,03/11/2018,06/10/2019,07/22/2015,09/09/9999
6785595,9397324,0500344,0093625,"CEMEX Construction Materials South, LLC",Operator,M,M6642,000496685,104(a),N,,Y,N,56.14116(a),Citation,Regular,Closed,02/11/2020,06/11/2019,06/11/2019,01/21/2020,08/06/2019,2019,902.00,202.00,0.00,0.00,202.00,0.00,0.00,65,1,5,10,20,0,0,32,22,1.45,14,0,0,0,146156,0,146156,6,5503486,0,5503486,9,01/21/2020,03/11/2018,06/10/2019,07/22/2015,09/09/9999
6785595,9397434,0500344,0093625,"CEMEX Construction Materials South, LLC",Operator,M,M6642,000496685,104(a),N,,Y,N,56.12028,Citation,Regular,Closed,02/11/2020,06/12/2019,06/12/2019,01/21/2020,08/06/2019,2019,514.00,514.00,0.00,0.00,514.00,0.00,0.00,78,1,5,10,35,0,0,32,27,1.19,12,3,.111,0,146156,0,146156,6,5503486,0,5503486,9,01/21/2020,03/12/2018,06/11/2019,07/22/2015,09/09/9999
6785595,9397435,0500344,0093625,"CEMEX Construction Materials South, LLC",Operator,M,M6642,000496685,104(a),N,,Y,N,56.4201(a)(2),Citation,Regular,Closed,02/11/2020,06/12/2019,06/12/2019,09/11/2019,08/06/2019,2019,154.00,154.00,0.84,0.00,154.00,0.00,0.00,63,1,5,10,20,0,0,32,27,1.19,12,0,0,0,146156,0,146156,6,5503486,0,5503486,9,09/11/2019,03/12/2018,06/11/2019,07/22/2015,09/09/9999
6785595,9397433,0500344,0093625,"CEMEX Construction Materials South, LLC",Operator,M,M6642,000496685,104(a),N,,Y,N,56.20003(a),Citation,Regular,Closed,02/11/2020,06/12/2019,06/12/2019,09/11/2019,08/06/2019,2019,121.00,121.00,0.66,0.00,121.00,0.00,0.00,53,1,5,10,10,0,0,32,27,1.19,12,3,.111,0,146156,0,146156,6,5503486,0,5503486,9,09/11/2019,03/12/2018,06/11/2019,07/22/2015,09/09/9999
6785595,9397432,0500344,0093625,"CEMEX Construction Materials South, LLC",Operator,M,M6642,000496685,104(a),N,,Y,N,56.14109(a),Citation,Regular,Closed,02/11/2020,06/12/2019,06/12/2019,01/21/2020,08/06/2019,2019,1146.00,256.00,0.00,0.00,256.00,0.00,0.00,68,1,10,10,20,0,0,32,27,1.19,12,0,0,0,146156,0,146156,6,5503486,0,5503486,9,01/21/2020,03/12/2018,06/11/2019,07/22/2015,09/09/9999
6785595,9348280,0500344,0093625,"CEMEX Construction Materials South, LLC",Operator,M,M6642,000496685,104(a),N,,Y,N,56.12004,Citation,Regular,Closed,02/11/2020,06/13/2019,06/13/2019,01/21/2020,08/06/2019,2019,440.00,440.00,0.00,0.00,440.00,0.00,0.00,76,1,5,10,35,0,0,32,32,1,10,5,.156,0,146156,0,146156,6,5503486,0,5503486,9,01/21/2020,03/13/2018,06/12/2019,07/22/2015,09/09/9999
6785595,9348281,0500344,0093625,"CEMEX Construction Materials South, LLC",Operator,M,M6642,000496685,104(a),N,,Y,N,56.4201(a)(1),Citation,Regular,Closed,02/11/2020,06/13/2019,06/13/2019,01/21/2020,08/06/2019,2019,440.00,218.00,0.00,0.00,218.00,0.00,0.00,51,1,5,10,10,0,0,32,32,1,10,1,.031,0,146156,0,146156,6,5503486,0,5503486,9,01/21/2020,03/13/2018,06/12/2019,07/22/2015,09/09/9999
6785595,9348282,0500344,0093625,"CEMEX Construction Materials South, LLC",Operator,M,M6642,000496685,104(a),N,,Y,N,56.4201(a)(2),Citation,Regular,Closed,02/11/2020,06/13/2019,06/13/2019,01/21/2020,08/06/2019,2019,440.00,218.00,0.00,0.00,218.00,0.00,0.00,51,1,5,10,10,0,0,32,32,1,10,0,0,0,146156,0,146156,6,5503486,0,5503486,9,01/21/2020,03/13/2018,06/12/2019,07/22/2015,09/09/9999
6785595,9348283,0500344,0093625,"CEMEX Construction Materials South, LLC",Operator,M,M6642,000496685,104(a),N,,Y,N,56.4011,Citation,Regular,Closed,02/11/2020,06/13/2019,06/13/2019,09/11/2019,08/06/2019,2019,121.00,121.00,0.66,0.00,121.00,0.00,0.00,51,1,5,10,10,0,0,32,32,1,10,0,0,0,146156,0,146156,6,5503486,0,5503486,9,09/11/2019,03/13/2018,06/12/2019,07/22/2015,09/09/9999
6785595,9348279,0500344,0093625,"CEMEX Construction Materials South, LLC",Operator,M,M6642,000496685,104(a),N,,Y,N,56.14112(b),Citation,Regular,Closed,02/11/2020,06/13/2019,06/13/2019,09/11/2019,08/06/2019,2019,196.00,196.00,1.07,0.00,196.00,0.00,0.00,66,1,10,10,20,0,0,32,32,1,10,2,.063,0,146156,0,146156,6,5503486,0,5503486,9,09/11/2019,03/13/2018,06/12/2019,07/22/2015,09/09/9999
6785595,9348284,0500344,0093625,"CEMEX Construction Materials South, LLC",Operator,M,M6642,000496685,104(a),N,,Y,N,56.12028,Citation,Regular,Closed,02/11/2020,06/17/2019,06/17/2019,01/21/2020,08/06/2019,2019,440.00,440.00,0.00,0.00,440.00,0.00,0.00,76,1,5,10,35,0,0,32,35,.91,10,3,.086,0,146156,0,146156,6,5503486,0,5503486,9,01/21/2020,03/17/2018,06/16/2019,07/22/2015,09/09/9999
6785595,9348285,0500344,0093625,"CEMEX Construction Materials South, LLC",Operator,M,M6642,000496685,104(a),N,,Y,N,56.20003(a),Citation,Regular,Closed,02/11/2020,06/18/2019,06/18/2019,09/11/2019,08/06/2019,2019,121.00,121.00,0.66,0.00,121.00,0.00,0.00,59,1,5,10,20,0,0,32,36,.89,8,3,.083,0,146156,0,146156,6,5503486,0,5503486,9,09/11/2019,03/18/2018,06/17/2019,07/22/2015,09/09/9999
6785595,9348286,0500344,0093625,"CEMEX Construction Materials South, LLC",Operator,M,M6642,000496685,104(a),N,,Y,N,56.12032,Citation,Regular,Closed,02/11/2020,06/18/2019,06/18/2019,09/11/2019,08/06/2019,2019,121.00,121.00,0.66,0.00,121.00,0.00,0.00,59,1,5,10,20,0,0,32,36,.89,8,1,.028,0,146156,0,146156,6,5503486,0,5503486,9,09/11/2019,03/18/2018,06/17/2019,07/22/2015,09/09/9999
6785595,9348291,0500344,0093625,"CEMEX Construction Materials South, LLC",Operator,M,M6642,000496685,104(a),N,,Y,N,56.12028,Citation,Regular,Closed,02/11/2020,06/24/2019,06/24/2019,01/21/2020,08/06/2019,2019,372.00,372.00,0.00,0.00,372.00,0.00,0.00,74,1,5,10,35,0,0,32,38,.84,8,3,.079,0,146156,0,146156,6,5503486,0,5503486,9,01/21/2020,03/24/2018,06/23/2019,07/22/2015,09/09/9999
6785595,9348292,0500344,0093625,"CEMEX Construction Materials South, LLC",Operator,M,M6642,000496685,104(a),N,,Y,N,56.12032,Citation,Regular,Closed,02/11/2020,06/24/2019,06/24/2019,01/21/2020,08/06/2019,2019,372.00,372.00,0.00,0.00,372.00,0.00,0.00,74,1,5,10,35,0,0,32,38,.84,8,1,.026,0,146156,0,146156,6,5503486,0,5503486,9,01/21/2020,03/24/2018,06/23/2019,07/22/2015,09/09/9999
6785595,9348296,0500344,0093625,"CEMEX Construction Materials South, LLC",Operator,M,M6642,000496685,104(a),N,,Y,N,56.5001(a)/.5005,Citation,Regular,Closed,02/11/2020,06/11/2019,07/01/2019,09/11/2019,08/06/2019,2019,270.00,270.00,1.48,0.00,270.00,0.00,0.00,70,1,10,10,20,0,0,32,22,1.45,14,0,0,0,146156,0,146156,6,5503486,0,5503486,9,09/11/2019,03/11/2018,06/10/2019,07/22/2015,09/09/9999
6785600,9348301,0500344,0093625,"CEMEX Construction Materials South, LLC",Operator,M,M6642,000496685,104(a),N,,Y,N,56.5002,Citation,Regular,Closed,02/11/2020,06/11/2019,07/05/2019,01/21/2020,08/06/2019,2019,168.00,135.00,0.00,0.00,135.00,0.00,0.00,54,1,10,10,10,0,0,32,41,.78,8,0,0,0,146156,0,146156,6,5503486,0,5503486,9,01/21/2020,04/05/2018,07/04/2019,07/22/2015,09/09/9999
6785600,9348300,0500344,0093625,"CEMEX Construction Materials South, LLC",Operator,M,M6642,000496685,104(a),N,,N,N,56.12032,Citation,Regular,Closed,02/11/2020,07/05/2019,07/05/2019,01/21/2020,08/06/2019,2019,2421.00,2421.00,0.00,0.00,2421.00,0.00,0.00,74,1,5,10,35,0,0,32,41,.78,8,1,.024,0,146156,0,146156,6,5503486,0,5503486,9,01/21/2020,04/05/2018,07/04/2019,07/22/2015,09/09/9999
6788796,9347397,0500344,0093625,"CEMEX Construction Materials South, LLC",Operator,M,M6642,000512221,104(a),Y,,Y,N,56.13021,Citation,Regular,Closed,07/27/2020,02/10/2020,02/10/2020,05/17/2020,04/07/2020,2020,2595.00,2595.00,11.94,0.00,2595.00,0.00,0.00,98,1,10,30,20,0,0,76,38,2,22,2,.053,0,165707,0,165707,6,5668158,0,5668158,9,05/17/2020,11/10/2018,02/09/2020,07/22/2015,09/09/9999
6788796,9347398,0500344,0093625,"CEMEX Construction Materials South, LLC",Operator,M,M6642,000512221,104(a),N,,Y,N,56.16005,Citation,Regular,Closed,07/27/2020,02/10/2020,02/10/2020,05/17/2020,04/07/2020,2020,1166.00,1166.00,5.37,0.00,1166.00,0.00,0.00,88,1,20,10,20,0,0,76,38,2,22,2,.053,0,165707,0,165707,6,5668158,0,5668158,9,05/17/2020,11/10/2018,02/09/2020,07/22/2015,09/09/9999
6788796,9347399,0500344,0093625,"CEMEX Construction Materials South, LLC",Operator,M,M6642,000512221,104(a),Y,,Y,N,56.14112(b),Citation,Regular,Closed,07/27/2020,02/10/2020,02/10/2020,05/17/2020,04/07/2020,2020,5776.00,5776.00,26.59,0.00,5776.00,0.00,0.00,108,1,20,30,20,0,0,76,38,2,22,3,.079,0,165707,0,165707,6,5668158,0,5668158,9,05/17/2020,11/10/2018,02/09/2020,07/22/2015,09/09/9999
6788796,9347400,0500344,0093625,"CEMEX Construction Materials South, LLC",Operator,M,M6642,000512221,104(a),N,,Y,N,56.12004,Citation,Regular,Closed,07/27/2020,02/10/2020,02/10/2020,05/17/2020,04/07/2020,2020,1166.00,1166.00,5.37,0.00,1166.00,0.00,0.00,88,1,5,10,20,0,0,76,38,2,22,9,.237,15,165707,0,165707,6,5668158,0,5668158,9,05/17/2020,11/10/2018,02/09/2020,07/22/2015,09/09/9999
6788796,9398312,0500344,0093625,"CEMEX Construction Materials South, LLC",Operator,M,M6642,000512221,104(a),N,,Y,N,56.14132(a),Citation,Regular,Closed,07/27/2020,02/10/2020,02/10/2020,05/17/2020,04/07/2020,2020,351.00,351.00,1.62,0.00,351.00,0.00,0.00,73,1,5,10,20,0,0,76,38,2,22,0,0,0,165707,0,165707,6,5668158,0,5668158,9,05/17/2020,11/10/2018,02/09/2020,07/22/2015,09/09/9999
6788796,9398313,0500344,0093625,"CEMEX Construction Materials South, LLC",Operator,M,M6642,000512221,104(a),N,,Y,N,56.4601,Citation,Regular,Closed,07/27/2020,02/10/2020,02/10/2020,05/17/2020,04/07/2020,2020,351.00,351.00,1.62,0.00,351.00,0.00,0.00,73,1,5,10,20,0,0,76,38,2,22,0,0,0,165707,0,165707,6,5668158,0,5668158,9,05/17/2020,11/10/2018,02/09/2020,07/22/2015,09/09/9999
6788796,9398601,0500344,0093625,"CEMEX Construction Materials South, LLC",Operator,M,M6642,000512221,104(a),N,,Y,N,56.12032,Citation,Regular,Closed,07/27/2020,02/10/2020,02/10/2020,05/17/2020,04/07/2020,2020,1166.00,1166.00,5.37,0.00,1166.00,0.00,0.00,88,1,20,10,20,0,0,76,38,2,22,5,.132,0,165707,0,165707,6,5668158,0,5668158,9,05/17/2020,11/10/2018,02/09/2020,07/22/2015,09/09/9999
6788796,9398604,0500344,0093625,"CEMEX Construction Materials South, LLC",Operator,M,M6642,000512221,104(a),N,,Y,N,56.14214(b),Citation,Regular,Closed,07/27/2020,02/11/2020,02/11/2020,05/17/2020,04/07/2020,2020,918.00,918.00,4.23,0.00,918.00,0.00,0.00,85,1,20,10,20,0,0,76,40,1.9,19,0,0,0,165707,0,165707,6,5668158,0,5668158,9,05/17/2020,11/11/2018,02/10/2020,07/22/2015,09/09/9999
6788796,9398314,0500344,0093625,"CEMEX Construction Materials South, LLC",Operator,M,M6642,000512221,104(a),N,,Y,N,56.12032,Citation,Regular,Closed,07/27/2020,02/11/2020,02/11/2020,05/17/2020,04/07/2020,2020,275.00,275.00,1.27,0.00,275.00,0.00,0.00,70,1,5,10,20,0,0,76,40,1.9,19,5,.125,0,165707,0,165707,6,5668158,0,5668158,9,05/17/2020,11/11/2018,02/10/2020,07/22/2015,09/09/9999
6788796,9398315,0500344,0093625,"CEMEX Construction Materials South, LLC",Operator,M,M6642,000512221,104(a),N,,Y,N,56.12004,Citation,Regular,Closed,07/27/2020,02/11/2020,02/11/2020,05/17/2020,04/07/2020,2020,918.00,918.00,4.23,0.00,918.00,0.00,0.00,85,1,5,10,20,0,0,76,40,1.9,19,9,.225,15,165707,0,165707,6,5668158,0,5668158,9,05/17/2020,11/11/2018,02/10/2020,07/22/2015,09/09/9999
6788796,9398316,0500344,0093625,"CEMEX Construction Materials South, LLC",Operator,M,M6642,000512221,104(a),N,,Y,N,56.4200(b)(2),Citation,Regular,Closed,07/27/2020,02/11/2020,02/11/2020,05/17/2020,04/07/2020,2020,275.00,275.00,1.27,0.00,275.00,0.00,0.00,70,1,5,10,20,0,0,76,40,1.9,19,0,0,0,165707,0,165707,6,5668158,0,5668158,9,05/17/2020,11/11/2018,02/10/2020,07/22/2015,09/09/9999
6788796,9398602,0500344,0093625,"CEMEX Construction Materials South, LLC",Operator,M,M6642,000512221,104(a),N,,Y,N,56.20009,Citation,Regular,Closed,07/27/2020,02/11/2020,02/11/2020,05/17/2020,04/07/2020,2020,523.00,523.00,2.41,0.00,523.00,0.00,0.00,78,4,20,10,10,0,0,76,40,1.9,19,0,0,0,165707,0,165707,6,5668158,0,5668158,9,05/17/2020,11/11/2018,02/10/2020,07/22/2015,09/09/9999
6788796,9398603,0500344,0093625,"CEMEX Construction Materials South, LLC",Operator,M,M6642,000512221,104(a),Y,,Y,N,56.14205,Citation,Regular,Closed,07/27/2020,02/11/2020,02/11/2020,05/17/2020,04/07/2020,2020,4544.00,4544.00,20.91,0.00,4544.00,0.00,0.00,105,1,20,30,20,0,0,76,40,1.9,19,1,.025,0,165707,0,165707,6,5668158,0,5668158,9,05/17/2020,11/11/2018,02/10/2020,07/22/2015,09/09/9999
6852469,9397060,0500344,H879,Performance Drilling of Payson,Contractor,M,M6642,000517038,104(a),N,,Y,N,56.4101,Citation,Regular,Closed,07/23/2020,04/21/2020,04/21/2020,08/01/2020,06/24/2020,2020,123.00,123.00,0.00,0.00,123.00,0.00,0.00,51,1,5,10,35,0,0,0,0,0,0,0,0,0,0,0,0,0,0,0,0,,08/01/2020,01/21/2019,04/20/2020,01/10/2011,09/09/9999
6852469,9397057,0500344,0093625,"CEMEX Construction Materials South, LLC",Operator,M,M6642,000515793,104(a),N,,Y,N,56.20011,Citation,Regular,Closed,07/27/2020,04/21/2020,04/21/2020,07/23/2020,06/15/2020,2020,1483.00,1483.00,0.00,0.00,1483.00,0.00,0.00,91,1,20,10,20,0,0,73,34,2.15,25,0,0,0,165707,0,165707,6,5376553,0,5376553,9,07/23/2020,01/21/2019,04/20/2020,07/22/2015,09/09/9999
6852469,9397059,0500344,H879,Performance Drilling of Payson,Contractor,M,M6642,000517038,104(a),N,,Y,N,56.11012,Citation,Regular,Closed,07/23/2020,04/21/2020,04/21/2020,08/01/2020,06/24/2020,2020,123.00,123.00,0.00,0.00,123.00,0.00,0.00,36,1,5,10,20,0,0,0,0,0,0,0,0,0,0,0,0,0,0,0,0,,08/01/2020,01/21/2019,04/20/2020,01/10/2011,09/09/9999
6852469,9397063,0500344,0093625,"CEMEX Construction Materials South, LLC",Operator,M,M6642,000515793,104(a),Y,,Y,N,56.12032,Citation,Regular,Closed,07/27/2020,04/22/2020,04/22/2020,07/23/2020,06/15/2020,2020,5776.00,5776.00,0.00,0.00,5776.00,0.00,0.00,108,1,20,30,20,0,0,73,35,2.09,22,5,.143,0,165707,0,165707,6,5376553,0,5376553,9,07/23/2020,01/22/2019,04/21/2020,07/22/2015,09/09/9999
6852469,9397062,0500344,0093625,"CEMEX Construction Materials South, LLC",Operator,M,M6642,000515793,104(a),N,,Y,N,56.14132(a),Citation,Regular,Closed,07/27/2020,04/22/2020,04/22/2020,07/23/2020,06/15/2020,2020,351.00,351.00,0.00,0.00,351.00,0.00,0.00,73,1,5,10,20,0,0,73,35,2.09,22,0,0,0,165707,0,165707,6,5376553,0,5376553,9,07/23/2020,01/22/2019,04/21/2020,07/22/2015,09/09/9999
6852469,9397061,0500344,0093625,"CEMEX Construction Materials South, LLC",Operator,M,M6642,000515793,104(a),N,,Y,N,56.14100(b),Citation,Regular,Closed,07/27/2020,04/22/2020,04/22/2020,07/23/2020,06/15/2020,2020,157.00,157.00,0.00,0.00,157.00,0.00,0.00,63,1,5,10,10,0,0,73,35,2.09,22,2,.057,0,165707,0,165707,6,5376553,0,5376553,9,07/23/2020,01/22/2019,04/21/2020,07/22/2015,09/09/9999
6852469,9397066,0500344,0093625,"CEMEX Construction Materials South, LLC",Operator,M,M6642,000515793,104(a),N,,Y,N,56.12006,Citation,Regular,Closed,07/27/2020,04/23/2020,04/23/2020,07/23/2020,06/15/2020,2020,351.00,351.00,0.00,0.00,351.00,0.00,0.00,73,1,5,10,20,0,0,73,37,1.97,22,0,0,0,165707,0,165707,6,5376553,0,5376553,9,07/23/2020,01/23/2019,04/22/2020,07/22/2015,09/09/9999
6852469,9397065,0500344,0093625,"CEMEX Construction Materials South, LLC",Operator,M,M6642,000515793,104(a),N,,Y,N,56.12025,Citation,Regular,Closed,07/27/2020,04/23/2020,04/23/2020,07/23/2020,06/15/2020,2020,351.00,351.00,0.00,0.00,351.00,0.00,0.00,73,1,5,10,20,0,0,73,37,1.97,22,0,0,0,165707,0,165707,6,5376553,0,5376553,9,07/23/2020,01/23/2019,04/22/2020,07/22/2015,09/09/9999
6852469,9397067,0500344,0093625,"CEMEX Construction Materials South, LLC",Operator,M,M6642,000515793,104(a),N,,Y,N,56.4402,Citation,Regular,Closed,07/27/2020,04/28/2020,04/28/2020,07/23/2020,06/15/2020,2020,351.00,351.00,0.00,0.00,351.00,0.00,0.00,73,1,5,10,20,0,0,73,38,1.92,22,0,0,0,165707,0,165707,6,5376553,0,5376553,9,07/23/2020,01/28/2019,04/27/2020,07/22/2015,09/09/9999
6852469,9397068,0500344,0093625,"CEMEX Construction Materials South, LLC",Operator,M,M6642,000515793,104(a),N,,Y,N,56.12008,Citation,Regular,Closed,07/27/2020,04/29/2020,04/29/2020,07/23/2020,06/15/2020,2020,275.00,275.00,0.00,0.00,275.00,0.00,0.00,70,1,5,10,20,0,0,73,40,1.83,19,1,.025,0,165707,0,165707,6,5376553,0,5376553,9,07/23/2020,01/29/2019,04/28/2020,07/22/2015,09/09/9999
6789086,9398652,0500344,0093625,"CEMEX Construction Materials South, LLC",Operator,M,M6642,000519560,104(a),Y,,Y,N,56.20003(a),Citation,Regular,Closed,09/17/2020,07/01/2020,07/01/2020,09/16/2020,08/04/2020,2020,1605.00,1605.00,0.00,0.00,1605.00,0.00,0.00,92,1,10,30,20,0,0,65,42,1.55,16,4,.095,0,165707,0,165707,6,5375047,0,5375047,9,09/16/2020,04/01/2019,06/30/2020,07/22/2015,09/09/9999
6789086,9398653,0500344,0093625,"CEMEX Construction Materials South, LLC",Operator,M,M6642,000519560,104(a),Y,,Y,N,56.17001,Citation,Regular,Closed,09/17/2020,07/01/2020,07/01/2020,09/16/2020,08/04/2020,2020,720.00,720.00,0.00,0.00,720.00,0.00,0.00,82,1,10,30,10,0,0,65,42,1.55,16,0,0,0,165707,0,165707,6,5375047,0,5375047,9,09/16/2020,04/01/2019,06/30/2020,07/22/2015,09/09/9999
6789299,9476690,0500344,0093625,"CEMEX Construction Materials South, LLC",Operator,M,M6642,000529434,104(a),Y,,Y,N,56.14112(b),Citation,Regular,Closed,03/29/2021,01/06/2021,01/06/2021,03/27/2021,02/09/2021,2021,11083.00,11083.00,0.00,0.00,11083.00,0.00,0.00,116,1,10,30,35,0,0,50,19,2.63,25,1,.053,0,173319,0,173319,6,5369208,0,5369208,9,03/27/2021,10/06/2019,01/05/2021,07/22/2015,09/09/9999
6789299,9476689,0500344,0093625,"CEMEX Construction Materials South, LLC",Operator,M,M6642,000529434,104(a),N,,Y,N,56.14112(b),Citation,Regular,Closed,03/29/2021,01/06/2021,01/06/2021,03/27/2021,02/09/2021,2021,674.00,674.00,0.00,0.00,674.00,0.00,0.00,81,1,10,10,20,0,0,50,19,2.63,25,1,.053,0,173319,0,173319,6,5369208,0,5369208,9,03/27/2021,10/06/2019,01/05/2021,07/22/2015,09/09/9999
6789299,9476688,0500344,0093625,"CEMEX Construction Materials South, LLC",Operator,M,M6642,000529434,104(a),N,,Y,N,56.14107(a),Citation,Regular,Closed,03/29/2021,01/06/2021,01/06/2021,03/27/2021,02/09/2021,2021,674.00,674.00,0.00,0.00,674.00,0.00,0.00,81,1,10,10,20,0,0,50,19,2.63,25,0,0,0,173319,0,173319,6,5369208,0,5369208,9,03/27/2021,10/06/2019,01/05/2021,07/22/2015,09/09/9999
6789299,9476687,0500344,0093625,"CEMEX Construction Materials South, LLC",Operator,M,M6642,000529434,104(a),N,,Y,N,56.20003(a),Citation,Regular,Closed,03/29/2021,01/06/2021,01/06/2021,03/27/2021,02/09/2021,2021,453.00,453.00,0.00,0.00,453.00,0.00,0.00,76,1,5,10,20,0,0,50,19,2.63,25,2,.105,0,173319,0,173319,6,5369208,0,5369208,9,03/27/2021,10/06/2019,01/05/2021,07/22/2015,09/09/9999
6789299,9476686,0500344,0093625,"CEMEX Construction Materials South, LLC",Operator,M,M6642,000529434,104(a),N,,Y,N,56.20003(a),Citation,Regular,Closed,03/29/2021,01/06/2021,01/06/2021,03/27/2021,02/09/2021,2021,453.00,453.00,0.00,0.00,453.00,0.00,0.00,76,1,5,10,20,0,0,50,19,2.63,25,2,.105,0,173319,0,173319,6,5369208,0,5369208,9,03/27/2021,10/06/2019,01/05/2021,07/22/2015,09/09/9999
6789299,9476685,0500344,0093625,"CEMEX Construction Materials South, LLC",Operator,M,M6642,000529434,104(a),Y,,Y,N,56.20003(a),Citation,Regular,Closed,03/29/2021,01/06/2021,01/06/2021,03/27/2021,02/09/2021,2021,1006.00,1006.00,0.00,0.00,1006.00,0.00,0.00,86,1,5,30,10,0,0,50,19,2.63,25,2,.105,0,173319,0,173319,6,5369208,0,5369208,9,03/27/2021,10/06/2019,01/05/2021,07/22/2015,09/09/9999
6789299,9476684,0500344,0093625,"CEMEX Construction Materials South, LLC",Operator,M,M6642,000529434,104(a),N,,Y,N,56.14100(b),Citation,Regular,Closed,03/29/2021,01/06/2021,01/06/2021,03/27/2021,02/09/2021,2021,453.00,453.00,0.00,0.00,453.00,0.00,0.00,76,1,5,10,20,0,0,50,19,2.63,25,1,.053,0,173319,0,173319,6,5369208,0,5369208,9,03/27/2021,10/06/2019,01/05/2021,07/22/2015,09/09/9999
6789299,9476692,0500344,0093625,"CEMEX Construction Materials South, LLC",Operator,M,M6642,000529434,104(a),N,,Y,N,56.14112(b),Citation,Regular,Closed,03/29/2021,01/07/2021,01/07/2021,03/27/2021,02/09/2021,2021,674.00,674.00,0.00,0.00,674.00,0.00,0.00,81,1,10,10,20,0,0,50,20,2.5,25,1,.05,0,173319,0,173319,6,5369208,0,5369208,9,03/27/2021,10/07/2019,01/06/2021,07/22/2015,09/09/9999
6789299,9476694,0500344,0093625,"CEMEX Construction Materials South, LLC",Operator,M,M6642,000529434,104(a),N,,Y,N,56.16005,Citation,Regular,Closed,03/29/2021,01/07/2021,01/07/2021,03/27/2021,02/09/2021,2021,202.00,202.00,0.00,0.00,202.00,0.00,0.00,66,1,5,10,10,0,0,50,20,2.5,25,1,.05,0,173319,0,173319,6,5369208,0,5369208,9,03/27/2021,10/07/2019,01/06/2021,07/22/2015,09/09/9999
6789299,9476695,0500344,0093625,"CEMEX Construction Materials South, LLC",Operator,M,M6642,000529434,104(a),N,,Y,N,56.14112(b),Citation,Regular,Closed,03/29/2021,01/07/2021,01/07/2021,03/27/2021,02/09/2021,2021,674.00,674.00,0.00,0.00,674.00,0.00,0.00,81,1,10,10,20,0,0,50,20,2.5,25,1,.05,0,173319,0,173319,6,5369208,0,5369208,9,03/27/2021,10/07/2019,01/06/2021,07/22/2015,09/09/9999
6789299,9476696,0500344,0093625,"CEMEX Construction Materials South, LLC",Operator,M,M6642,000529434,104(a),N,,Y,N,56.12018,Citation,Regular,Closed,03/29/2021,01/07/2021,01/07/2021,03/27/2021,02/09/2021,2021,202.00,202.00,0.00,0.00,202.00,0.00,0.00,66,1,5,10,10,0,0,50,20,2.5,25,0,0,0,173319,0,173319,6,5369208,0,5369208,9,03/27/2021,10/07/2019,01/06/2021,07/22/2015,09/09/9999
6789299,9476697,0500344,0093625,"CEMEX Construction Materials South, LLC",Operator,M,M6642,000529434,104(a),Y,,N,N,56.14107(a),Citation,Regular,Closed,03/29/2021,01/07/2021,01/07/2021,03/27/2021,02/09/2021,2021,12315.00,12315.00,0.00,0.00,12315.00,0.00,0.00,116,1,10,30,35,0,0,50,20,2.5,25,0,0,0,173319,0,173319,6,5369208,0,5369208,9,03/27/2021,10/07/2019,01/06/2021,07/22/2015,09/09/9999
6789299,9476691,0500344,0093625,"CEMEX Construction Materials South, LLC",Operator,M,M6642,000529434,104(a),Y,,Y,N,56.20011,Citation,Regular,Closed,03/29/2021,01/07/2021,01/07/2021,03/27/2021,02/09/2021,2021,2237.00,2237.00,0.00,0.00,2237.00,0.00,0.00,96,1,5,30,20,0,0,50,20,2.5,25,1,.05,0,173319,0,173319,6,5369208,0,5369208,9,03/27/2021,10/07/2019,01/06/2021,07/22/2015,09/09/9999
6789299,9476693,0500344,0093625,"CEMEX Construction Materials South, LLC",Operator,M,M6642,000529434,104(a),N,,Y,N,56.14112(b),Citation,Regular,Closed,03/29/2021,01/07/2021,01/07/2021,03/27/2021,02/09/2021,2021,302.00,302.00,0.00,0.00,302.00,0.00,0.00,71,1,10,10,10,0,0,50,20,2.5,25,1,.05,0,173319,0,173319,6,5369208,0,5369208,9,03/27/2021,10/07/2019,01/06/2021,07/22/2015,09/09/9999
6789299,9478010,0500344,0093625,"CEMEX Construction Materials South, LLC",Operator,M,M6642,000529434,104(a),N,,Y,N,56.12068,Citation,Regular,Closed,03/29/2021,01/09/2021,01/09/2021,03/27/2021,02/09/2021,2021,1500.00,1500.00,0.00,0.00,1500.00,0.00,0.00,91,1,20,10,20,0,0,50,21,2.38,25,0,0,0,173319,0,173319,6,5369208,0,5369208,9,03/27/2021,10/09/2019,01/08/2021,07/22/2015,09/09/9999
6789299,9478503,0500344,0093625,"CEMEX Construction Materials South, LLC",Operator,M,M6642,000529434,104(a),N,,Y,N,56.12018,Citation,Regular,Closed,03/29/2021,01/09/2021,01/09/2021,03/27/2021,02/09/2021,2021,453.00,453.00,0.00,0.00,453.00,0.00,0.00,76,1,5,10,20,0,0,50,21,2.38,25,0,0,0,173319,0,173319,6,5369208,0,5369208,9,03/27/2021,10/09/2019,01/08/2021,07/22/2015,09/09/9999
6789299,9476699,0500344,0093625,"CEMEX Construction Materials South, LLC",Operator,M,M6642,000529434,104(a),N,,Y,N,56.14112(b),Citation,Regular,Closed,03/29/2021,01/09/2021,01/09/2021,03/27/2021,02/09/2021,2021,674.00,674.00,0.00,0.00,674.00,0.00,0.00,81,1,10,10,20,0,0,50,21,2.38,25,1,.048,0,173319,0,173319,6,5369208,0,5369208,9,03/27/2021,10/09/2019,01/08/2021,07/22/2015,09/09/9999
6789299,9478007,0500344,0093625,"CEMEX Construction Materials South, LLC",Operator,M,M6642,000529434,104(a),N,,Y,N,56.12004,Citation,Regular,Closed,03/29/2021,01/09/2021,01/09/2021,03/27/2021,02/09/2021,2021,453.00,453.00,0.00,0.00,453.00,0.00,0.00,76,1,5,10,20,0,0,50,21,2.38,25,4,.19,0,173319,0,173319,6,5369208,0,5369208,9,03/27/2021,10/09/2019,01/08/2021,07/22/2015,09/09/9999
6789299,9478008,0500344,0093625,"CEMEX Construction Materials South, LLC",Operator,M,M6642,000529434,104(a),N,,Y,N,56.14100(c),Citation,Regular,Closed,03/29/2021,01/09/2021,01/09/2021,03/27/2021,02/09/2021,2021,453.00,453.00,0.00,0.00,453.00,0.00,0.00,76,1,5,10,20,0,0,50,21,2.38,25,0,0,0,173319,0,173319,6,5369208,0,5369208,9,03/27/2021,10/09/2019,01/08/2021,07/22/2015,09/09/9999
6789299,9478009,0500344,0093625,"CEMEX Construction Materials South, LLC",Operator,M,M6642,000529434,104(a),N,,Y,N,56.13021,Citation,Regular,Closed,03/29/2021,01/09/2021,01/09/2021,03/27/2021,02/09/2021,2021,453.00,453.00,0.00,0.00,453.00,0.00,0.00,76,1,5,10,20,0,0,50,21,2.38,25,1,.048,0,173319,0,173319,6,5369208,0,5369208,9,03/27/2021,10/09/2019,01/08/2021,07/22/2015,09/09/9999
6789299,9478501,0500344,0093625,"CEMEX Construction Materials South, LLC",Operator,M,M6642,000529434,104(a),N,,Y,N,56.12004,Citation,Regular,Closed,03/29/2021,01/09/2021,01/09/2021,03/27/2021,02/09/2021,2021,453.00,453.00,0.00,0.00,453.00,0.00,0.00,76,1,5,10,20,0,0,50,21,2.38,25,4,.19,0,173319,0,173319,6,5369208,0,5369208,9,03/27/2021,10/09/2019,01/08/2021,07/22/2015,09/09/9999
6789299,9478502,0500344,0093625,"CEMEX Construction Materials South, LLC",Operator,M,M6642,000529434,104(a),N,,Y,N,56.12018,Citation,Regular,Closed,03/29/2021,01/09/2021,01/09/2021,03/27/2021,02/09/2021,2021,453.00,453.00,0.00,0.00,453.00,0.00,0.00,76,1,5,10,20,0,0,50,21,2.38,25,0,0,0,173319,0,173319,6,5369208,0,5369208,9,03/27/2021,10/09/2019,01/08/2021,07/22/2015,09/09/9999
6789299,9478504,0500344,0093625,"CEMEX Construction Materials South, LLC",Operator,M,M6642,000530936,104(a),Y,,Y,N,56.20003(b),Citation,Regular,Closed,06/23/2021,01/11/2021,01/11/2021,04/23/2021,03/09/2021,2021,791.00,791.00,2.77,0.00,791.00,0.00,0.00,83,1,5,30,10,0,0,50,24,2.08,22,0,0,0,173319,0,173319,6,5369208,0,5369208,9,04/23/2021,10/11/2019,01/10/2021,07/22/2015,09/09/9999
6789299,9478505,0500344,0093625,"CEMEX Construction Materials South, LLC",Operator,M,M6642,000530936,104(a),N,,Y,N,56.12018,Citation,Regular,Closed,06/23/2021,01/11/2021,01/11/2021,04/23/2021,03/09/2021,2021,355.00,355.00,1.24,0.00,355.00,0.00,0.00,73,1,5,10,20,0,0,50,24,2.08,22,0,0,0,173319,0,173319,6,5369208,0,5369208,9,04/23/2021,10/11/2019,01/10/2021,07/22/2015,09/09/9999
6789299,9478507,0500344,0093625,"CEMEX Construction Materials South, LLC",Operator,M,M6642,000530936,104(a),N,,Y,N,56.14112(b),Citation,Regular,Closed,06/23/2021,01/11/2021,01/11/2021,04/23/2021,03/09/2021,2021,530.00,530.00,1.86,0.00,530.00,0.00,0.00,78,1,10,10,20,0,0,50,24,2.08,22,1,.042,0,173319,0,173319,6,5369208,0,5369208,9,04/23/2021,10/11/2019,01/10/2021,07/22/2015,09/09/9999
6789299,9478506,0500344,0093625,"CEMEX Construction Materials South, LLC",Operator,M,M6642,000530936,104(a),N,,Y,N,56.14112(b),Citation,Regular,Closed,06/23/2021,01/11/2021,01/11/2021,04/23/2021,03/09/2021,2021,237.00,237.00,0.83,0.00,237.00,0.00,0.00,68,1,10,10,10,0,0,50,24,2.08,22,1,.042,0,173319,0,173319,6,5369208,0,5369208,9,04/23/2021,10/11/2019,01/10/2021,07/22/2015,09/09/9999
6789299,9478511,0500344,0093625,"CEMEX Construction Materials South, LLC",Operator,M,M6642,000530936,104(a),N,,Y,N,56.12004,Citation,Regular,Closed,06/23/2021,01/12/2021,01/12/2021,04/23/2021,03/09/2021,2021,125.00,125.00,0.44,0.00,125.00,0.00,0.00,60,1,5,10,10,0,0,50,27,1.85,19,4,.148,0,173319,0,173319,6,5369208,0,5369208,9,04/23/2021,10/12/2019,01/11/2021,07/22/2015,09/09/9999
6789299,9478510,0500344,0093625,"CEMEX Construction Materials South, LLC",Operator,M,M6642,000530936,104(a),N,,N,N,56.20003(a),Citation,Regular,Closed,06/23/2021,01/12/2021,01/12/2021,04/23/2021,03/09/2021,2021,310.00,310.00,1.09,0.00,310.00,0.00,0.00,70,1,5,10,20,0,0,50,27,1.85,19,2,.074,0,173319,0,173319,6,5369208,0,5369208,9,04/23/2021,10/12/2019,01/11/2021,07/22/2015,09/09/9999
6789299,9478509,0500344,0093625,"CEMEX Construction Materials South, LLC",Operator,M,M6642,000530936,104(a),N,,Y,N,56.14112(b),Citation,Regular,Closed,06/23/2021,01/12/2021,01/12/2021,04/23/2021,03/09/2021,2021,1385.00,1385.00,4.86,0.00,1385.00,0.00,0.00,90,1,10,10,35,0,0,50,27,1.85,19,1,.037,0,173319,0,173319,6,5369208,0,5369208,9,04/23/2021,10/12/2019,01/11/2021,07/22/2015,09/09/9999
6789299,9478508,0500344,0093625,"CEMEX Construction Materials South, LLC",Operator,M,M6642,000530936,104(a),N,,Y,N,56.11002,Citation,Regular,Closed,06/23/2021,01/12/2021,01/12/2021,04/23/2021,03/09/2021,2021,416.00,416.00,1.46,0.00,416.00,0.00,0.00,75,1,20,10,10,0,0,50,27,1.85,19,0,0,0,173319,0,173319,6,5369208,0,5369208,9,04/23/2021,10/12/2019,01/11/2021,07/22/2015,09/09/9999
6789299,9478512,0500344,0093625,"CEMEX Construction Materials South, LLC",Operator,M,M6642,000530936,104(a),N,,Y,N,56.11012,Citation,Regular,Closed,06/23/2021,01/12/2021,01/12/2021,04/23/2021,03/09/2021,2021,3082.00,3082.00,10.81,0.00,3082.00,0.00,0.00,100,1,20,10,35,0,0,50,27,1.85,19,0,0,0,173319,0,173319,6,5369208,0,5369208,9,04/23/2021,10/12/2019,01/11/2021,07/22/2015,09/09/9999
6789299,9345902,0500344,0093625,"CEMEX Construction Materials South, LLC",Operator,M,M6642,000530936,104(a),N,,Y,N,56.14100(b),Citation,Regular,Closed,06/23/2021,01/12/2021,01/12/2021,04/23/2021,03/09/2021,2021,136.00,136.00,0.48,0.00,136.00,0.00,0.00,61,2,5,10,10,0,0,50,27,1.85,19,1,.037,0,173319,0,173319,6,5369208,0,5369208,9,04/23/2021,10/12/2019,01/11/2021,07/22/2015,09/09/9999
6789299,9478517,0500344,0093625,"CEMEX Construction Materials South, LLC",Operator,M,M6642,000530936,104(a),N,,Y,N,56.12004,Citation,Regular,Closed,06/23/2021,01/13/2021,01/13/2021,04/23/2021,03/09/2021,2021,125.00,125.00,0.44,0.00,125.00,0.00,0.00,57,1,5,10,10,0,0,50,31,1.61,16,4,.129,0,173319,0,173319,6,5369208,0,5369208,9,04/23/2021,10/13/2019,01/12/2021,07/22/2015,09/09/9999
6789299,9478513,0500344,0093625,"CEMEX Construction Materials South, LLC",Operator,M,M6642,000530936,104(a),Y,,Y,N,56.14130(g),Citation,Regular,Closed,06/23/2021,01/13/2021,01/13/2021,04/23/2021,03/09/2021,2021,1624.00,1624.00,5.70,0.00,1624.00,0.00,0.00,92,1,20,30,10,0,0,50,31,1.61,16,0,0,0,173319,0,173319,6,5369208,0,5369208,9,04/23/2021,10/13/2019,01/12/2021,07/22/2015,09/09/9999
6789299,9478515,0500344,0093625,"CEMEX Construction Materials South, LLC",Operator,M,M6642,000530936,104(a),N,,Y,N,56.20003(a),Citation,Regular,Closed,06/23/2021,01/13/2021,01/13/2021,04/23/2021,03/09/2021,2021,220.00,220.00,0.77,0.00,220.00,0.00,0.00,67,1,5,10,20,0,0,50,31,1.61,16,2,.065,0,173319,0,173319,6,5369208,0,5369208,9,04/23/2021,10/13/2019,01/12/2021,07/22/2015,09/09/9999
6789299,9478516,0500344,0093625,"CEMEX Construction Materials South, LLC",Operator,M,M6642,000530936,104(a),N,,Y,N,56.11002,Citation,Regular,Closed,06/23/2021,01/13/2021,01/13/2021,04/23/2021,03/09/2021,2021,729.00,729.00,2.56,0.00,729.00,0.00,0.00,82,1,20,10,20,0,0,50,31,1.61,16,0,0,0,173319,0,173319,6,5369208,0,5369208,9,04/23/2021,10/13/2019,01/12/2021,07/22/2015,09/09/9999
6789299,9478518,0500344,0093625,"CEMEX Construction Materials South, LLC",Operator,M,M6642,000530936,104(a),N,,Y,N,56.14100(b),Citation,Regular,Closed,06/23/2021,01/13/2021,01/13/2021,04/23/2021,03/09/2021,2021,220.00,220.00,0.77,0.00,220.00,0.00,0.00,67,1,5,10,20,0,0,50,31,1.61,16,1,.032,0,173319,0,173319,6,5369208,0,5369208,9,04/23/2021,10/13/2019,01/12/2021,07/22/2015,09/09/9999
6789299,9478522,0500344,0093625,"CEMEX Construction Materials South, LLC",Operator,M,M6642,000530936,104(a),N,,Y,N,56.14100(b),Citation,Regular,Closed,06/23/2021,01/19/2021,01/19/2021,04/23/2021,03/09/2021,2021,187.00,187.00,0.66,0.00,187.00,0.00,0.00,65,1,5,10,20,0,0,50,35,1.43,14,1,.029,0,173319,0,173319,6,5369208,0,5369208,9,04/23/2021,10/19/2019,01/18/2021,07/22/2015,09/09/9999
6789299,9478523,0500344,0093625,"CEMEX Construction Materials South, LLC",Operator,M,M6642,000530936,104(a),N,,Y,N,56.12028,Citation,Regular,Closed,06/23/2021,01/19/2021,01/19/2021,04/23/2021,03/09/2021,2021,8048.00,8048.00,28.22,0.00,8048.00,0.00,0.00,112,1,20,10,35,0,0,50,35,1.43,14,12,.343,17,173319,0,173319,6,5369208,0,5369208,9,04/23/2021,10/19/2019,01/18/2021,07/22/2015,09/09/9999
6789299,9478520,0500344,0093625,"CEMEX Construction Materials South, LLC",Operator,M,M6642,000530936,104(a),N,,Y,N,56.11002,Citation,Regular,Closed,06/23/2021,01/19/2021,01/19/2021,04/23/2021,03/09/2021,2021,187.00,187.00,0.66,0.00,187.00,0.00,0.00,65,1,5,10,20,0,0,50,35,1.43,14,0,0,0,173319,0,173319,6,5369208,0,5369208,9,04/23/2021,10/19/2019,01/18/2021,07/22/2015,09/09/9999
6789299,9478521,0500344,0093625,"CEMEX Construction Materials South, LLC",Operator,M,M6642,000530936,104(a),N,,Y,N,56.11002,Citation,Regular,Closed,06/23/2021,01/19/2021,01/19/2021,04/23/2021,03/09/2021,2021,622.00,622.00,2.18,0.00,622.00,0.00,0.00,80,1,20,10,20,0,0,50,35,1.43,14,0,0,0,173319,0,173319,6,5369208,0,5369208,9,04/23/2021,10/19/2019,01/18/2021,07/22/2015,09/09/9999
6789299,9478519,0500344,0093625,"CEMEX Construction Materials South, LLC",Operator,M,M6642,000530936,104(a),N,,Y,N,56.12004,Citation,Regular,Closed,06/23/2021,01/19/2021,01/19/2021,04/23/2021,03/09/2021,2021,187.00,187.00,0.66,0.00,187.00,0.00,0.00,65,1,5,10,20,0,0,50,35,1.43,14,4,.114,0,173319,0,173319,6,5369208,0,5369208,9,04/23/2021,10/19/2019,01/18/2021,07/22/2015,09/09/9999
6789299,9345908,0500344,0093625,"CEMEX Construction Materials South, LLC",Operator,M,M6642,000530936,104(a),Y,,Y,N,56.5001(a)/56.5005,Citation,Regular,Closed,06/23/2021,01/12/2021,02/03/2021,04/23/2021,03/09/2021,2021,2065.00,2065.00,7.24,0.00,2065.00,0.00,0.00,95,1,10,30,20,0,0,50,27,1.85,19,0,0,0,173319,0,173319,6,5369208,0,5369208,9,04/23/2021,10/12/2019,01/11/2021,07/22/2015,09/09/9999
6853739,9650352,0500344,0093625,"CEMEX Construction Materials South, LLC",Operator,M,M6642,000541599,104(a),N,,Y,N,56.12016,Citation,Regular,Closed,10/08/2021,07/19/2021,07/19/2021,11/09/2021,09/07/2021,2021,2237.00,2237.00,0.00,0.00,2237.00,0.00,0.00,96,1,10,10,35,0,0,66,29,2.28,25,0,0,0,173319,0,173319,6,5363056,0,5363056,9,11/09/2021,04/19/2020,07/18/2021,07/22/2015,09/09/9999
6853739,9650351,0500344,0093625,"CEMEX Construction Materials South, LLC",Operator,M,M6642,000541599,104(a),N,,Y,N,56.14100(b),Citation,Regular,Closed,10/08/2021,07/19/2021,07/19/2021,11/09/2021,09/07/2021,2021,453.00,453.00,0.00,0.00,453.00,0.00,0.00,76,1,5,10,20,0,0,66,29,2.28,25,5,.172,0,173319,0,173319,6,5363056,0,5363056,9,11/09/2021,04/19/2020,07/18/2021,07/22/2015,09/09/9999
6853739,9650350,0500344,0093625,"CEMEX Construction Materials South, LLC",Operator,M,M6642,000541599,104(a),N,,Y,N,56.11012,Citation,Regular,Closed,10/08/2021,07/19/2021,07/19/2021,11/09/2021,09/07/2021,2021,1500.00,1500.00,0.00,0.00,1500.00,0.00,0.00,91,1,20,10,20,0,0,66,29,2.28,25,1,.034,0,173319,0,173319,6,5363056,0,5363056,9,11/09/2021,04/19/2020,07/18/2021,07/22/2015,09/09/9999
6853739,9650349,0500344,0093625,"CEMEX Construction Materials South, LLC",Operator,M,M6642,000541599,104(a),N,,Y,N,56.20003(a),Citation,Regular,Closed,10/08/2021,07/19/2021,07/19/2021,11/09/2021,09/07/2021,2021,1500.00,1500.00,0.00,0.00,1500.00,0.00,0.00,91,1,5,10,20,0,0,66,29,2.28,25,6,.207,15,173319,0,173319,6,5363056,0,5363056,9,11/09/2021,04/19/2020,07/18/2021,07/22/2015,09/09/9999
6853739,9650348,0500344,0093625,"CEMEX Construction Materials South, LLC",Operator,M,M6642,000541599,104(a),N,,Y,N,56.14107(a),Citation,Regular,Closed,10/08/2021,07/19/2021,07/19/2021,11/09/2021,09/07/2021,2021,674.00,674.00,0.00,0.00,674.00,0.00,0.00,81,1,10,10,20,0,0,66,29,2.28,25,2,.069,0,173319,0,173319,6,5363056,0,5363056,9,11/09/2021,04/19/2020,07/18/2021,07/22/2015,09/09/9999
6853739,9650347,0500344,0093625,"CEMEX Construction Materials South, LLC",Operator,M,M6642,000541599,104(a),N,,Y,N,56.14112(b),Citation,Regular,Closed,10/08/2021,07/19/2021,07/19/2021,11/09/2021,09/07/2021,2021,2626.00,2626.00,0.00,0.00,2626.00,0.00,0.00,98,1,10,10,20,0,0,66,29,2.28,25,10,.345,17,173319,0,173319,6,5363056,0,5363056,9,11/09/2021,04/19/2020,07/18/2021,07/22/2015,09/09/9999
6853739,9650345,0500344,0093625,"CEMEX Construction Materials South, LLC",Operator,M,M6642,000541599,104(a),N,,Y,N,56.12004,Citation,Regular,Closed,10/08/2021,07/19/2021,07/19/2021,11/09/2021,09/07/2021,2021,1500.00,1500.00,0.00,0.00,1500.00,0.00,0.00,91,1,5,10,20,0,0,66,29,2.28,25,7,.241,15,173319,0,173319,6,5363056,0,5363056,9,11/09/2021,04/19/2020,07/18/2021,07/22/2015,09/09/9999
6853739,9650344,0500344,0093625,"CEMEX Construction Materials South, LLC",Operator,M,M6642,000541599,104(a),N,,Y,N,56.16006,Citation,Regular,Closed,10/08/2021,07/19/2021,07/19/2021,11/09/2021,09/07/2021,2021,453.00,453.00,0.00,0.00,453.00,0.00,0.00,76,1,5,10,20,0,0,66,29,2.28,25,0,0,0,173319,0,173319,6,5363056,0,5363056,9,11/09/2021,04/19/2020,07/18/2021,07/22/2015,09/09/9999
6853739,8587110,0500344,0093625,"CEMEX Construction Materials South, LLC",Operator,M,M6642,000541599,104(a),N,,Y,N,56.20003(b),Citation,Regular,Closed,10/08/2021,07/19/2021,07/19/2021,11/09/2021,09/07/2021,2021,453.00,453.00,0.00,0.00,453.00,0.00,0.00,76,1,5,10,20,0,0,66,29,2.28,25,1,.034,0,173319,0,173319,6,5363056,0,5363056,9,11/09/2021,04/19/2020,07/18/2021,07/22/2015,09/09/9999
6853739,9650353,0500344,0093625,"CEMEX Construction Materials South, LLC",Operator,M,M6642,000541599,104(a),N,,Y,N,56.20003(a),Citation,Regular,Closed,10/08/2021,07/19/2021,07/19/2021,11/09/2021,09/07/2021,2021,1500.00,1500.00,0.00,0.00,1500.00,0.00,0.00,91,1,5,10,20,0,0,66,29,2.28,25,6,.207,15,173319,0,173319,6,5363056,0,5363056,9,11/09/2021,04/19/2020,07/18/2021,07/22/2015,09/09/9999
6853739,8587108,0500344,0093625,"CEMEX Construction Materials South, LLC",Operator,M,M6642,000541599,104(a),N,,Y,N,56.12032,Citation,Regular,Closed,10/08/2021,07/19/2021,07/19/2021,11/09/2021,09/07/2021,2021,453.00,453.00,0.00,0.00,453.00,0.00,0.00,76,1,5,10,20,0,0,66,29,2.28,25,3,.103,0,173319,0,173319,6,5363056,0,5363056,9,11/09/2021,04/19/2020,07/18/2021,07/22/2015,09/09/9999
6853739,6459139,0500344,0093625,"CEMEX Construction Materials South, LLC",Operator,M,M6642,000541599,104(a),N,,Y,N,56.12028,Citation,Regular,Closed,10/08/2021,07/19/2021,07/19/2021,11/09/2021,09/07/2021,2021,453.00,453.00,0.00,0.00,453.00,0.00,0.00,76,1,5,10,20,0,0,66,29,2.28,25,1,.034,0,173319,0,173319,6,5363056,0,5363056,9,11/09/2021,04/19/2020,07/18/2021,07/22/2015,09/09/9999
6853739,9650346,0500344,0093625,"CEMEX Construction Materials South, LLC",Operator,M,M6642,000541599,104(a),N,,Y,N,56.14112(b),Citation,Regular,Closed,10/08/2021,07/19/2021,07/19/2021,11/09/2021,09/07/2021,2021,2626.00,2626.00,0.00,0.00,2626.00,0.00,0.00,98,1,10,10,20,0,0,66,29,2.28,25,10,.345,17,173319,0,173319,6,5363056,0,5363056,9,11/09/2021,04/19/2020,07/18/2021,07/22/2015,09/09/9999
6853739,8587109,0500344,0093625,"CEMEX Construction Materials South, LLC",Operator,M,M6642,000541599,104(a),N,,Y,N,56.12004,Citation,Regular,Closed,10/08/2021,07/19/2021,07/19/2021,11/09/2021,09/07/2021,2021,4980.00,4980.00,0.00,0.00,4980.00,0.00,0.00,106,1,20,10,20,0,0,66,29,2.28,25,7,.241,15,173319,0,173319,6,5363056,0,5363056,9,11/09/2021,04/19/2020,07/18/2021,07/22/2015,09/09/9999
6853739,6459137,0500344,R5U,Southern Refractories Inc,Contractor,M,M6642,000541042,104(a),Y,,Y,N,56.20003(a),Citation,Regular,Closed,09/02/2021,07/19/2021,07/19/2021,10/10/2021,08/26/2021,2021,328.00,328.00,0.00,0.00,328.00,0.00,0.00,72,1,5,30,20,16,0,4,0,0,0,0,0,0,179143,0,179143,0,0,0,0,,,04/19/2020,07/18/2021,07/19/2021,09/09/9999
6853739,9655120,0500344,0093625,"CEMEX Construction Materials South, LLC",Operator,M,M6642,000541599,104(a),N,,Y,N,56.12028,Citation,Regular,Closed,10/08/2021,07/19/2021,07/19/2021,11/09/2021,09/07/2021,2021,1500.00,1500.00,0.00,0.00,1500.00,0.00,0.00,91,1,20,10,20,0,0,66,29,2.28,25,1,.034,0,173319,0,173319,6,5363056,0,5363056,9,11/09/2021,04/19/2020,07/18/2021,07/22/2015,09/09/9999
6853739,6459138,0500344,0093625,"CEMEX Construction Materials South, LLC",Operator,M,M6642,000541599,104(a),N,,Y,N,56.12008,Citation,Regular,Closed,10/08/2021,07/19/2021,07/19/2021,11/09/2021,09/07/2021,2021,1500.00,1500.00,0.00,0.00,1500.00,0.00,0.00,91,1,20,10,20,0,0,66,29,2.28,25,1,.034,0,173319,0,173319,6,5363056,0,5363056,9,11/09/2021,04/19/2020,07/18/2021,07/22/2015,09/09/9999
6853739,9655119,0500344,0093625,"CEMEX Construction Materials South, LLC",Operator,M,M6642,000541599,104(a),N,,Y,N,56.4200(b)(2),Citation,Regular,Closed,10/08/2021,07/19/2021,07/19/2021,11/09/2021,09/07/2021,2021,453.00,453.00,0.00,0.00,453.00,0.00,0.00,76,1,5,10,20,0,0,66,29,2.28,25,1,.034,0,173319,0,173319,6,5363056,0,5363056,9,11/09/2021,04/19/2020,07/18/2021,07/22/2015,09/09/9999
6853739,9655121,0500344,0093625,"CEMEX Construction Materials South, LLC",Operator,M,M6642,000541599,104(a),N,,Y,N,56.12032,Citation,Regular,Closed,10/08/2021,07/19/2021,07/19/2021,11/09/2021,09/07/2021,2021,453.00,453.00,0.00,0.00,453.00,0.00,0.00,76,1,5,10,20,0,0,66,29,2.28,25,3,.103,0,173319,0,173319,6,5363056,0,5363056,9,11/09/2021,04/19/2020,07/18/2021,07/22/2015,09/09/9999
6853739,9655122,0500344,0093625,"CEMEX Construction Materials South, LLC",Operator,M,M6642,000541599,104(a),N,,Y,N,56.12004,Citation,Regular,Closed,10/08/2021,07/19/2021,07/19/2021,11/09/2021,09/07/2021,2021,1500.00,1500.00,0.00,0.00,1500.00,0.00,0.00,91,1,5,10,20,0,0,66,29,2.28,25,7,.241,15,173319,0,173319,6,5363056,0,5363056,9,11/09/2021,04/19/2020,07/18/2021,07/22/2015,09/09/9999
6853739,9655123,0500344,0093625,"CEMEX Construction Materials South, LLC",Operator,M,M6642,000541599,104(a),N,,Y,N,56.14132(b)(1)(i),Citation,Regular,Closed,10/08/2021,07/19/2021,07/19/2021,11/09/2021,09/07/2021,2021,1500.00,1500.00,0.00,0.00,1500.00,0.00,0.00,91,1,20,10,20,0,0,66,29,2.28,25,0,0,0,173319,0,173319,6,5363056,0,5363056,9,11/09/2021,04/19/2020,07/18/2021,07/22/2015,09/09/9999
6853739,9650358,0500344,0093625,"CEMEX Construction Materials South, LLC",Operator,M,M6642,000541599,104(a),N,,Y,N,56.20003(a),Citation,Regular,Closed,10/08/2021,07/20/2021,07/20/2021,11/09/2021,09/07/2021,2021,1006.00,1006.00,0.00,0.00,1006.00,0.00,0.00,86,1,5,10,20,0,0,66,34,1.94,22,6,.176,13,173319,0,173319,6,5363056,0,5363056,9,11/09/2021,04/20/2020,07/19/2021,07/22/2015,09/09/9999
6853739,9650357,0500344,0093625,"CEMEX Construction Materials South, LLC",Operator,M,M6642,000541599,104(a),N,,Y,N,56.13021,Citation,Regular,Closed,10/08/2021,07/20/2021,07/20/2021,11/09/2021,09/07/2021,2021,355.00,355.00,0.00,0.00,355.00,0.00,0.00,73,1,5,10,20,0,0,66,34,1.94,22,2,.059,0,173319,0,173319,6,5363056,0,5363056,9,11/09/2021,04/20/2020,07/19/2021,07/22/2015,09/09/9999
6853739,9650355,0500344,0093625,"CEMEX Construction Materials South, LLC",Operator,M,M6642,000541599,104(a),N,,Y,N,56.13021,Citation,Regular,Closed,10/08/2021,07/20/2021,07/20/2021,11/09/2021,09/07/2021,2021,355.00,355.00,0.00,0.00,355.00,0.00,0.00,73,1,5,10,20,0,0,66,34,1.94,22,2,.059,0,173319,0,173319,6,5363056,0,5363056,9,11/09/2021,04/20/2020,07/19/2021,07/22/2015,09/09/9999
6853739,9650354,0500344,0093625,"CEMEX Construction Materials South, LLC",Operator,M,M6642,000541599,104(a),N,,Y,N,56.12016,Citation,Regular,Closed,10/08/2021,07/20/2021,07/20/2021,11/09/2021,09/07/2021,2021,3917.00,3917.00,0.00,0.00,3917.00,0.00,0.00,103,1,20,10,35,0,0,66,34,1.94,22,0,0,0,173319,0,173319,6,5363056,0,5363056,9,11/09/2021,04/20/2020,07/19/2021,07/22/2015,09/09/9999
6853739,9650359,0500344,0093625,"CEMEX Construction Materials South, LLC",Operator,M,M6642,000541599,104(a),Y,,Y,N,56.14100(b),Citation,Regular,Closed,10/08/2021,07/20/2021,07/20/2021,11/09/2021,09/07/2021,2021,5844.00,5844.00,0.00,0.00,5844.00,0.00,0.00,108,1,20,30,20,0,0,66,34,1.94,22,5,.147,0,173319,0,173319,6,5363056,0,5363056,9,11/09/2021,04/20/2020,07/19/2021,07/22/2015,09/09/9999
6853739,9655124,0500344,0093625,"CEMEX Construction Materials South, LLC",Operator,M,M6642,000541599,104(a),N,,Y,N,56.20003(a),Citation,Regular,Closed,10/08/2021,07/20/2021,07/20/2021,11/09/2021,09/07/2021,2021,3338.00,3338.00,0.00,0.00,3338.00,0.00,0.00,101,1,5,10,35,0,0,66,34,1.94,22,6,.176,13,173319,0,173319,6,5363056,0,5363056,9,11/09/2021,04/20/2020,07/19/2021,07/22/2015,09/09/9999
6853739,9655125,0500344,0093625,"CEMEX Construction Materials South, LLC",Operator,M,M6642,000541599,104(a),N,,Y,N,56.20003(a),Citation,Regular,Closed,10/08/2021,07/20/2021,07/20/2021,11/09/2021,09/07/2021,2021,3338.00,3338.00,0.00,0.00,3338.00,0.00,0.00,101,1,5,10,35,0,0,66,34,1.94,22,6,.176,13,173319,0,173319,6,5363056,0,5363056,9,11/09/2021,04/20/2020,07/19/2021,07/22/2015,09/09/9999
6853739,9650360,0500344,0093625,"CEMEX Construction Materials South, LLC",Operator,M,M6642,000541599,104(a),N,,Y,N,56.4203,Citation,Regular,Closed,10/08/2021,07/21/2021,07/21/2021,11/09/2021,09/07/2021,2021,279.00,279.00,0.00,0.00,279.00,0.00,0.00,70,1,5,10,20,0,0,66,38,1.74,19,0,0,0,173319,0,173319,6,5363056,0,5363056,9,11/09/2021,04/21/2020,07/20/2021,07/22/2015,09/09/9999
6853739,9655126,0500344,F223,"Personal Touch, Inc.",Contractor,M,M6642,000541041,104(a),Y,,Y,N,56.15006,Citation,Regular,Closed,10/04/2021,07/21/2021,07/21/2021,10/26/2021,08/26/2021,2021,929.00,929.00,0.00,0.00,929.00,0.00,0.00,85,1,10,30,20,22,0,7,0,0,2,0,0,0,596314,0,596314,0,0,0,0,,10/26/2021,04/21/2020,07/20/2021,07/01/2021,09/09/9999
6853739,9650368,0500344,0093625,"CEMEX Construction Materials South, LLC",Operator,M,M6642,000541599,104(a),Y,,Y,N,56.14107(a),Citation,Regular,Closed,10/08/2021,07/21/2021,07/21/2021,11/09/2021,09/07/2021,2021,2065.00,2065.00,0.00,0.00,2065.00,0.00,0.00,95,1,10,30,20,0,0,66,38,1.74,19,2,.053,0,173319,0,173319,6,5363056,0,5363056,9,11/09/2021,04/21/2020,07/20/2021,07/22/2015,09/09/9999
6853739,9655127,0500344,0093625,"CEMEX Construction Materials South, LLC",Operator,M,M6642,000541599,104(a),N,,Y,N,56.16006,Citation,Regular,Closed,10/08/2021,07/21/2021,07/21/2021,11/09/2021,09/07/2021,2021,929.00,929.00,0.00,0.00,929.00,0.00,0.00,85,1,20,10,20,0,0,66,38,1.74,19,0,0,0,173319,0,173319,6,5363056,0,5363056,9,11/09/2021,04/21/2020,07/20/2021,07/22/2015,09/09/9999
6853739,9655128,0500344,0093625,"CEMEX Construction Materials South, LLC",Operator,M,M6642,000541599,104(a),N,,Y,N,56.20003(a),Citation,Regular,Closed,10/08/2021,07/21/2021,07/21/2021,11/09/2021,09/07/2021,2021,729.00,729.00,0.00,0.00,729.00,0.00,0.00,82,1,5,10,20,0,0,66,38,1.74,19,6,.158,12,173319,0,173319,6,5363056,0,5363056,9,11/09/2021,04/21/2020,07/20/2021,07/22/2015,09/09/9999
6853739,9655129,0500344,0093625,"CEMEX Construction Materials South, LLC",Operator,M,M6642,000541599,104(a),N,,Y,N,56.15001,Citation,Regular,Closed,10/08/2021,07/21/2021,07/21/2021,11/09/2021,09/07/2021,2021,416.00,416.00,0.00,0.00,416.00,0.00,0.00,75,1,10,10,20,0,0,66,38,1.74,19,0,0,0,173319,0,173319,6,5363056,0,5363056,9,11/09/2021,04/21/2020,07/20/2021,07/22/2015,09/09/9999
6853739,9650365,0500344,0093625,"CEMEX Construction Materials South, LLC",Operator,M,M6642,000541599,104(a),N,,Y,N,56.11002,Citation,Regular,Closed,10/08/2021,07/21/2021,07/21/2021,11/09/2021,09/07/2021,2021,416.00,416.00,0.00,0.00,416.00,0.00,0.00,75,1,20,10,10,0,0,66,38,1.74,19,4,.105,0,173319,0,173319,6,5363056,0,5363056,9,11/09/2021,04/21/2020,07/20/2021,07/22/2015,09/09/9999
6853739,9650364,0500344,0093625,"CEMEX Construction Materials South, LLC",Operator,M,M6642,000541599,104(a),N,,Y,N,56.14112(b),Citation,Regular,Closed,10/08/2021,07/21/2021,07/21/2021,11/09/2021,09/07/2021,2021,1500.00,1500.00,0.00,0.00,1500.00,0.00,0.00,91,1,10,10,20,0,0,66,38,1.74,19,10,.263,16,173319,0,173319,6,5363056,0,5363056,9,11/09/2021,04/21/2020,07/20/2021,07/22/2015,09/09/9999
6853739,9650363,0500344,0093625,"CEMEX Construction Materials South, LLC",Operator,M,M6642,000541599,104(a),N,,Y,N,56.12032,Citation,Regular,Closed,10/08/2021,07/21/2021,07/21/2021,11/09/2021,09/07/2021,2021,929.00,929.00,0.00,0.00,929.00,0.00,0.00,85,1,20,10,20,0,0,66,38,1.74,19,3,.079,0,173319,0,173319,6,5363056,0,5363056,9,11/09/2021,04/21/2020,07/20/2021,07/22/2015,09/09/9999
6853739,9650366,0500344,0093625,"CEMEX Construction Materials South, LLC",Operator,M,M6642,000541599,104(a),N,,Y,N,56.11002,Citation,Regular,Closed,10/08/2021,07/21/2021,07/21/2021,11/09/2021,09/07/2021,2021,416.00,416.00,0.00,0.00,416.00,0.00,0.00,75,1,20,10,10,0,0,66,38,1.74,19,4,.105,0,173319,0,173319,6,5363056,0,5363056,9,11/09/2021,04/21/2020,07/20/2021,07/22/2015,09/09/9999
6853739,9650361,0500344,0093625,"CEMEX Construction Materials South, LLC",Operator,M,M6642,000541599,104(a),N,,Y,N,56.14109(a),Citation,Regular,Closed,10/08/2021,07/21/2021,07/21/2021,11/09/2021,09/07/2021,2021,125.00,125.00,0.00,0.00,125.00,0.00,0.00,60,1,5,10,10,0,0,66,38,1.74,19,0,0,0,173319,0,173319,6,5363056,0,5363056,9,11/09/2021,04/21/2020,07/20/2021,07/22/2015,09/09/9999
6853739,9650367,0500344,0093625,"CEMEX Construction Materials South, LLC",Operator,M,M6642,000541599,104(a),N,,Y,N,56.14112(b),Citation,Regular,Closed,10/08/2021,07/21/2021,07/21/2021,11/09/2021,09/07/2021,2021,453.00,453.00,0.00,0.00,453.00,0.00,0.00,76,1,5,10,10,0,0,66,38,1.74,19,10,.263,16,173319,0,173319,6,5363056,0,5363056,9,11/09/2021,04/21/2020,07/20/2021,07/22/2015,09/09/9999
6853739,9650362,0500344,0093625,"CEMEX Construction Materials South, LLC",Operator,M,M6642,000541599,104(a),N,,Y,N,56.12032,Citation,Regular,Closed,10/08/2021,07/21/2021,07/21/2021,11/09/2021,09/07/2021,2021,416.00,416.00,0.00,0.00,416.00,0.00,0.00,75,1,10,10,20,0,0,66,38,1.74,19,3,.079,0,173319,0,173319,6,5363056,0,5363056,9,11/09/2021,04/21/2020,07/20/2021,07/22/2015,09/09/9999
6853569,9656611,0500344,0093625,"CEMEX Construction Materials South, LLC",Operator,M,M6642,000550878,104(a),N,,Y,N,56.14205,Citation,Regular,Closed,04/26/2022,01/18/2022,01/18/2022,04/21/2022,03/08/2022,2022,716.00,716.00,0.00,0.00,716.00,0.00,0.00,81,1,10,10,20,0,0,82,35,2.34,25,0,0,0,181216,0,181216,6,5473653,0,5473653,9,04/21/2022,10/18/2020,01/17/2022,07/22/2015,09/09/9999
6853570,9656612,0500344,0093625,"CEMEX Construction Materials South, LLC",Operator,M,M6642,000550878,104(a),N,,Y,N,56.12002,Citation,Regular,Closed,04/26/2022,01/24/2022,01/24/2022,04/21/2022,03/08/2022,2022,1593.00,1593.00,0.00,0.00,1593.00,0.00,0.00,91,1,20,10,20,0,0,82,36,2.28,25,0,0,0,181216,0,181216,6,5473653,0,5473653,9,04/21/2022,10/24/2020,01/23/2022,07/22/2015,09/09/9999
6853570,9656613,0500344,0093625,"CEMEX Construction Materials South, LLC",Operator,M,M6642,000550878,104(a),N,,Y,N,56.16001,Citation,Regular,Closed,04/26/2022,01/24/2022,01/24/2022,04/21/2022,03/08/2022,2022,481.00,481.00,0.00,0.00,481.00,0.00,0.00,76,1,5,10,20,0,0,82,36,2.28,25,0,0,0,181216,0,181216,6,5473653,0,5473653,9,04/21/2022,10/24/2020,01/23/2022,07/22/2015,09/09/9999
6853570,9656614,0500344,0093625,"CEMEX Construction Materials South, LLC",Operator,M,M6642,000550878,104(a),N,,Y,N,56.11001,Citation,Regular,Closed,04/26/2022,01/24/2022,01/24/2022,04/21/2022,03/08/2022,2022,481.00,481.00,0.00,0.00,481.00,0.00,0.00,76,1,5,10,20,0,0,82,36,2.28,25,0,0,0,181216,0,181216,6,5473653,0,5473653,9,04/21/2022,10/24/2020,01/23/2022,07/22/2015,09/09/9999
6853570,9656615,0500344,0093625,"CEMEX Construction Materials South, LLC",Operator,M,M6642,000550878,104(a),N,,Y,N,56.12004,Citation,Regular,Closed,04/26/2022,01/24/2022,01/24/2022,04/21/2022,03/08/2022,2022,5290.00,5290.00,0.00,0.00,5290.00,0.00,0.00,106,1,20,10,20,0,0,82,36,2.28,25,8,.222,15,181216,0,181216,6,5473653,0,5473653,9,04/21/2022,10/24/2020,01/23/2022,07/22/2015,09/09/9999
6853570,9656616,0500344,0093625,"CEMEX Construction Materials South, LLC",Operator,M,M6642,000550878,104(a),N,,Y,N,56.12032,Citation,Regular,Closed,04/26/2022,01/24/2022,01/24/2022,04/21/2022,03/08/2022,2022,1593.00,1593.00,0.00,0.00,1593.00,0.00,0.00,91,1,20,10,20,0,0,82,36,2.28,25,4,.111,0,181216,0,181216,6,5473653,0,5473653,9,04/21/2022,10/24/2020,01/23/2022,07/22/2015,09/09/9999
6853570,9656620,0500344,0093625,"CEMEX Construction Materials South, LLC",Operator,M,M6642,000550878,104(a),N,,Y,N,56.4601,Citation,Regular,Closed,04/26/2022,01/25/2022,01/25/2022,04/21/2022,03/08/2022,2022,716.00,716.00,0.00,0.00,716.00,0.00,0.00,81,1,10,10,20,0,0,82,38,2.16,25,0,0,0,181216,0,181216,6,5473653,0,5473653,9,04/21/2022,10/25/2020,01/24/2022,07/22/2015,09/09/9999
6853570,9656617,0500344,0093625,"CEMEX Construction Materials South, LLC",Operator,M,M6642,000550878,104(a),N,,Y,N,56.12002,Citation,Regular,Closed,04/26/2022,01/25/2022,01/25/2022,04/21/2022,03/08/2022,2022,1593.00,1593.00,0.00,0.00,1593.00,0.00,0.00,91,1,20,10,20,0,0,82,38,2.16,25,0,0,0,181216,0,181216,6,5473653,0,5473653,9,04/21/2022,10/25/2020,01/24/2022,07/22/2015,09/09/9999
6853570,9656618,0500344,0093625,"CEMEX Construction Materials South, LLC",Operator,M,M6642,000550878,104(a),N,,Y,N,56.12002,Citation,Regular,Closed,04/26/2022,01/25/2022,01/25/2022,04/21/2022,03/08/2022,2022,1593.00,1593.00,0.00,0.00,1593.00,0.00,0.00,91,1,20,10,20,0,0,82,38,2.16,25,0,0,0,181216,0,181216,6,5473653,0,5473653,9,04/21/2022,10/25/2020,01/24/2022,07/22/2015,09/09/9999
6853570,9656619,0500344,0093625,"CEMEX Construction Materials South, LLC",Operator,M,M6642,000550878,104(a),N,,Y,N,56.12032,Citation,Regular,Closed,04/26/2022,01/25/2022,01/25/2022,04/21/2022,03/08/2022,2022,1593.00,1593.00,0.00,0.00,1593.00,0.00,0.00,91,1,20,10,20,0,0,82,38,2.16,25,4,.105,0,181216,0,181216,6,5473653,0,5473653,9,04/21/2022,10/25/2020,01/24/2022,07/22/2015,09/09/9999
6853570,9656622,0500344,0093625,"CEMEX Construction Materials South, LLC",Operator,M,M6642,000550878,104(a),N,,Y,N,56.11003,Citation,Regular,Closed,04/26/2022,01/25/2022,01/25/2022,04/21/2022,03/08/2022,2022,481.00,481.00,0.00,0.00,481.00,0.00,0.00,76,1,5,10,20,0,0,82,38,2.16,25,0,0,0,181216,0,181216,6,5473653,0,5473653,9,04/21/2022,10/25/2020,01/24/2022,07/22/2015,09/09/9999
6853570,9656623,0500344,0093625,"CEMEX Construction Materials South, LLC",Operator,M,M6642,000550878,104(a),N,,Y,N,56.12028,Citation,Regular,Closed,04/26/2022,01/25/2022,01/25/2022,04/21/2022,03/08/2022,2022,1593.00,1593.00,0.00,0.00,1593.00,0.00,0.00,91,1,20,10,20,0,0,82,38,2.16,25,3,.079,0,181216,0,181216,6,5473653,0,5473653,9,04/21/2022,10/25/2020,01/24/2022,07/22/2015,09/09/9999
6853570,9656624,0500344,B1515,mountain west industrial,Contractor,M,M6642,000551759,104(a),Y,,Y,N,56.14213(a),Citation,Regular,Closed,05/18/2022,01/25/2022,01/25/2022,05/01/2022,03/22/2022,2022,840.00,840.00,0.00,0.00,840.00,0.00,0.00,83,1,10,30,20,20,0,7,0,0,2,0,0,0,314000,0,314000,0,0,0,0,,05/01/2022,10/25/2020,01/24/2022,01/25/2022,09/09/9999
6853570,9656625,0500344,0093625,"CEMEX Construction Materials South, LLC",Operator,M,M6642,000550878,104(a),N,,Y,N,56.11003,Citation,Regular,Closed,04/26/2022,01/25/2022,01/25/2022,04/21/2022,03/08/2022,2022,481.00,481.00,0.00,0.00,481.00,0.00,0.00,76,1,5,10,20,0,0,82,38,2.16,25,0,0,0,181216,0,181216,6,5473653,0,5473653,9,04/21/2022,10/25/2020,01/24/2022,07/22/2015,09/09/9999
6853570,9656626,0500344,0093625,"CEMEX Construction Materials South, LLC",Operator,M,M6642,000550878,104(a),N,,Y,N,56.4101,Citation,Regular,Closed,04/26/2022,01/25/2022,01/25/2022,04/21/2022,03/08/2022,2022,716.00,716.00,0.00,0.00,716.00,0.00,0.00,81,1,10,10,20,0,0,82,38,2.16,25,0,0,0,181216,0,181216,6,5473653,0,5473653,9,04/21/2022,10/25/2020,01/24/2022,07/22/2015,09/09/9999
6853570,9656621,0500344,0093625,"CEMEX Construction Materials South, LLC",Operator,M,M6642,000550878,104(a),N,,Y,N,56.4101,Citation,Regular,Closed,04/26/2022,01/25/2022,01/25/2022,04/21/2022,03/08/2022,2022,716.00,716.00,0.00,0.00,716.00,0.00,0.00,81,1,10,10,20,0,0,82,38,2.16,25,0,0,0,181216,0,181216,6,5473653,0,5473653,9,04/21/2022,10/25/2020,01/24/2022,07/22/2015,09/09/9999
6853570,9656631,0500344,0093625,"CEMEX Construction Materials South, LLC",Operator,M,M6642,000550878,104(a),N,,Y,N,56.16006,Citation,Regular,Closed,04/26/2022,01/26/2022,01/26/2022,04/21/2022,03/08/2022,2022,563.00,563.00,0.00,0.00,563.00,0.00,0.00,78,1,10,10,20,0,0,82,40,2.05,22,2,.05,0,181216,0,181216,6,5473653,0,5473653,9,04/21/2022,10/26/2020,01/25/2022,07/22/2015,09/09/9999
6853570,9656627,0500344,C2645,Verdugo construction,Contractor,M,M6642,000551902,104(a),N,,Y,N,56.4402,Citation,Regular,Received,04/02/2022,01/26/2022,01/26/2022,05/02/2022,03/23/2022,2022,133.00,133.00,1.43,0.00,0.00,0.00,0.00,41,1,10,10,20,0,0,0,0,0,0,0,0,0,40,0,40,0,0,0,0,,05/02/2022,10/26/2020,01/25/2022,01/26/2022,09/09/9999
6853570,9656628,0500344,C2645,Verdugo construction,Contractor,M,M6642,000551902,104(a),N,,Y,N,56.4101,Citation,Regular,Received,04/02/2022,01/26/2022,01/26/2022,05/02/2022,03/23/2022,2022,133.00,133.00,1.43,0.00,0.00,0.00,0.00,41,1,10,10,20,0,0,0,0,0,0,0,0,0,40,0,40,0,0,0,0,,05/02/2022,10/26/2020,01/25/2022,01/26/2022,09/09/9999
6853570,9656629,0500344,0093625,"CEMEX Construction Materials South, LLC",Operator,M,M6642,000550878,104(a),N,,Y,N,56.12032,Citation,Regular,Closed,04/26/2022,01/26/2022,01/26/2022,04/21/2022,03/08/2022,2022,1253.00,1253.00,0.00,0.00,1253.00,0.00,0.00,88,1,20,10,20,0,0,82,40,2.05,22,4,.1,0,181216,0,181216,6,5473653,0,5473653,9,04/21/2022,10/26/2020,01/25/2022,07/22/2015,09/09/9999
6853570,9656630,0500344,0093625,"CEMEX Construction Materials South, LLC",Operator,M,M6642,000550878,104(a),N,,Y,N,56.16005,Citation,Regular,Closed,04/26/2022,01/26/2022,01/26/2022,04/21/2022,03/08/2022,2022,563.00,563.00,0.00,0.00,563.00,0.00,0.00,78,1,10,10,20,0,0,82,40,2.05,22,1,.025,0,181216,0,181216,6,5473653,0,5473653,9,04/21/2022,10/26/2020,01/25/2022,07/22/2015,09/09/9999
6853570,9656637,0500344,0093625,"CEMEX Construction Materials South, LLC",Operator,M,M6642,000550878,104(a),N,,Y,N,56.12002,Citation,Regular,Closed,04/26/2022,01/31/2022,01/31/2022,04/21/2022,03/08/2022,2022,1253.00,1253.00,0.00,0.00,1253.00,0.00,0.00,88,1,20,10,20,0,0,82,42,1.95,22,0,0,0,181216,0,181216,6,5473653,0,5473653,9,04/21/2022,10/31/2020,01/30/2022,07/22/2015,09/09/9999
6853570,9656632,0500344,0093625,"CEMEX Construction Materials South, LLC",Operator,M,M6642,000550878,104(a),N,,Y,N,56.12004,Citation,Regular,Closed,04/26/2022,01/31/2022,01/31/2022,04/21/2022,03/08/2022,2022,3841.00,3841.00,0.00,0.00,3841.00,0.00,0.00,102,1,20,10,20,0,0,82,42,1.95,22,8,.19,14,181216,0,181216,6,5473653,0,5473653,9,04/21/2022,10/31/2020,01/30/2022,07/22/2015,09/09/9999
6853570,9656365,0500344,0093625,"CEMEX Construction Materials South, LLC",Operator,M,M6642,000550878,104(a),N,,Y,N,56.12004,Citation,Regular,Closed,04/26/2022,01/31/2022,01/31/2022,04/21/2022,03/08/2022,2022,1156.00,1156.00,0.00,0.00,1156.00,0.00,0.00,87,1,5,10,20,0,0,82,42,1.95,22,8,.19,14,181216,0,181216,6,5473653,0,5473653,9,04/21/2022,10/31/2020,01/30/2022,07/22/2015,09/09/9999
6853570,9656366,0500344,0093625,"CEMEX Construction Materials South, LLC",Operator,M,M6642,000550878,104(a),N,,Y,N,56.14205,Citation,Regular,Closed,04/26/2022,01/31/2022,01/31/2022,04/21/2022,03/08/2022,2022,378.00,378.00,0.00,0.00,378.00,0.00,0.00,73,1,5,10,20,0,0,82,42,1.95,22,0,0,0,181216,0,181216,6,5473653,0,5473653,9,04/21/2022,10/31/2020,01/30/2022,07/22/2015,09/09/9999
6853570,9656634,0500344,0093625,"CEMEX Construction Materials South, LLC",Operator,M,M6642,000550878,104(a),N,,Y,N,56.12023,Citation,Regular,Closed,04/26/2022,01/31/2022,01/31/2022,04/21/2022,03/08/2022,2022,1253.00,1253.00,0.00,0.00,1253.00,0.00,0.00,88,1,20,10,20,0,0,82,42,1.95,22,0,0,0,181216,0,181216,6,5473653,0,5473653,9,04/21/2022,10/31/2020,01/30/2022,07/22/2015,09/09/9999
6853570,9656635,0500344,0093625,"CEMEX Construction Materials South, LLC",Operator,M,M6642,000550878,104(a),N,,Y,N,56.12002,Citation,Regular,Closed,04/26/2022,01/31/2022,01/31/2022,04/21/2022,03/08/2022,2022,1253.00,1253.00,0.00,0.00,1253.00,0.00,0.00,88,1,20,10,20,0,0,82,42,1.95,22,0,0,0,181216,0,181216,6,5473653,0,5473653,9,04/21/2022,10/31/2020,01/30/2022,07/22/2015,09/09/9999
6853570,9656446,0500344,0093625,"CEMEX Construction Materials South, LLC",Operator,M,M6642,000550878,104(a),N,,Y,N,56.14100(b),Citation,Regular,Closed,04/26/2022,01/31/2022,01/31/2022,04/21/2022,03/08/2022,2022,987.00,987.00,0.00,0.00,987.00,0.00,0.00,85,1,5,10,20,0,0,82,42,1.95,22,6,.143,12,181216,0,181216,6,5473653,0,5473653,9,04/21/2022,10/31/2020,01/30/2022,07/22/2015,09/09/9999
6853570,9656636,0500344,0093625,"CEMEX Construction Materials South, LLC",Operator,M,M6642,000550878,104(a),N,,Y,N,56.13021,Citation,Regular,Closed,04/26/2022,01/31/2022,01/31/2022,04/21/2022,03/08/2022,2022,378.00,378.00,0.00,0.00,378.00,0.00,0.00,73,1,5,10,20,0,0,82,42,1.95,22,3,.071,0,181216,0,181216,6,5473653,0,5473653,9,04/21/2022,10/31/2020,01/30/2022,07/22/2015,09/09/9999
6853570,9656638,0500344,0093625,"CEMEX Construction Materials South, LLC",Operator,M,M6642,000550878,104(a),N,,Y,N,56.4101,Citation,Regular,Closed,04/26/2022,01/31/2022,01/31/2022,04/21/2022,03/08/2022,2022,563.00,563.00,0.00,0.00,563.00,0.00,0.00,78,1,10,10,20,0,0,82,42,1.95,22,0,0,0,181216,0,181216,6,5473653,0,5473653,9,04/21/2022,10/31/2020,01/30/2022,07/22/2015,09/09/9999
6853570,9656639,0500344,0093625,"CEMEX Construction Materials South, LLC",Operator,M,M6642,000550878,104(a),N,,Y,N,56.11026,Citation,Regular,Closed,04/26/2022,01/31/2022,01/31/2022,04/21/2022,03/08/2022,2022,1253.00,1253.00,0.00,0.00,1253.00,0.00,0.00,88,1,20,10,20,0,0,82,42,1.95,22,0,0,0,181216,0,181216,6,5473653,0,5473653,9,04/21/2022,10/31/2020,01/30/2022,07/22/2015,09/09/9999
6853570,9656633,0500344,0093625,"CEMEX Construction Materials South, LLC",Operator,M,M6642,000550878,104(a),N,,Y,N,56.14107(a),Citation,Regular,Closed,04/26/2022,01/31/2022,01/31/2022,04/21/2022,03/08/2022,2022,563.00,563.00,0.00,0.00,563.00,0.00,0.00,78,1,10,10,20,0,0,82,42,1.95,22,4,.095,0,181216,0,181216,6,5473653,0,5473653,9,04/21/2022,10/31/2020,01/30/2022,07/22/2015,09/09/9999
6853570,9656641,0500344,0093625,"CEMEX Construction Materials South, LLC",Operator,M,M6642,000550878,104(a),N,,Y,N,56.20003(a),Citation,Regular,Closed,04/26/2022,02/01/2022,02/01/2022,04/21/2022,03/08/2022,2022,987.00,987.00,0.00,0.00,987.00,0.00,0.00,85,1,5,10,20,0,0,82,44,1.86,19,11,.25,15,181216,0,181216,6,5473653,0,5473653,9,04/21/2022,11/01/2020,01/31/2022,07/22/2015,09/09/9999
6853570,9656640,0500344,0093625,"CEMEX Construction Materials South, LLC",Operator,M,M6642,000550878,104(a),N,,Y,N,56.12032,Citation,Regular,Closed,04/26/2022,02/01/2022,02/01/2022,04/21/2022,03/08/2022,2022,987.00,987.00,0.00,0.00,987.00,0.00,0.00,85,1,20,10,20,0,0,82,44,1.86,19,4,.091,0,181216,0,181216,6,5473653,0,5473653,9,04/21/2022,11/01/2020,01/31/2022,07/22/2015,09/09/9999
6853570,9656642,0500344,0093625,"CEMEX Construction Materials South, LLC",Operator,M,M6642,000550878,104(a),N,,Y,N,56.12004,Citation,Regular,Closed,04/26/2022,02/01/2022,02/01/2022,04/21/2022,03/08/2022,2022,3022.00,3022.00,0.00,0.00,3022.00,0.00,0.00,99,1,20,10,20,0,0,82,44,1.86,19,8,.182,14,181216,0,181216,6,5473653,0,5473653,9,04/21/2022,11/01/2020,01/31/2022,07/22/2015,09/09/9999
6853570,9656645,0500344,0093625,"CEMEX Construction Materials South, LLC",Operator,M,M6642,000550878,104(a),N,,Y,N,56.12018,Citation,Regular,Closed,04/26/2022,02/01/2022,02/01/2022,04/21/2022,03/08/2022,2022,987.00,987.00,0.00,0.00,987.00,0.00,0.00,85,1,20,10,20,0,0,82,44,1.86,19,4,.091,0,181216,0,181216,6,5473653,0,5473653,9,04/21/2022,11/01/2020,01/31/2022,07/22/2015,09/09/9999
6853570,9656644,0500344,0093625,"CEMEX Construction Materials South, LLC",Operator,M,M6642,000550878,104(a),N,,Y,N,56.12008,Citation,Regular,Closed,04/26/2022,02/01/2022,02/01/2022,04/21/2022,03/08/2022,2022,987.00,987.00,0.00,0.00,987.00,0.00,0.00,85,1,20,10,20,0,0,82,44,1.86,19,1,.023,0,181216,0,181216,6,5473653,0,5473653,9,04/21/2022,11/01/2020,01/31/2022,07/22/2015,09/09/9999
6853570,9656370,0500344,0093625,"CEMEX Construction Materials South, LLC",Operator,M,M6642,000550878,104(a),N,,Y,N,56.12030,Citation,Regular,Closed,04/26/2022,02/01/2022,02/01/2022,04/21/2022,03/08/2022,2022,296.00,296.00,0.00,0.00,296.00,0.00,0.00,70,1,5,10,20,0,0,82,44,1.86,19,0,0,0,181216,0,181216,6,5473653,0,5473653,9,04/21/2022,11/01/2020,01/31/2022,07/22/2015,09/09/9999
6853570,9656369,0500344,0093625,"CEMEX Construction Materials South, LLC",Operator,M,M6642,000550878,104(a),N,,Y,N,56.12032,Citation,Regular,Closed,04/26/2022,02/01/2022,02/01/2022,04/21/2022,03/08/2022,2022,296.00,296.00,0.00,0.00,296.00,0.00,0.00,70,1,5,10,20,0,0,82,44,1.86,19,4,.091,0,181216,0,181216,6,5473653,0,5473653,9,04/21/2022,11/01/2020,01/31/2022,07/22/2015,09/09/9999
6853570,9656368,0500344,0093625,"CEMEX Construction Materials South, LLC",Operator,M,M6642,000550878,104(a),N,,Y,N,56.20003(a),Citation,Regular,Closed,04/26/2022,02/01/2022,02/01/2022,04/21/2022,03/08/2022,2022,987.00,987.00,0.00,0.00,987.00,0.00,0.00,85,1,5,10,20,0,0,82,44,1.86,19,11,.25,15,181216,0,181216,6,5473653,0,5473653,9,04/21/2022,11/01/2020,01/31/2022,07/22/2015,09/09/9999
6853570,9656367,0500344,0093625,"CEMEX Construction Materials South, LLC",Operator,M,M6642,000550878,104(a),Y,,Y,N,56.16001,Citation,Regular,Closed,04/26/2022,02/01/2022,02/01/2022,04/21/2022,03/08/2022,2022,2194.00,2194.00,0.00,0.00,2194.00,0.00,0.00,95,1,10,30,20,0,0,82,44,1.86,19,0,0,0,181216,0,181216,6,5473653,0,5473653,9,04/21/2022,11/01/2020,01/31/2022,07/22/2015,09/09/9999
6853570,9656643,0500344,0093625,"CEMEX Construction Materials South, LLC",Operator,M,M6642,000550878,104(a),N,,Y,N,56.12004,Citation,Regular,Closed,04/26/2022,02/01/2022,02/01/2022,04/21/2022,03/08/2022,2022,3022.00,3022.00,0.00,0.00,3022.00,0.00,0.00,99,1,20,10,20,0,0,82,44,1.86,19,8,.182,14,181216,0,181216,6,5473653,0,5473653,9,04/21/2022,11/01/2020,01/31/2022,07/22/2015,09/09/9999
6853570,9656647,0500344,0093625,"CEMEX Construction Materials South, LLC",Operator,M,M6642,000550878,104(a),N,,Y,N,56.4430(b)(1),Citation,Regular,Closed,04/26/2022,02/02/2022,02/02/2022,04/21/2022,03/08/2022,2022,442.00,442.00,0.00,0.00,442.00,0.00,0.00,75,1,10,10,20,0,0,82,46,1.78,19,0,0,0,181216,0,181216,6,5473653,0,5473653,9,04/21/2022,11/02/2020,02/01/2022,07/22/2015,09/09/9999
6853570,9656650,0500344,0093625,"CEMEX Construction Materials South, LLC",Operator,M,M6642,000550878,104(a),N,,Y,N,56.12004,Citation,Regular,Closed,04/26/2022,02/02/2022,02/02/2022,04/21/2022,03/08/2022,2022,2790.00,2790.00,0.00,0.00,2790.00,0.00,0.00,98,1,20,10,20,0,0,82,46,1.78,19,8,.174,13,181216,0,181216,6,5473653,0,5473653,9,04/21/2022,11/02/2020,02/01/2022,07/22/2015,09/09/9999
6853570,9656651,0500344,0093625,"CEMEX Construction Materials South, LLC",Operator,M,M6642,000550878,104(a),N,,Y,N,56.12032,Citation,Regular,Closed,04/26/2022,02/02/2022,02/02/2022,04/21/2022,03/08/2022,2022,987.00,987.00,0.00,0.00,987.00,0.00,0.00,85,1,20,10,20,0,0,82,46,1.78,19,4,.087,0,181216,0,181216,6,5473653,0,5473653,9,04/21/2022,11/02/2020,02/01/2022,07/22/2015,09/09/9999
6853570,9656652,0500344,0093625,"CEMEX Construction Materials South, LLC",Operator,M,M6642,000550878,104(a),N,,Y,N,56.12032,Citation,Regular,Closed,04/26/2022,02/02/2022,02/02/2022,04/21/2022,03/08/2022,2022,987.00,987.00,0.00,0.00,987.00,0.00,0.00,85,1,20,10,20,0,0,82,46,1.78,19,4,.087,0,181216,0,181216,6,5473653,0,5473653,9,04/21/2022,11/02/2020,02/01/2022,07/22/2015,09/09/9999
6853570,9656646,0500344,0093625,"CEMEX Construction Materials South, LLC",Operator,M,M6642,000550878,104(a),N,,Y,N,56.4104,Citation,Regular,Closed,04/26/2022,02/02/2022,02/02/2022,04/21/2022,03/08/2022,2022,442.00,442.00,0.00,0.00,442.00,0.00,0.00,75,1,10,10,20,0,0,82,46,1.78,19,0,0,0,181216,0,181216,6,5473653,0,5473653,9,04/21/2022,11/02/2020,02/01/2022,07/22/2015,09/09/9999
6853570,9656648,0500344,0093625,"CEMEX Construction Materials South, LLC",Operator,M,M6642,000550878,104(a),N,,Y,N,56.12013(b),Citation,Regular,Closed,04/26/2022,02/02/2022,02/02/2022,04/21/2022,03/08/2022,2022,987.00,987.00,0.00,0.00,987.00,0.00,0.00,85,1,20,10,20,0,0,82,46,1.78,19,0,0,0,181216,0,181216,6,5473653,0,5473653,9,04/21/2022,11/02/2020,02/01/2022,07/22/2015,09/09/9999
6853570,9656649,0500344,0093625,"CEMEX Construction Materials South, LLC",Operator,M,M6642,000550878,104(a),N,,Y,N,56.12032,Citation,Regular,Closed,04/26/2022,02/02/2022,02/02/2022,04/21/2022,03/08/2022,2022,987.00,987.00,0.00,0.00,987.00,0.00,0.00,85,1,20,10,20,0,0,82,46,1.78,19,4,.087,0,181216,0,181216,6,5473653,0,5473653,9,04/21/2022,11/02/2020,02/01/2022,07/22/2015,09/09/9999
6853570,9656371,0500344,0093625,"CEMEX Construction Materials South, LLC",Operator,M,M6642,000550878,104(a),N,,Y,N,56.4200(b)(2),Citation,Regular,Closed,04/26/2022,02/02/2022,02/02/2022,04/21/2022,03/08/2022,2022,296.00,296.00,0.00,0.00,296.00,0.00,0.00,70,1,5,10,20,0,0,82,46,1.78,19,1,.022,0,181216,0,181216,6,5473653,0,5473653,9,04/21/2022,11/02/2020,02/01/2022,07/22/2015,09/09/9999
6853570,9656372,0500344,0093625,"CEMEX Construction Materials South, LLC",Operator,M,M6642,000550878,104(a),N,,Y,N,56.14112(b),Citation,Regular,Closed,04/26/2022,02/02/2022,02/02/2022,04/21/2022,03/08/2022,2022,1593.00,1593.00,0.00,0.00,1593.00,0.00,0.00,91,1,10,10,20,0,0,82,46,1.78,19,13,.283,16,181216,0,181216,6,5473653,0,5473653,9,04/21/2022,11/02/2020,02/01/2022,07/22/2015,09/09/9999
6853570,9656373,0500344,0093625,"CEMEX Construction Materials South, LLC",Operator,M,M6642,000550878,104(a),N,,Y,N,56.20003(a),Citation,Regular,Closed,04/26/2022,02/02/2022,02/02/2022,04/21/2022,03/08/2022,2022,987.00,987.00,0.00,0.00,987.00,0.00,0.00,85,1,5,10,20,0,0,82,46,1.78,19,11,.239,15,181216,0,181216,6,5473653,0,5473653,9,04/21/2022,11/02/2020,02/01/2022,07/22/2015,09/09/9999
6853570,9656374,0500344,0093625,"CEMEX Construction Materials South, LLC",Operator,M,M6642,000550878,104(a),N,,Y,N,56.14112(b),Citation,Regular,Closed,04/26/2022,02/02/2022,02/02/2022,04/21/2022,03/08/2022,2022,1593.00,1593.00,0.00,0.00,1593.00,0.00,0.00,91,1,10,10,20,0,0,82,46,1.78,19,13,.283,16,181216,0,181216,6,5473653,0,5473653,9,04/21/2022,11/02/2020,02/01/2022,07/22/2015,09/09/9999
6853570,9656375,0500344,0093625,"CEMEX Construction Materials South, LLC",Operator,M,M6642,000550878,104(a),N,,Y,N,56.12004,Citation,Regular,Closed,04/26/2022,02/02/2022,02/02/2022,04/21/2022,03/08/2022,2022,840.00,840.00,0.00,0.00,840.00,0.00,0.00,83,1,5,10,20,0,0,82,46,1.78,19,8,.174,13,181216,0,181216,6,5473653,0,5473653,9,04/21/2022,11/02/2020,02/01/2022,07/22/2015,09/09/9999
6853570,9656447,0500344,0093625,"CEMEX Construction Materials South, LLC",Operator,M,M6642,000550878,104(a),N,,Y,N,56.9300(b),Citation,Regular,Closed,04/26/2022,02/02/2022,02/02/2022,04/21/2022,03/08/2022,2022,987.00,987.00,0.00,0.00,987.00,0.00,0.00,85,1,20,10,20,0,0,82,46,1.78,19,0,0,0,181216,0,181216,6,5473653,0,5473653,9,04/21/2022,11/02/2020,02/01/2022,07/22/2015,09/09/9999
6853570,9656448,0500344,0093625,"CEMEX Construction Materials South, LLC",Operator,M,M6642,000550878,104(a),Y,,Y,N,56.14112(b),Citation,Regular,Closed,04/26/2022,02/03/2022,02/03/2022,04/21/2022,03/08/2022,2022,6208.00,6208.00,0.00,0.00,6208.00,0.00,0.00,108,1,10,30,20,0,0,82,49,1.67,16,13,.265,16,181216,0,181216,6,5473653,0,5473653,9,04/21/2022,11/03/2020,02/02/2022,07/22/2015,09/09/9999
6853700,9657720,0500344,0093625,"CEMEX Construction Materials South, LLC",Operator,M,M6642,000556298,104(a),Y,,Y,N,56.20003(a),Citation,Regular,Closed,08/09/2022,05/02/2022,05/02/2022,07/28/2022,06/07/2022,2022,10034.00,10034.00,0.00,0.00,10034.00,0.00,0.00,114,1,5,30,20,0,0,135,33,4.09,25,14,.424,18,181216,0,181216,6,5473653,0,5473653,9,07/28/2022,02/02/2021,05/01/2022,07/22/2015,09/09/9999
6853700,9657718,0500344,0093625,"CEMEX Construction Materials South, LLC",Operator,M,M6642,000556298,104(a),N,,Y,N,56.4101,Citation,Regular,Closed,08/09/2022,05/02/2022,05/02/2022,07/28/2022,06/07/2022,2022,481.00,481.00,0.00,0.00,481.00,0.00,0.00,76,1,5,10,20,0,0,135,33,4.09,25,3,.091,0,181216,0,181216,6,5473653,0,5473653,9,07/28/2022,02/02/2021,05/01/2022,07/22/2015,09/09/9999
6853700,9657719,0500344,0093625,"CEMEX Construction Materials South, LLC",Operator,M,M6642,000556298,104(a),N,,Y,N,56.13021,Citation,Regular,Closed,08/09/2022,05/02/2022,05/02/2022,07/28/2022,06/07/2022,2022,481.00,481.00,0.00,0.00,481.00,0.00,0.00,76,1,5,10,20,0,0,135,33,4.09,25,4,.121,0,181216,0,181216,6,5473653,0,5473653,9,07/28/2022,02/02/2021,05/01/2022,07/22/2015,09/09/9999
6853700,9657717,0500344,0093625,"CEMEX Construction Materials South, LLC",Operator,M,M6642,000556298,104(a),N,,Y,N,56.11003,Citation,Regular,Closed,08/09/2022,05/02/2022,05/02/2022,07/28/2022,06/07/2022,2022,481.00,481.00,0.00,0.00,481.00,0.00,0.00,76,1,5,10,20,0,0,135,33,4.09,25,2,.061,0,181216,0,181216,6,5473653,0,5473653,9,07/28/2022,02/02/2021,05/01/2022,07/22/2015,09/09/9999
6853700,9656767,0500344,0093625,"CEMEX Construction Materials South, LLC",Operator,M,M6642,000556298,104(a),N,,Y,N,47.41(a),Citation,Regular,Closed,08/09/2022,05/03/2022,05/03/2022,07/28/2022,06/07/2022,2022,481.00,481.00,0.00,0.00,481.00,0.00,0.00,76,1,5,10,20,0,0,135,34,3.97,25,0,0,0,181216,0,181216,6,5473653,0,5473653,9,07/28/2022,02/03/2021,05/02/2022,07/22/2015,09/09/9999
6853700,9657723,0500344,0093625,"CEMEX Construction Materials South, LLC",Operator,M,M6642,000556298,104(a),Y,,Y,N,56.20003(a),Citation,Regular,Closed,08/09/2022,05/03/2022,05/03/2022,07/28/2022,06/07/2022,2022,10034.00,10034.00,0.00,0.00,10034.00,0.00,0.00,114,1,5,30,20,0,0,135,34,3.97,25,14,.412,18,181216,0,181216,6,5473653,0,5473653,9,07/28/2022,02/03/2021,05/02/2022,07/22/2015,09/09/9999
6853700,9657721,0500344,0093625,"CEMEX Construction Materials South, LLC",Operator,M,M6642,000556298,104(a),N,,Y,N,56.12034,Citation,Regular,Closed,08/09/2022,05/03/2022,05/03/2022,07/28/2022,06/07/2022,2022,481.00,481.00,0.00,0.00,481.00,0.00,0.00,76,1,5,10,20,0,0,135,34,3.97,25,0,0,0,181216,0,181216,6,5473653,0,5473653,9,07/28/2022,02/03/2021,05/02/2022,07/22/2015,09/09/9999
6853700,9657724,0500344,0093625,"CEMEX Construction Materials South, LLC",Operator,M,M6642,000556298,104(a),N,,Y,N,56.14112(a)(1),Citation,Regular,Closed,08/09/2022,05/03/2022,05/03/2022,07/28/2022,06/07/2022,2022,716.00,716.00,0.00,0.00,716.00,0.00,0.00,81,1,10,10,20,0,0,135,34,3.97,25,0,0,0,181216,0,181216,6,5473653,0,5473653,9,07/28/2022,02/03/2021,05/02/2022,07/22/2015,09/09/9999
6853700,9657722,0500344,0093625,"CEMEX Construction Materials South, LLC",Operator,M,M6642,000556298,104(a),N,,Y,N,56.12004,Citation,Regular,Closed,08/09/2022,05/03/2022,05/03/2022,07/28/2022,06/07/2022,2022,2025.00,2025.00,0.00,0.00,2025.00,0.00,0.00,94,1,5,10,20,0,0,135,34,3.97,25,15,.441,18,181216,0,181216,6,5473653,0,5473653,9,07/28/2022,02/03/2021,05/02/2022,07/22/2015,09/09/9999
6853700,9657726,0500344,0093625,"CEMEX Construction Materials South, LLC",Operator,M,M6642,000556298,104(a),Y,,Y,N,56.20003(a),Citation,Regular,Closed,08/09/2022,05/04/2022,05/04/2022,07/28/2022,06/07/2022,2022,9261.00,9261.00,0.00,0.00,9261.00,0.00,0.00,113,1,5,30,20,0,0,135,36,3.75,25,14,.389,17,181216,0,181216,6,5473653,0,5473653,9,07/28/2022,02/04/2021,05/03/2022,07/22/2015,09/09/9999
6853700,9657725,0500344,0093625,"CEMEX Construction Materials South, LLC",Operator,M,M6642,000556298,104(a),N,,Y,N,47.41(a),Citation,Regular,Closed,08/09/2022,05/04/2022,05/04/2022,07/28/2022,06/07/2022,2022,481.00,481.00,0.00,0.00,481.00,0.00,0.00,76,1,5,10,20,0,0,135,36,3.75,25,0,0,0,181216,0,181216,6,5473653,0,5473653,9,07/28/2022,02/04/2021,05/03/2022,07/22/2015,09/09/9999
6853700,9656769,0500344,0093625,"CEMEX Construction Materials South, LLC",Operator,M,M6642,000556298,104(a),N,,Y,N,56.12028,Citation,Regular,Closed,08/09/2022,05/04/2022,05/04/2022,07/28/2022,06/07/2022,2022,481.00,481.00,0.00,0.00,481.00,0.00,0.00,76,1,5,10,20,0,0,135,36,3.75,25,4,.111,0,181216,0,181216,6,5473653,0,5473653,9,07/28/2022,02/04/2021,05/03/2022,07/22/2015,09/09/9999
6853700,9656768,0500344,0093625,"CEMEX Construction Materials South, LLC",Operator,M,M6642,000556298,104(a),N,,Y,N,56.14100(a),Citation,Regular,Closed,08/09/2022,05/04/2022,05/04/2022,07/28/2022,06/07/2022,2022,481.00,481.00,0.00,0.00,481.00,0.00,0.00,76,1,5,10,20,0,0,135,36,3.75,25,0,0,0,181216,0,181216,6,5473653,0,5473653,9,07/28/2022,02/04/2021,05/03/2022,07/22/2015,09/09/9999
6853700,9656770,0500344,0093625,"CEMEX Construction Materials South, LLC",Operator,M,M6642,000556298,104(a),N,,Y,N,56.9300(a),Citation,Regular,Closed,08/09/2022,05/05/2022,05/05/2022,07/28/2022,06/07/2022,2022,716.00,716.00,0.00,0.00,716.00,0.00,0.00,81,1,10,10,20,0,0,135,38,3.55,25,0,0,0,181216,0,181216,6,5473653,0,5473653,9,07/28/2022,02/05/2021,05/04/2022,07/22/2015,09/09/9999
6853700,9657730,0500344,0093625,"CEMEX Construction Materials South, LLC",Operator,M,M6642,000558120,104(a),N,,Y,N,56.12032,Citation,Regular,Closed,08/25/2022,05/09/2022,05/09/2022,08/12/2022,07/05/2022,2022,1725.00,1725.00,0.00,0.00,1725.00,0.00,0.00,92,1,5,10,20,0,0,135,40,3.38,25,12,.3,16,181216,0,181216,6,5473653,0,5473653,9,08/12/2022,02/09/2021,05/08/2022,07/22/2015,09/09/9999
6853700,9656773,0500344,0093625,"CEMEX Construction Materials South, LLC",Operator,M,M6642,000558120,104(a),N,,Y,N,56.15020,Citation,Regular,Closed,08/25/2022,05/09/2022,05/09/2022,08/12/2022,07/05/2022,2022,1593.00,1593.00,0.00,0.00,1593.00,0.00,0.00,91,1,20,10,20,0,0,135,40,3.38,25,0,0,0,181216,0,181216,6,5473653,0,5473653,9,08/12/2022,02/09/2021,05/08/2022,07/22/2015,09/09/9999
6853700,9657635,0500344,0093625,"CEMEX Construction Materials South, LLC",Operator,M,M6642,000558120,104(a),N,,Y,N,56.14112(a)(1),Citation,Regular,Closed,08/25/2022,05/09/2022,05/09/2022,08/12/2022,07/05/2022,2022,716.00,716.00,0.00,0.00,716.00,0.00,0.00,81,1,10,10,20,0,0,135,40,3.38,25,0,0,0,181216,0,181216,6,5473653,0,5473653,9,08/12/2022,02/09/2021,05/08/2022,07/22/2015,09/09/9999
6853700,9657636,0500344,0093625,"CEMEX Construction Materials South, LLC",Operator,M,M6642,000558120,104(a),N,,Y,N,56.12032,Citation,Regular,Closed,08/25/2022,05/09/2022,05/09/2022,08/12/2022,07/05/2022,2022,5731.00,5731.00,0.00,0.00,5731.00,0.00,0.00,107,1,20,10,20,0,0,135,40,3.38,25,12,.3,16,181216,0,181216,6,5473653,0,5473653,9,08/12/2022,02/09/2021,05/08/2022,07/22/2015,09/09/9999
6853700,9657637,0500344,0093625,"CEMEX Construction Materials South, LLC",Operator,M,M6642,000558120,104(a),N,,Y,N,56.14107(a),Citation,Regular,Closed,08/25/2022,05/09/2022,05/09/2022,08/12/2022,07/05/2022,2022,716.00,716.00,0.00,0.00,716.00,0.00,0.00,81,1,10,10,20,0,0,135,40,3.38,25,5,.125,0,181216,0,181216,6,5473653,0,5473653,9,08/12/2022,02/09/2021,05/08/2022,07/22/2015,09/09/9999
6853700,9657638,0500344,0093625,"CEMEX Construction Materials South, LLC",Operator,M,M6642,000558120,104(a),N,,Y,N,56.4101,Citation,Regular,Closed,08/25/2022,05/09/2022,05/09/2022,08/12/2022,07/05/2022,2022,716.00,716.00,0.00,0.00,716.00,0.00,0.00,81,1,10,10,20,0,0,135,40,3.38,25,3,.075,0,181216,0,181216,6,5473653,0,5473653,9,08/12/2022,02/09/2021,05/08/2022,07/22/2015,09/09/9999
6853700,9657642,0500344,C3576,413 Mechanical LLC,Contractor,M,M6642,000557534,104(a),N,,Y,N,56.14205,Citation,Regular,Closed,07/18/2022,05/09/2022,05/09/2022,08/07/2022,06/23/2022,2022,133.00,133.00,0.00,0.00,133.00,0.00,0.00,56,1,10,10,35,0,0,0,0,0,0,0,0,0,0,0,0,0,0,0,0,,08/07/2022,02/09/2021,05/08/2022,05/09/2022,09/09/9999
6853700,9657640,0500344,C3576,413 Mechanical LLC,Contractor,M,M6642,000557534,104(a),N,,Y,N,56.12004,Citation,Regular,Closed,07/18/2022,05/09/2022,05/09/2022,08/07/2022,06/23/2022,2022,133.00,133.00,0.00,0.00,133.00,0.00,0.00,51,1,20,10,20,0,0,0,0,0,0,0,0,0,0,0,0,0,0,0,0,,08/07/2022,02/09/2021,05/08/2022,05/09/2022,09/09/9999
6853700,9657641,0500344,C3576,413 Mechanical LLC,Contractor,M,M6642,000557534,104(a),N,,Y,N,56.14205,Citation,Regular,Closed,07/18/2022,05/09/2022,05/09/2022,08/07/2022,06/23/2022,2022,133.00,133.00,0.00,0.00,133.00,0.00,0.00,56,1,10,10,35,0,0,0,0,0,0,0,0,0,0,0,0,0,0,0,0,,08/07/2022,02/09/2021,05/08/2022,05/09/2022,09/09/9999
6853700,9657731,0500344,0093625,"CEMEX Construction Materials South, LLC",Operator,M,M6642,000558120,104(a),N,,Y,N,56.12004,Citation,Regular,Closed,08/25/2022,05/09/2022,05/09/2022,08/12/2022,07/05/2022,2022,1869.00,1869.00,0.00,0.00,1869.00,0.00,0.00,93,1,5,10,20,0,0,135,40,3.38,25,15,.375,17,181216,0,181216,6,5473653,0,5473653,9,08/12/2022,02/09/2021,05/08/2022,07/22/2015,09/09/9999
6853700,9656771,0500344,0093625,"CEMEX Construction Materials South, LLC",Operator,M,M6642,000558120,104(a),N,,Y,N,56.12008,Citation,Regular,Closed,08/25/2022,05/09/2022,05/09/2022,08/12/2022,07/05/2022,2022,481.00,481.00,0.00,0.00,481.00,0.00,0.00,76,1,5,10,20,0,0,135,40,3.38,25,2,.05,0,181216,0,181216,6,5473653,0,5473653,9,08/12/2022,02/09/2021,05/08/2022,07/22/2015,09/09/9999
6853700,9657643,0500344,C3576,413 Mechanical LLC,Contractor,M,M6642,000557534,104(a),N,,Y,N,56.14205,Citation,Regular,Closed,07/18/2022,05/09/2022,05/09/2022,08/07/2022,06/23/2022,2022,133.00,133.00,0.00,0.00,133.00,0.00,0.00,56,1,10,10,35,0,0,0,0,0,0,0,0,0,0,0,0,0,0,0,0,,08/07/2022,02/09/2021,05/08/2022,05/09/2022,09/09/9999
6853700,9657729,0500344,0093625,"CEMEX Construction Materials South, LLC",Operator,M,M6642,000558120,104(a),N,,Y,N,56.13021,Citation,Regular,Closed,08/25/2022,05/09/2022,05/09/2022,08/12/2022,07/05/2022,2022,481.00,481.00,0.00,0.00,481.00,0.00,0.00,76,1,5,10,20,0,0,135,40,3.38,25,4,.1,0,181216,0,181216,6,5473653,0,5473653,9,08/12/2022,02/09/2021,05/08/2022,07/22/2015,09/09/9999
6853700,9657639,0500344,0093625,"CEMEX Construction Materials South, LLC",Operator,M,M6642,000558120,104(a),N,,Y,N,56.14107(a),Citation,Regular,Closed,08/25/2022,05/09/2022,05/09/2022,08/12/2022,07/05/2022,2022,716.00,716.00,0.00,0.00,716.00,0.00,0.00,81,1,10,10,20,0,0,135,40,3.38,25,5,.125,0,181216,0,181216,6,5473653,0,5473653,9,08/12/2022,02/09/2021,05/08/2022,07/22/2015,09/09/9999
6853700,9656772,0500344,0093625,"CEMEX Construction Materials South, LLC",Operator,M,M6642,000558120,104(a),N,,Y,N,56.20003(a),Citation,Regular,Closed,08/25/2022,05/09/2022,05/09/2022,08/12/2022,07/05/2022,2022,1869.00,1869.00,0.00,0.00,1869.00,0.00,0.00,93,1,5,10,20,0,0,135,40,3.38,25,14,.35,17,181216,0,181216,6,5473653,0,5473653,9,08/12/2022,02/09/2021,05/08/2022,07/22/2015,09/09/9999
6853700,9656774,0500344,0093625,"CEMEX Construction Materials South, LLC",Operator,M,M6642,000558120,104(a),Y,,Y,N,56.14109(a),Citation,Regular,Closed,08/25/2022,05/10/2022,05/10/2022,08/12/2022,07/05/2022,2022,3546.00,3546.00,0.00,0.00,3546.00,0.00,0.00,101,1,10,30,20,0,0,135,44,3.07,25,1,.023,0,181216,0,181216,6,5473653,0,5473653,9,08/12/2022,02/10/2021,05/09/2022,07/22/2015,09/09/9999
6853700,9656776,0500344,0093625,"CEMEX Construction Materials South, LLC",Operator,M,M6642,000558120,104(a),N,,Y,N,56.20003(a),Citation,Regular,Closed,08/25/2022,05/10/2022,05/10/2022,08/12/2022,07/05/2022,2022,1869.00,1869.00,0.00,0.00,1869.00,0.00,0.00,93,1,5,10,20,0,0,135,44,3.07,25,14,.318,17,181216,0,181216,6,5473653,0,5473653,9,08/12/2022,02/10/2021,05/09/2022,07/22/2015,09/09/9999
6853700,9656775,0500344,0093625,"CEMEX Construction Materials South, LLC",Operator,M,M6642,000558120,104(a),N,,Y,N,56.20003(a),Citation,Regular,Closed,08/25/2022,05/10/2022,05/10/2022,08/12/2022,07/05/2022,2022,1869.00,1869.00,0.00,0.00,1869.00,0.00,0.00,93,1,5,10,20,0,0,135,44,3.07,25,14,.318,17,181216,0,181216,6,5473653,0,5473653,9,08/12/2022,02/10/2021,05/09/2022,07/22/2015,09/09/9999
6853700,9656777,0500344,0093625,"CEMEX Construction Materials South, LLC",Operator,M,M6642,000558120,104(a),N,,Y,N,47.41(a),Citation,Regular,Closed,08/25/2022,05/10/2022,05/10/2022,08/12/2022,07/05/2022,2022,481.00,481.00,0.00,0.00,481.00,0.00,0.00,76,1,5,10,20,0,0,135,44,3.07,25,0,0,0,181216,0,181216,6,5473653,0,5473653,9,08/12/2022,02/10/2021,05/09/2022,07/22/2015,09/09/9999
6853700,9657732,0500344,0093625,"CEMEX Construction Materials South, LLC",Operator,M,M6642,000558120,104(a),Y,,Y,N,56.14112(b),Citation,Regular,Closed,08/25/2022,05/10/2022,05/10/2022,08/12/2022,07/05/2022,2022,13816.00,13816.00,0.00,0.00,13816.00,0.00,0.00,118,1,10,30,20,0,0,135,44,3.07,25,16,.364,17,181216,0,181216,6,5473653,0,5473653,9,08/12/2022,02/10/2021,05/09/2022,07/22/2015,09/09/9999
6853700,9657650,0500344,0093625,"CEMEX Construction Materials South, LLC",Operator,M,M6642,000558120,104(a),N,,Y,N,56.14112(b),Citation,Regular,Closed,08/25/2022,05/10/2022,05/10/2022,08/12/2022,07/05/2022,2022,2790.00,2790.00,0.00,0.00,2790.00,0.00,0.00,98,1,10,10,20,0,0,135,44,3.07,25,16,.364,17,181216,0,181216,6,5473653,0,5473653,9,08/12/2022,02/10/2021,05/09/2022,07/22/2015,09/09/9999
6853700,9657649,0500344,0093625,"CEMEX Construction Materials South, LLC",Operator,M,M6642,000558120,104(a),N,,Y,N,56.14112(b),Citation,Regular,Closed,08/25/2022,05/10/2022,05/10/2022,08/12/2022,07/05/2022,2022,2790.00,2790.00,0.00,0.00,2790.00,0.00,0.00,98,1,10,10,20,0,0,135,44,3.07,25,16,.364,17,181216,0,181216,6,5473653,0,5473653,9,08/12/2022,02/10/2021,05/09/2022,07/22/2015,09/09/9999
6853700,9657648,0500344,0093625,"CEMEX Construction Materials South, LLC",Operator,M,M6642,000558120,104(a),N,,Y,N,56.16005,Citation,Regular,Closed,08/25/2022,05/10/2022,05/10/2022,08/12/2022,07/05/2022,2022,716.00,716.00,0.00,0.00,716.00,0.00,0.00,81,1,10,10,20,0,0,135,44,3.07,25,2,.045,0,181216,0,181216,6,5473653,0,5473653,9,08/12/2022,02/10/2021,05/09/2022,07/22/2015,09/09/9999
6853700,9657647,0500344,0093625,"CEMEX Construction Materials South, LLC",Operator,M,M6642,000558120,104(a),N,,Y,N,56.12004,Citation,Regular,Closed,08/25/2022,05/10/2022,05/10/2022,08/12/2022,07/05/2022,2022,20612.00,20612.00,0.00,0.00,20612.00,0.00,0.00,123,1,20,10,35,0,0,135,44,3.07,25,15,.341,17,181216,0,181216,6,5473653,0,5473653,9,08/12/2022,02/10/2021,05/09/2022,07/22/2015,09/09/9999
6853700,9657646,0500344,0093625,"CEMEX Construction Materials South, LLC",Operator,M,M6642,000558120,104(a),N,,Y,N,56.12004,Citation,Regular,Closed,08/25/2022,05/10/2022,05/10/2022,08/12/2022,07/05/2022,2022,6208.00,6208.00,0.00,0.00,6208.00,0.00,0.00,108,1,20,10,20,0,0,135,44,3.07,25,15,.341,17,181216,0,181216,6,5473653,0,5473653,9,08/12/2022,02/10/2021,05/09/2022,07/22/2015,09/09/9999
6853700,9657645,0500344,0093625,"CEMEX Construction Materials South, LLC",Operator,M,M6642,000558120,104(a),N,,Y,N,56.12028,Citation,Regular,Closed,08/25/2022,05/10/2022,05/10/2022,08/12/2022,07/05/2022,2022,1593.00,1593.00,0.00,0.00,1593.00,0.00,0.00,91,1,20,10,20,0,0,135,44,3.07,25,4,.091,0,181216,0,181216,6,5473653,0,5473653,9,08/12/2022,02/10/2021,05/09/2022,07/22/2015,09/09/9999
6853700,9657644,0500344,0093625,"CEMEX Construction Materials South, LLC",Operator,M,M6642,000558120,104(a),N,,Y,N,56.12032,Citation,Regular,Closed,08/25/2022,05/10/2022,05/10/2022,08/12/2022,07/05/2022,2022,5731.00,5731.00,0.00,0.00,5731.00,0.00,0.00,107,1,20,10,20,0,0,135,44,3.07,25,12,.273,16,181216,0,181216,6,5473653,0,5473653,9,08/12/2022,02/10/2021,05/09/2022,07/22/2015,09/09/9999
6853700,9657738,0500344,0093625,"CEMEX Construction Materials South, LLC",Operator,M,M6642,000558120,104(a),N,,Y,N,56.14132(a),Citation,Regular,Closed,08/25/2022,05/11/2022,05/11/2022,08/12/2022,07/05/2022,2022,1593.00,1593.00,0.00,0.00,1593.00,0.00,0.00,91,1,20,10,20,0,0,135,48,2.81,25,0,0,0,181216,0,181216,6,5473653,0,5473653,9,08/12/2022,02/11/2021,05/10/2022,07/22/2015,09/09/9999
6853700,9656778,0500344,0093625,"CEMEX Construction Materials South, LLC",Operator,M,M6642,000558120,104(a),N,,Y,N,56.16006,Citation,Regular,Closed,08/25/2022,05/11/2022,05/11/2022,08/12/2022,07/05/2022,2022,716.00,716.00,0.00,0.00,716.00,0.00,0.00,81,1,10,10,20,0,0,135,48,2.81,25,3,.063,0,181216,0,181216,6,5473653,0,5473653,9,08/12/2022,02/11/2021,05/10/2022,07/22/2015,09/09/9999
6853700,9656779,0500344,0093625,"CEMEX Construction Materials South, LLC",Operator,M,M6642,000558120,104(a),N,,Y,N,56.16006,Citation,Regular,Closed,08/25/2022,05/11/2022,05/11/2022,08/12/2022,07/05/2022,2022,716.00,716.00,0.00,0.00,716.00,0.00,0.00,81,1,10,10,20,0,0,135,48,2.81,25,3,.063,0,181216,0,181216,6,5473653,0,5473653,9,08/12/2022,02/11/2021,05/10/2022,07/22/2015,09/09/9999
6853700,9656780,0500344,0093625,"CEMEX Construction Materials South, LLC",Operator,M,M6642,000558120,104(a),N,,Y,N,56.14100(b),Citation,Regular,Closed,08/25/2022,05/11/2022,05/11/2022,08/12/2022,07/05/2022,2022,1869.00,1869.00,0.00,0.00,1869.00,0.00,0.00,93,1,10,10,20,0,0,135,48,2.81,25,7,.146,12,181216,0,181216,6,5473653,0,5473653,9,08/12/2022,02/11/2021,05/10/2022,07/22/2015,09/09/9999
6853700,9656781,0500344,0093625,"CEMEX Construction Materials South, LLC",Operator,M,M6642,000558120,104(a),N,,Y,N,56.11001,Citation,Regular,Closed,08/25/2022,05/11/2022,05/11/2022,08/12/2022,07/05/2022,2022,481.00,481.00,0.00,0.00,481.00,0.00,0.00,76,1,5,10,20,0,0,135,48,2.81,25,1,.021,0,181216,0,181216,6,5473653,0,5473653,9,08/12/2022,02/11/2021,05/10/2022,07/22/2015,09/09/9999
6853700,9657737,0500344,C3576,413 Mechanical LLC,Contractor,M,M6642,000557534,104(a),N,,Y,N,56.14132(a),Citation,Regular,Closed,07/18/2022,05/11/2022,05/11/2022,08/07/2022,06/23/2022,2022,133.00,133.00,0.00,0.00,133.00,0.00,0.00,51,1,20,10,20,0,0,0,0,0,0,0,0,0,0,0,0,0,0,0,0,,08/07/2022,02/11/2021,05/10/2022,05/09/2022,09/09/9999
6853700,9656782,0500344,0093625,"CEMEX Construction Materials South, LLC",Operator,M,M6642,000558120,104(a),N,,Y,N,56.14132(a),Citation,Regular,Closed,08/25/2022,05/11/2022,05/11/2022,08/12/2022,07/05/2022,2022,716.00,716.00,0.00,0.00,716.00,0.00,0.00,81,1,10,10,20,0,0,135,48,2.81,25,0,0,0,181216,0,181216,6,5473653,0,5473653,9,08/12/2022,02/11/2021,05/10/2022,07/22/2015,09/09/9999
6853700,9657733,0500344,0093625,"CEMEX Construction Materials South, LLC",Operator,M,M6642,000558120,104(a),N,,Y,N,56.12004,Citation,Regular,Closed,08/25/2022,05/11/2022,05/11/2022,08/12/2022,07/05/2022,2022,6208.00,6208.00,0.00,0.00,6208.00,0.00,0.00,108,1,20,10,20,0,0,135,48,2.81,25,15,.313,17,181216,0,181216,6,5473653,0,5473653,9,08/12/2022,02/11/2021,05/10/2022,07/22/2015,09/09/9999
6853700,9657734,0500344,C3576,413 Mechanical LLC,Contractor,M,M6642,000557534,104(a),N,,Y,N,56.14100(a),Citation,Regular,Closed,07/18/2022,05/11/2022,05/11/2022,08/07/2022,06/23/2022,2022,133.00,133.00,0.00,0.00,133.00,0.00,0.00,51,1,20,10,20,0,0,0,0,0,0,0,0,0,0,0,0,0,0,0,0,,08/07/2022,02/11/2021,05/10/2022,05/09/2022,09/09/9999
6853700,9657735,0500344,C3576,413 Mechanical LLC,Contractor,M,M6642,000557534,104(g)(1),N,,N,N,46.7(a),Order,Regular,Closed,07/18/2022,05/11/2022,05/11/2022,08/07/2022,06/23/2022,2022,148.00,148.00,0.00,0.00,148.00,0.00,0.00,36,1,5,10,20,0,0,0,0,0,0,0,0,0,0,0,0,0,0,0,0,,08/07/2022,02/11/2021,05/10/2022,05/09/2022,09/09/9999
6853700,9657736,0500344,C3576,413 Mechanical LLC,Contractor,M,M6642,000557534,104(g)(1),N,,N,N,46.7(a),Order,Regular,Closed,07/18/2022,05/11/2022,05/11/2022,08/07/2022,06/23/2022,2022,148.00,148.00,0.00,0.00,148.00,0.00,0.00,36,1,5,10,20,0,0,0,0,0,0,0,0,0,0,0,0,0,0,0,0,,08/07/2022,02/11/2021,05/10/2022,05/09/2022,09/09/9999
6941022,9729024,0500344,0093625,"CEMEX Construction Materials South, LLC",Operator,M,M6642,000566041,104(a),N,,Y,N,56.16005,Citation,Regular,Closed,12/07/2022,09/20/2022,09/20/2022,12/16/2022,11/08/2022,2023,481.00,481.00,0.00,0.00,481.00,0.00,0.00,76,1,5,10,20,0,0,136,51,2.67,25,2,.039,0,181216,0,181216,6,5473653,0,5473653,9,12/16/2022,06/20/2021,09/19/2022,07/22/2015,09/09/9999
6858255,9728527,0500344,0093625,"CEMEX Construction Materials South, LLC",Operator,M,M6642,000572361,104(a),Y,,Y,N,56.11016,Citation,Regular,Closed,04/26/2023,01/09/2023,01/09/2023,04/21/2023,03/07/2023,2023,2561.00,2561.00,0.00,0.00,2561.00,0.00,0.00,96,1,5,30,20,0,0,137,38,3.61,25,0,0,0,198818,0,198818,6,5867103,0,5867103,9,,10/09/2021,01/08/2023,07/22/2015,09/09/9999
6853836,9151940,0500344,0093625,"CEMEX Construction Materials South, LLC",Operator,M,M6642,000574019,104(a),N,,Y,N,56.12028,Citation,Regular,Closed,06/01/2023,02/26/2023,02/26/2023,05/19/2023,04/04/2023,2023,518.00,518.00,0.00,0.00,518.00,0.00,0.00,76,1,5,10,20,0,0,98,38,2.58,25,3,.079,0,198818,0,198818,6,5813103,0,5813103,9,,11/26/2021,02/25/2023,07/22/2015,09/09/9999
6853836,9151941,0500344,0093625,"CEMEX Construction Materials South, LLC",Operator,M,M6642,000574019,104(a),N,,Y,N,56.12028,Citation,Regular,Closed,06/01/2023,02/26/2023,02/26/2023,05/19/2023,04/04/2023,2023,518.00,518.00,0.00,0.00,518.00,0.00,0.00,76,1,5,10,20,0,0,98,38,2.58,25,3,.079,0,198818,0,198818,6,5813103,0,5813103,9,,11/26/2021,02/25/2023,07/22/2015,09/09/9999
6853836,9151942,0500344,0093625,"CEMEX Construction Materials South, LLC",Operator,M,M6642,000574019,104(a),N,,Y,N,56.14100(b),Citation,Regular,Closed,06/01/2023,02/26/2023,02/26/2023,05/19/2023,04/04/2023,2023,772.00,772.00,0.00,0.00,772.00,0.00,0.00,81,1,10,10,20,0,0,98,38,2.58,25,2,.053,0,198818,0,198818,6,5813103,0,5813103,9,,11/26/2021,02/25/2023,07/22/2015,09/09/9999
6853836,9151943,0500344,0093625,"CEMEX Construction Materials South, LLC",Operator,M,M6642,000574019,104(a),N,,Y,N,56.4104,Citation,Regular,Closed,06/01/2023,02/26/2023,02/26/2023,05/19/2023,04/04/2023,2023,518.00,518.00,0.00,0.00,518.00,0.00,0.00,76,1,5,10,20,0,0,98,38,2.58,25,1,.026,0,198818,0,198818,6,5813103,0,5813103,9,,11/26/2021,02/25/2023,07/22/2015,09/09/9999
6853836,9151944,0500344,0093625,"CEMEX Construction Materials South, LLC",Operator,M,M6642,000574019,104(a),N,,Y,N,56.4101,Citation,Regular,Closed,06/01/2023,02/26/2023,02/26/2023,05/19/2023,04/04/2023,2023,232.00,232.00,0.00,0.00,232.00,0.00,0.00,66,1,5,10,10,0,0,98,38,2.58,25,5,.132,0,198818,0,198818,6,5813103,0,5813103,9,,11/26/2021,02/25/2023,07/22/2015,09/09/9999
6853836,9151948,0500344,0093625,"CEMEX Construction Materials South, LLC",Operator,M,M6642,000574019,104(a),N,,Y,N,56.20003(a),Citation,Regular,Closed,06/01/2023,02/27/2023,02/27/2023,05/19/2023,04/04/2023,2023,1717.00,1717.00,0.00,0.00,1717.00,0.00,0.00,91,1,5,10,20,0,0,98,39,2.51,25,9,.231,15,198818,0,198818,6,5813103,0,5813103,9,,11/27/2021,02/26/2023,07/22/2015,09/09/9999
6853836,9151946,0500344,0093625,"CEMEX Construction Materials South, LLC",Operator,M,M6642,000574019,104(a),N,,Y,N,56.12028,Citation,Regular,Closed,06/01/2023,02/27/2023,02/27/2023,05/19/2023,04/04/2023,2023,772.00,772.00,0.00,0.00,772.00,0.00,0.00,81,1,10,10,20,0,0,98,39,2.51,25,3,.077,0,198818,0,198818,6,5813103,0,5813103,9,,11/27/2021,02/26/2023,07/22/2015,09/09/9999
6853836,9151945,0500344,0093625,"CEMEX Construction Materials South, LLC",Operator,M,M6642,000574019,104(a),N,,Y,N,56.4201(a)(1),Citation,Regular,Closed,06/01/2023,02/27/2023,02/27/2023,05/19/2023,04/04/2023,2023,518.00,518.00,0.00,0.00,518.00,0.00,0.00,76,1,5,10,20,0,0,98,39,2.51,25,0,0,0,198818,0,198818,6,5813103,0,5813103,9,,11/27/2021,02/26/2023,07/22/2015,09/09/9999
6853836,9151947,0500344,0093625,"CEMEX Construction Materials South, LLC",Operator,M,M6642,000574019,104(a),N,,Y,N,56.12019,Citation,Regular,Closed,06/01/2023,02/27/2023,02/27/2023,05/19/2023,04/04/2023,2023,518.00,518.00,0.00,0.00,518.00,0.00,0.00,76,1,5,10,20,0,0,98,39,2.51,25,0,0,0,198818,0,198818,6,5813103,0,5813103,9,,11/27/2021,02/26/2023,07/22/2015,09/09/9999
6853836,9151949,0500344,0093625,"CEMEX Construction Materials South, LLC",Operator,M,M6642,000574019,104(a),N,,Y,N,56.18002(b),Citation,Regular,Closed,06/01/2023,02/28/2023,02/28/2023,05/19/2023,04/04/2023,2023,143.00,143.00,0.00,0.00,143.00,0.00,0.00,41,1,0,0,0,0,0,98,41,2.39,25,0,0,0,198818,0,198818,6,5813103,0,5813103,9,,11/28/2021,02/27/2023,07/22/2015,09/09/9999
6853836,9151950,0500344,F223,"Personal Touch, Inc.",Contractor,M,M6642,000575274,104(a),N,,Y,N,56.18002(b),Citation,Regular,Closed,05/04/2023,02/28/2023,02/28/2023,06/04/2023,04/20/2023,2023,143.00,143.00,0.00,0.00,143.00,0.00,0.00,27,1,0,0,0,22,0,9,0,0,4,0,0,0,685807,0,685807,0,0,0,0,,,11/28/2021,02/27/2023,07/01/2021,09/09/9999
6853836,9151951,0500344,0093625,"CEMEX Construction Materials South, LLC",Operator,M,M6642,000574019,104(a),N,,Y,N,56.16005,Citation,Regular,Closed,06/01/2023,03/01/2023,03/01/2023,05/19/2023,04/04/2023,2023,518.00,518.00,0.00,0.00,518.00,0.00,0.00,76,1,5,10,20,0,0,98,43,2.28,25,3,.07,0,198818,0,198818,6,5813103,0,5813103,9,,12/01/2021,02/28/2023,07/22/2015,09/09/9999
6853836,9535861,0500344,0093625,"CEMEX Construction Materials South, LLC",Operator,M,M6642,000576075,104(a),N,,Y,N,56.16005,Citation,Regular,Closed,01/27/2025,03/06/2023,03/06/2023,06/18/2023,05/10/2023,2023,518.00,518.00,2.38,0.00,518.00,2.38,0.00,76,1,5,10,20,0,0,98,44,2.23,25,3,.068,0,198818,0,198818,6,5752190,0,5752190,9,06/18/2023,12/06/2021,03/05/2023,07/22/2015,09/09/9999
6853836,9535860,0500344,0093625,"CEMEX Construction Materials South, LLC",Operator,M,M6642,000576075,104(a),N,,Y,N,56.14205,Citation,Regular,Closed,01/27/2025,03/06/2023,03/06/2023,06/18/2023,05/10/2023,2023,772.00,772.00,3.55,0.00,772.00,3.55,0.00,81,1,10,10,20,0,0,98,44,2.23,25,2,.045,0,198818,0,198818,6,5752190,0,5752190,9,06/18/2023,12/06/2021,03/05/2023,07/22/2015,09/09/9999
6853836,9535859,0500344,0093625,"CEMEX Construction Materials South, LLC",Operator,M,M6642,000576075,104(a),N,,Y,N,56.20003(a),Citation,Regular,Closed,01/27/2025,03/06/2023,03/06/2023,06/18/2023,05/10/2023,2023,1717.00,1717.00,7.90,0.00,1717.00,7.90,0.00,91,1,5,10,20,0,0,98,44,2.23,25,9,.205,15,198818,0,198818,6,5752190,0,5752190,9,06/18/2023,12/06/2021,03/05/2023,07/22/2015,09/09/9999
6853836,9535858,0500344,0093625,"CEMEX Construction Materials South, LLC",Operator,M,M6642,000576075,104(a),N,,Y,N,56.4104,Citation,Regular,Closed,01/27/2025,03/06/2023,03/06/2023,06/18/2023,05/10/2023,2023,518.00,518.00,2.38,0.00,518.00,2.38,0.00,76,1,5,10,20,0,0,98,44,2.23,25,1,.023,0,198818,0,198818,6,5752190,0,5752190,9,06/18/2023,12/06/2021,03/05/2023,07/22/2015,09/09/9999
6853836,9535857,0500344,0093625,"CEMEX Construction Materials South, LLC",Operator,M,M6642,000576075,104(a),N,,Y,N,56.20003(c),Citation,Regular,Closed,01/27/2025,03/06/2023,03/06/2023,06/18/2023,05/10/2023,2023,518.00,518.00,2.38,0.00,518.00,2.38,0.00,76,1,5,10,20,0,0,98,44,2.23,25,0,0,0,198818,0,198818,6,5752190,0,5752190,9,06/18/2023,12/06/2021,03/05/2023,07/22/2015,09/09/9999
6853836,9535856,0500344,0093625,"CEMEX Construction Materials South, LLC",Operator,M,M6642,000576075,104(a),N,,Y,N,56.12028,Citation,Regular,Closed,01/27/2025,03/06/2023,03/06/2023,06/18/2023,05/10/2023,2023,518.00,518.00,2.38,0.00,518.00,2.38,0.00,76,1,5,10,20,0,0,98,44,2.23,25,3,.068,0,198818,0,198818,6,5752190,0,5752190,9,06/18/2023,12/06/2021,03/05/2023,07/22/2015,09/09/9999
6853836,9535854,0500344,8EP,Quality Belt Service Inc,Contractor,M,M6642,000575273,104(a),N,,Y,N,56.14207,Citation,Regular,Received,06/13/2023,03/06/2023,03/06/2023,05/26/2023,04/20/2023,2023,143.00,143.00,1.88,0.00,109.66,1.88,0.00,44,4,10,10,20,0,0,0,0,0,0,0,0,0,0,0,0,0,0,0,0,,05/26/2023,12/06/2021,03/05/2023,03/06/2023,09/09/9999
6853836,9535779,0500344,0093625,"CEMEX Construction Materials South, LLC",Operator,M,M6642,000576075,104(a),N,,Y,N,56.13021,Citation,Regular,Closed,01/27/2025,03/06/2023,03/06/2023,06/18/2023,05/10/2023,2023,518.00,518.00,2.38,0.00,518.00,2.38,0.00,76,1,5,10,20,0,0,98,44,2.23,25,3,.068,0,198818,0,198818,6,5752190,0,5752190,9,06/18/2023,12/06/2021,03/05/2023,07/22/2015,09/09/9999
6853836,9535855,0500344,0093625,"CEMEX Construction Materials South, LLC",Operator,M,M6642,000576075,104(a),N,,Y,N,56.12030,Citation,Regular,Closed,01/27/2025,03/06/2023,03/06/2023,06/18/2023,05/10/2023,2023,518.00,518.00,2.38,0.00,518.00,2.38,0.00,76,1,5,10,20,0,0,98,44,2.23,25,1,.023,0,198818,0,198818,6,5752190,0,5752190,9,06/18/2023,12/06/2021,03/05/2023,07/22/2015,09/09/9999
6853836,9535777,0500344,0093625,"CEMEX Construction Materials South, LLC",Operator,M,M6642,000576075,104(a),Y,,Y,N,56.14100(c),Citation,Regular,Closed,01/27/2025,03/06/2023,03/06/2023,06/18/2023,05/10/2023,2023,8501.00,8501.00,39.13,0.00,8501.00,39.13,0.00,111,1,20,30,20,0,0,98,44,2.23,25,0,0,0,198818,0,198818,6,5752190,0,5752190,9,06/18/2023,12/06/2021,03/05/2023,07/22/2015,09/09/9999
6853836,9535776,0500344,0093625,"CEMEX Construction Materials South, LLC",Operator,M,M6642,000576075,104(a),N,,Y,N,56.12032,Citation,Regular,Closed,01/27/2025,03/06/2023,03/06/2023,06/18/2023,05/10/2023,2023,5699.00,5699.00,26.23,0.00,5699.00,26.23,0.00,106,1,20,10,20,0,0,98,44,2.23,25,11,.25,15,198818,0,198818,6,5752190,0,5752190,9,06/18/2023,12/06/2021,03/05/2023,07/22/2015,09/09/9999
6853836,9535775,0500344,0093625,"CEMEX Construction Materials South, LLC",Operator,M,M6642,000576075,104(a),N,,Y,N,56.12028,Citation,Regular,Closed,01/27/2025,03/06/2023,03/06/2023,06/18/2023,05/10/2023,2023,1717.00,1717.00,7.90,0.00,1717.00,7.90,0.00,91,1,20,10,20,0,0,98,44,2.23,25,3,.068,0,198818,0,198818,6,5752190,0,5752190,9,06/18/2023,12/06/2021,03/05/2023,07/22/2015,09/09/9999
6853836,9535774,0500344,0093625,"CEMEX Construction Materials South, LLC",Operator,M,M6642,000576075,104(a),N,,Y,N,56.12032,Citation,Regular,Closed,01/27/2025,03/06/2023,03/06/2023,06/18/2023,05/10/2023,2023,5699.00,5699.00,26.23,0.00,5699.00,26.23,0.00,106,1,20,10,20,0,0,98,44,2.23,25,11,.25,15,198818,0,198818,6,5752190,0,5752190,9,06/18/2023,12/06/2021,03/05/2023,07/22/2015,09/09/9999
6853836,9535773,0500344,0093625,"CEMEX Construction Materials South, LLC",Operator,M,M6642,000576075,104(a),N,,Y,N,56.14100(b),Citation,Regular,Closed,01/27/2025,03/06/2023,03/06/2023,06/18/2023,05/10/2023,2023,518.00,518.00,2.38,0.00,518.00,2.38,0.00,76,1,5,10,20,0,0,98,44,2.23,25,2,.045,0,198818,0,198818,6,5752190,0,5752190,9,06/18/2023,12/06/2021,03/05/2023,07/22/2015,09/09/9999
6853836,9535772,0500344,0093625,"CEMEX Construction Materials South, LLC",Operator,M,M6642,000576075,104(a),N,,Y,N,56.14130(g),Citation,Regular,Closed,01/27/2025,03/06/2023,03/06/2023,06/18/2023,05/10/2023,2023,772.00,772.00,3.55,0.00,772.00,3.55,0.00,81,1,20,10,10,0,0,98,44,2.23,25,0,0,0,198818,0,198818,6,5752190,0,5752190,9,06/18/2023,12/06/2021,03/05/2023,07/22/2015,09/09/9999
6853836,9535771,0500344,B7692,Sikes Electric Corp Inc,Contractor,M,M6642,000575003,104(a),Y,,Y,N,56.12017,Citation,Regular,Closed,05/02/2023,03/06/2023,03/06/2023,06/02/2023,04/18/2023,2023,346.00,346.00,0.00,0.00,346.00,0.00,0.00,71,1,20,30,20,0,0,0,0,0,0,0,0,0,500,0,500,0,0,0,0,,,12/06/2021,03/05/2023,03/06/2023,09/09/9999
6853836,9535770,0500344,0093625,"CEMEX Construction Materials South, LLC",Operator,M,M6642,000576075,104(a),N,,Y,N,56.14100(b),Citation,Regular,Closed,01/27/2025,03/06/2023,03/06/2023,06/18/2023,05/10/2023,2023,518.00,518.00,2.38,0.00,518.00,2.38,0.00,76,1,5,10,20,0,0,98,44,2.23,25,2,.045,0,198818,0,198818,6,5752190,0,5752190,9,06/18/2023,12/06/2021,03/05/2023,07/22/2015,09/09/9999
6853836,9535778,0500344,0093625,"CEMEX Construction Materials South, LLC",Operator,M,M6642,000576075,104(a),N,,Y,N,56.12028,Citation,Regular,Closed,01/27/2025,03/06/2023,03/06/2023,06/18/2023,05/10/2023,2023,1717.00,1717.00,7.90,0.00,1717.00,7.90,0.00,91,1,20,10,20,0,0,98,44,2.23,25,3,.068,0,198818,0,198818,6,5752190,0,5752190,9,06/18/2023,12/06/2021,03/05/2023,07/22/2015,09/09/9999
6853836,9535769,0500344,0093625,"CEMEX Construction Materials South, LLC",Operator,M,M6642,000576075,104(a),N,,Y,N,56.12028,Citation,Regular,Closed,01/27/2025,03/06/2023,03/06/2023,06/18/2023,05/10/2023,2023,1717.00,1717.00,7.90,0.00,1717.00,7.90,0.00,91,1,20,10,20,0,0,98,44,2.23,25,3,.068,0,198818,0,198818,6,5752190,0,5752190,9,06/18/2023,12/06/2021,03/05/2023,07/22/2015,09/09/9999
6853836,9535780,0500344,0093625,"CEMEX Construction Materials South, LLC",Operator,M,M6642,000576075,104(a),N,,Y,N,56.12028,Citation,Regular,Closed,01/27/2025,03/07/2023,03/07/2023,06/18/2023,05/10/2023,2023,1350.00,1350.00,6.21,0.00,1350.00,6.21,0.00,88,1,20,10,20,0,0,98,48,2.04,22,3,.063,0,198818,0,198818,6,5752190,0,5752190,9,06/18/2023,12/07/2021,03/06/2023,07/22/2015,09/09/9999
6853836,9535863,0500344,0093625,"CEMEX Construction Materials South, LLC",Operator,M,M6642,000576075,104(a),N,,Y,N,56.14112,Citation,Regular,Closed,01/27/2025,03/07/2023,03/07/2023,06/18/2023,05/10/2023,2023,407.00,407.00,1.87,0.00,407.00,1.87,0.00,73,1,5,10,20,0,0,98,48,2.04,22,0,0,0,198818,0,198818,6,5752190,0,5752190,9,06/18/2023,12/07/2021,03/06/2023,07/22/2015,09/09/9999
6853836,9535862,0500344,0093625,"CEMEX Construction Materials South, LLC",Operator,M,M6642,000576075,104(a),N,,Y,N,56.14206(b),Citation,Regular,Closed,01/27/2025,03/07/2023,03/07/2023,06/18/2023,05/10/2023,2023,606.00,606.00,2.79,0.00,606.00,2.79,0.00,78,1,10,10,20,0,0,98,48,2.04,22,0,0,0,198818,0,198818,6,5752190,0,5752190,9,06/18/2023,12/07/2021,03/06/2023,07/22/2015,09/09/9999
6853836,9535864,0500344,0093625,"CEMEX Construction Materials South, LLC",Operator,M,M6642,000576075,104(a),N,,Y,N,56.15001,Citation,Regular,Closed,01/27/2025,03/08/2023,03/08/2023,06/18/2023,05/10/2023,2023,407.00,407.00,2.86,0.00,407.00,2.86,0.00,73,1,5,10,20,0,0,98,51,1.92,22,0,0,0,198818,0,198818,6,5752190,0,5752190,9,06/18/2023,12/08/2021,03/07/2023,07/22/2015,09/09/9999
6973021,9705016,0500344,0093625,"CEMEX Construction Materials South, LLC",Operator,M,M6642,000584242,104(a),N,,Y,N,56.14209(b),Citation,Regular,Closed,10/26/2023,08/05/2023,08/05/2023,10/18/2023,09/05/2023,2023,518.00,518.00,0.00,0.00,518.00,0.00,0.00,76,1,5,10,20,0,0,78,34,2.29,25,0,0,0,198818,0,198818,6,5752190,0,5752190,9,10/18/2023,05/05/2022,08/04/2023,07/22/2015,09/09/9999
6973021,9705017,0500344,0093625,"CEMEX Construction Materials South, LLC",Operator,M,M6642,000586534,104(a),N,,Y,N,56.20003(a),Citation,Regular,Closed,12/19/2023,08/07/2023,08/07/2023,11/17/2023,10/10/2023,2024,1717.00,1717.00,0.00,0.00,1717.00,0.00,0.00,91,1,5,10,20,0,0,78,36,2.17,25,8,.222,15,198818,0,198818,6,5752190,0,5752190,9,11/17/2023,05/07/2022,08/06/2023,07/22/2015,09/09/9999
6973021,9705018,0500344,0093625,"CEMEX Construction Materials South, LLC",Operator,M,M6642,000586534,104(a),Y,,Y,N,56.20003(a),Citation,Regular,Closed,12/19/2023,08/08/2023,08/08/2023,11/17/2023,10/10/2023,2024,6688.00,6688.00,0.00,0.00,6688.00,0.00,0.00,108,1,5,30,20,0,0,78,38,2.05,22,8,.211,15,198818,0,198818,6,5752190,0,5752190,9,11/17/2023,05/08/2022,08/07/2023,07/22/2015,09/09/9999
6973021,9729462,0500344,0093625,"CEMEX Construction Materials South, LLC",Operator,M,M6642,000586534,104(a),N,,Y,N,56.12004,Citation,Regular,Closed,12/19/2023,08/25/2023,08/25/2023,11/17/2023,10/10/2023,2024,1717.00,1717.00,0.00,0.00,1717.00,0.00,0.00,91,1,20,10,20,0,0,78,28,2.79,25,5,.179,0,198818,0,198818,6,5752190,0,5752190,9,11/17/2023,05/25/2022,08/24/2023,07/22/2015,09/09/9999
6973021,9729459,0500344,0093625,"CEMEX Construction Materials South, LLC",Operator,M,M6642,000586534,104(a),N,,Y,N,56.4601,Citation,Regular,Closed,12/19/2023,08/25/2023,08/25/2023,11/17/2023,10/10/2023,2024,772.00,772.00,0.00,0.00,772.00,0.00,0.00,81,1,10,10,20,0,0,78,28,2.79,25,0,0,0,198818,0,198818,6,5752190,0,5752190,9,11/17/2023,05/25/2022,08/24/2023,07/22/2015,09/09/9999
6973021,9729461,0500344,0093625,"CEMEX Construction Materials South, LLC",Operator,M,M6642,000586534,104(a),N,,Y,N,56.13021,Citation,Regular,Closed,12/19/2023,08/25/2023,08/25/2023,11/17/2023,10/10/2023,2024,518.00,518.00,0.00,0.00,518.00,0.00,0.00,76,1,5,10,20,0,0,78,28,2.79,25,3,.107,0,198818,0,198818,6,5752190,0,5752190,9,11/17/2023,05/25/2022,08/24/2023,07/22/2015,09/09/9999
6973021,9902108,0500344,0093625,"CEMEX Construction Materials South, LLC",Operator,M,M6642,000586534,104(a),N,,Y,N,56.14107(a),Citation,Regular,Closed,12/19/2023,08/25/2023,08/25/2023,11/17/2023,10/10/2023,2024,772.00,772.00,0.00,0.00,772.00,0.00,0.00,81,1,10,10,20,0,0,78,28,2.79,25,2,.071,0,198818,0,198818,6,5752190,0,5752190,9,11/17/2023,05/25/2022,08/24/2023,07/22/2015,09/09/9999
6973021,9729460,0500344,0093625,"CEMEX Construction Materials South, LLC",Operator,M,M6642,000586534,104(a),N,,Y,N,56.14112(a)(1),Citation,Regular,Closed,12/19/2023,08/25/2023,08/25/2023,11/17/2023,10/10/2023,2024,772.00,772.00,0.00,0.00,772.00,0.00,0.00,81,1,10,10,20,0,0,78,28,2.79,25,2,.071,0,198818,0,198818,6,5752190,0,5752190,9,11/17/2023,05/25/2022,08/24/2023,07/22/2015,09/09/9999
6973021,9902106,0500344,0093625,"CEMEX Construction Materials South, LLC",Operator,M,M6642,000586534,104(a),N,,Y,N,56.12004,Citation,Regular,Closed,12/19/2023,08/25/2023,08/25/2023,11/17/2023,10/10/2023,2024,518.00,518.00,0.00,0.00,518.00,0.00,0.00,76,1,5,10,20,0,0,78,28,2.79,25,5,.179,0,198818,0,198818,6,5752190,0,5752190,9,11/17/2023,05/25/2022,08/24/2023,07/22/2015,09/09/9999
6973021,9902107,0500344,0093625,"CEMEX Construction Materials South, LLC",Operator,M,M6642,000586534,104(a),N,,Y,N,56.12004,Citation,Regular,Closed,12/19/2023,08/25/2023,08/25/2023,11/17/2023,10/10/2023,2024,1717.00,1717.00,0.00,0.00,1717.00,0.00,0.00,91,1,20,10,20,0,0,78,28,2.79,25,5,.179,0,198818,0,198818,6,5752190,0,5752190,9,11/17/2023,05/25/2022,08/24/2023,07/22/2015,09/09/9999
6973021,9729464,0500344,C4269,"EZ Refractories, LLC",Contractor,M,M6642,000588034,104(a),Y,,Y,N,56.14213,Citation,Regular,Closed,11/27/2023,08/28/2023,08/28/2023,11/29/2023,10/25/2023,2024,155.00,155.00,0.00,0.00,155.00,0.00,0.00,61,1,10,30,20,0,0,0,0,0,0,0,0,0,40,0,40,0,0,0,0,,11/29/2023,05/28/2022,08/27/2023,08/28/2023,09/09/9999
6973021,9729463,0500344,0093625,"CEMEX Construction Materials South, LLC",Operator,M,M6642,000586534,104(a),N,,Y,N,56.14112(a)(1),Citation,Regular,Closed,12/19/2023,08/28/2023,08/28/2023,11/17/2023,10/10/2023,2024,772.00,772.00,0.00,0.00,772.00,0.00,0.00,81,1,10,10,20,0,0,78,31,2.52,25,2,.065,0,198818,0,198818,6,5752190,0,5752190,9,11/17/2023,05/28/2022,08/27/2023,07/22/2015,09/09/9999
6947756,9902628,0500344,A8824,"Transpro, Inc",Contractor,M,M6642,000593118,104(a),N,,Y,N,56.14132(a),Citation,Regular,Closed,04/03/2024,11/30/2023,11/30/2023,03/12/2024,01/25/2024,2024,147.00,147.00,0.00,0.00,147.00,0.00,0.00,41,1,10,10,20,0,0,0,0,0,0,0,0,0,100,0,100,0,0,0,0,,03/12/2024,08/30/2022,11/29/2023,11/30/2023,09/09/9999
6947942,9903046,0500344,0093625,"CEMEX Construction Materials South, LLC",Operator,M,M6642,000596786,104(a),N,,Y,N,56.14132(a),Citation,Regular,Closed,05/13/2024,02/05/2024,02/05/2024,05/17/2024,04/09/2024,2024,239.00,239.00,0.00,0.00,239.00,0.00,0.00,66,1,5,10,20,0,0,45,33,1.36,14,0,0,0,215438,0,215438,7,5927547,0,5927547,9,05/17/2024,11/05/2022,02/04/2024,07/22/2015,09/09/9999
6947942,9902905,0500344,0093625,"CEMEX Construction Materials South, LLC",Operator,M,M6642,000596786,104(a),Y,,Y,N,56.9300(b),Citation,Regular,Closed,05/13/2024,02/05/2024,02/05/2024,05/17/2024,04/09/2024,2024,3944.00,3944.00,0.00,0.00,3944.00,0.00,0.00,101,1,20,30,20,0,0,45,33,1.36,14,0,0,0,215438,0,215438,7,5927547,0,5927547,9,05/17/2024,11/05/2022,02/04/2024,07/22/2015,09/09/9999
6947942,9903045,0500344,0093625,"CEMEX Construction Materials South, LLC",Operator,M,M6642,000596786,104(a),N,,Y,N,47.41(a),Citation,Regular,Closed,05/13/2024,02/05/2024,02/05/2024,05/17/2024,04/09/2024,2024,239.00,239.00,0.00,0.00,239.00,0.00,0.00,66,1,5,10,20,0,0,45,33,1.36,14,0,0,0,215438,0,215438,7,5927547,0,5927547,9,05/17/2024,11/05/2022,02/04/2024,07/22/2015,09/09/9999
6947942,9903049,0500344,0093625,"CEMEX Construction Materials South, LLC",Operator,M,M6642,000596786,104(a),N,,Y,N,56.12006,Citation,Regular,Closed,05/13/2024,02/06/2024,02/06/2024,05/17/2024,04/09/2024,2024,797.00,797.00,0.00,0.00,797.00,0.00,0.00,81,1,20,10,20,0,0,45,34,1.32,14,0,0,0,215438,0,215438,7,5927547,0,5927547,9,05/17/2024,11/06/2022,02/05/2024,07/22/2015,09/09/9999
6947942,9902906,0500344,0093625,"CEMEX Construction Materials South, LLC",Operator,M,M6642,000596786,104(a),Y,,Y,N,56.14112(b),Citation,Regular,Closed,05/13/2024,02/06/2024,02/06/2024,05/17/2024,04/09/2024,2024,1773.00,1773.00,0.00,0.00,1773.00,0.00,0.00,91,1,10,30,20,0,0,45,34,1.32,14,0,0,0,215438,0,215438,7,5927547,0,5927547,9,05/17/2024,11/06/2022,02/05/2024,07/22/2015,09/09/9999
6947942,9903050,0500344,0093625,"CEMEX Construction Materials South, LLC",Operator,M,M6642,000596786,104(a),N,,Y,N,56.14107(a),Citation,Regular,Closed,05/13/2024,02/06/2024,02/06/2024,05/17/2024,04/09/2024,2024,357.00,357.00,0.00,0.00,357.00,0.00,0.00,71,1,10,10,20,0,0,45,34,1.32,14,1,.029,0,215438,0,215438,7,5927547,0,5927547,9,05/17/2024,11/06/2022,02/05/2024,07/22/2015,09/09/9999
6947942,9902909,0500344,0093625,"CEMEX Construction Materials South, LLC",Operator,M,M6642,000596786,104(a),N,,Y,N,56.12032,Citation,Regular,Closed,05/13/2024,02/06/2024,02/06/2024,05/17/2024,04/09/2024,2024,239.00,239.00,0.00,0.00,239.00,0.00,0.00,66,1,5,10,20,0,0,45,34,1.32,14,2,.059,0,215438,0,215438,7,5927547,0,5927547,9,05/17/2024,11/06/2022,02/05/2024,07/22/2015,09/09/9999
6947942,9902908,0500344,C4269,"EZ Refractories, LLC",Contractor,M,M6642,000595944,104(a),N,,Y,N,56.20003(a),Citation,Regular,Closed,04/10/2024,02/06/2024,02/06/2024,04/22/2024,03/20/2024,2024,147.00,147.00,0.00,0.00,147.00,0.00,0.00,42,1,5,10,20,6,0,1,0,0,0,0,0,0,16029,0,16029,0,0,0,0,,04/22/2024,11/06/2022,02/05/2024,08/28/2023,09/09/9999
6947942,9902907,0500344,0093625,"CEMEX Construction Materials South, LLC",Operator,M,M6642,000596786,104(a),N,,Y,N,56.12004,Citation,Regular,Closed,05/13/2024,02/06/2024,02/06/2024,05/17/2024,04/09/2024,2024,239.00,239.00,0.00,0.00,239.00,0.00,0.00,66,1,5,10,20,0,0,45,34,1.32,14,3,.088,0,215438,0,215438,7,5927547,0,5927547,9,05/17/2024,11/06/2022,02/05/2024,07/22/2015,09/09/9999
6947942,9903048,0500344,0093625,"CEMEX Construction Materials South, LLC",Operator,M,M6642,000596786,104(a),Y,,Y,N,56.9300(b),Citation,Regular,Closed,05/13/2024,02/06/2024,02/06/2024,05/17/2024,04/09/2024,2024,1188.00,1188.00,0.00,0.00,1188.00,0.00,0.00,86,1,5,30,20,0,0,45,34,1.32,14,0,0,0,215438,0,215438,7,5927547,0,5927547,9,05/17/2024,11/06/2022,02/05/2024,07/22/2015,09/09/9999
6947942,9903047,0500344,0093625,"CEMEX Construction Materials South, LLC",Operator,M,M6642,000596786,104(a),N,,Y,N,56.14112(b),Citation,Regular,Closed,05/13/2024,02/06/2024,02/06/2024,05/17/2024,04/09/2024,2024,357.00,357.00,0.00,0.00,357.00,0.00,0.00,71,1,10,10,20,0,0,45,34,1.32,14,0,0,0,215438,0,215438,7,5927547,0,5927547,9,05/17/2024,11/06/2022,02/05/2024,07/22/2015,09/09/9999
6947942,9902911,0500344,0093625,"CEMEX Construction Materials South, LLC",Operator,M,M6642,000596786,104(a),N,,Y,N,56.12032,Citation,Regular,Closed,05/13/2024,02/07/2024,02/07/2024,05/17/2024,04/09/2024,2024,204.00,204.00,0.00,0.00,204.00,0.00,0.00,64,1,5,10,20,0,0,45,37,1.22,12,2,.054,0,215438,0,215438,7,5927547,0,5927547,9,05/17/2024,11/07/2022,02/06/2024,07/22/2015,09/09/9999
6947942,9902910,0500344,0093625,"CEMEX Construction Materials South, LLC",Operator,M,M6642,000596786,104(a),N,,Y,N,56.12032,Citation,Regular,Closed,05/13/2024,02/07/2024,02/07/2024,05/17/2024,04/09/2024,2024,204.00,204.00,0.00,0.00,204.00,0.00,0.00,64,1,5,10,20,0,0,45,37,1.22,12,2,.054,0,215438,0,215438,7,5927547,0,5927547,9,05/17/2024,11/07/2022,02/06/2024,07/22/2015,09/09/9999
6947942,9902912,0500344,0093625,"CEMEX Construction Materials South, LLC",Operator,M,M6642,000596786,104(a),N,,Y,N,56.14112(b),Citation,Regular,Closed,05/13/2024,02/07/2024,02/07/2024,05/17/2024,04/09/2024,2024,305.00,305.00,0.00,0.00,305.00,0.00,0.00,69,1,10,10,20,0,0,45,37,1.22,12,0,0,0,215438,0,215438,7,5927547,0,5927547,9,05/17/2024,11/07/2022,02/06/2024,07/22/2015,09/09/9999
6947942,9903051,0500344,0093625,"CEMEX Construction Materials South, LLC",Operator,M,M6642,000596786,104(a),N,,Y,N,56.20003(a),Citation,Regular,Closed,05/13/2024,02/07/2024,02/07/2024,05/17/2024,04/09/2024,2024,204.00,204.00,0.00,0.00,204.00,0.00,0.00,64,1,5,10,20,0,0,45,37,1.22,12,4,.108,0,215438,0,215438,7,5927547,0,5927547,9,05/17/2024,11/07/2022,02/06/2024,07/22/2015,09/09/9999
6947942,9903052,0500344,0093625,"CEMEX Construction Materials South, LLC",Operator,M,M6642,000596786,104(a),N,,Y,N,56.13011,Citation,Regular,Closed,05/13/2024,02/08/2024,02/08/2024,05/17/2024,04/09/2024,2024,204.00,204.00,0.00,0.00,204.00,0.00,0.00,64,1,5,10,20,0,0,45,40,1.13,12,0,0,0,215438,0,215438,7,5927547,0,5927547,9,05/17/2024,11/08/2022,02/07/2024,07/22/2015,09/09/9999
6947942,9903053,0500344,0093625,"CEMEX Construction Materials South, LLC",Operator,M,M6642,000596786,104(a),Y,,Y,N,56.11002,Citation,Regular,Closed,05/13/2024,02/09/2024,02/09/2024,05/17/2024,04/09/2024,2024,861.00,861.00,0.00,0.00,861.00,0.00,0.00,82,1,5,30,20,0,0,45,41,1.1,10,0,0,0,215438,0,215438,7,5927547,0,5927547,9,05/17/2024,11/09/2022,02/08/2024,07/22/2015,09/09/9999
6947942,9903054,0500344,0093625,"CEMEX Construction Materials South, LLC",Operator,M,M6642,000596786,104(a),N,,Y,N,56.12032,Citation,Regular,Closed,05/13/2024,02/09/2024,02/09/2024,05/17/2024,04/09/2024,2024,172.00,172.00,0.00,0.00,172.00,0.00,0.00,62,1,5,10,20,0,0,45,41,1.1,10,2,.049,0,215438,0,215438,7,5927547,0,5927547,9,05/17/2024,11/09/2022,02/08/2024,07/22/2015,09/09/9999
6947942,9903055,0500344,0093625,"CEMEX Construction Materials South, LLC",Operator,M,M6642,000596786,104(a),N,,Y,N,56.12032,Citation,Regular,Closed,05/13/2024,02/09/2024,02/09/2024,05/17/2024,04/09/2024,2024,172.00,172.00,0.00,0.00,172.00,0.00,0.00,62,1,5,10,20,0,0,45,41,1.1,10,2,.049,0,215438,0,215438,7,5927547,0,5927547,9,05/17/2024,11/09/2022,02/08/2024,07/22/2015,09/09/9999
6947942,9903056,0500344,0093625,"CEMEX Construction Materials South, LLC",Operator,M,M6642,000596786,104(a),N,,Y,N,47.41(a),Citation,Regular,Closed,05/13/2024,02/08/2024,02/12/2024,05/17/2024,04/09/2024,2024,204.00,204.00,0.00,0.00,204.00,0.00,0.00,64,1,5,10,20,0,0,45,40,1.13,12,0,0,0,215438,0,215438,7,5927547,0,5927547,9,05/17/2024,11/08/2022,02/07/2024,07/22/2015,09/09/9999
6947894,9902800,0500344,0093625,"CEMEX Construction Materials South, LLC",Operator,M,M6642,000602402,104(a),N,,Y,N,56.12004,Citation,Regular,Closed,01/27/2025,05/20/2024,05/20/2024,12/23/2024,07/09/2024,2024,239.00,239.00,0.00,0.00,239.00,0.00,0.00,66,1,5,10,20,0,0,63,48,1.31,14,4,.083,0,215438,0,215438,7,5927547,0,5927547,9,12/23/2024,02/20/2023,05/19/2024,07/22/2015,09/09/9999
6947894,9821401,0500344,0093625,"CEMEX Construction Materials South, LLC",Operator,M,M6642,000602402,104(a),N,,Y,N,56.16003,Citation,Regular,Closed,01/27/2025,05/20/2024,05/20/2024,12/23/2024,07/09/2024,2024,239.00,239.00,0.00,0.00,239.00,0.00,0.00,66,1,5,10,20,0,0,63,48,1.31,14,0,0,0,215438,0,215438,7,5927547,0,5927547,9,12/23/2024,02/20/2023,05/19/2024,07/22/2015,09/09/9999
6947894,9821402,0500344,0093625,"CEMEX Construction Materials South, LLC",Operator,M,M6642,000602402,104(a),N,,Y,N,56.12028,Citation,Regular,Closed,01/27/2025,05/20/2024,05/20/2024,12/23/2024,07/09/2024,2024,679.00,679.00,0.00,0.00,679.00,0.00,0.00,79,1,5,10,20,0,0,63,48,1.31,14,8,.167,13,215438,0,215438,7,5927547,0,5927547,9,12/23/2024,02/20/2023,05/19/2024,07/22/2015,09/09/9999
6947894,9821405,0500344,0093625,"CEMEX Construction Materials South, LLC",Operator,M,M6642,000602402,104(a),N,,Y,N,56.12028,Citation,Regular,Closed,01/27/2025,05/21/2024,05/21/2024,12/23/2024,07/09/2024,2024,576.00,576.00,0.00,0.00,576.00,0.00,0.00,77,1,5,10,20,0,0,63,49,1.29,12,8,.163,13,215438,0,215438,7,5927547,0,5927547,9,12/23/2024,02/21/2023,05/20/2024,07/22/2015,09/09/9999
6947894,9902975,0500344,0093625,"CEMEX Construction Materials South, LLC",Operator,M,M6642,000602402,104(a),N,,Y,N,56.20003(a),Citation,Regular,Closed,01/27/2025,05/21/2024,05/21/2024,12/23/2024,07/09/2024,2024,204.00,204.00,0.00,0.00,204.00,0.00,0.00,64,1,5,10,20,0,0,63,49,1.29,12,5,.102,0,215438,0,215438,7,5927547,0,5927547,9,12/23/2024,02/21/2023,05/20/2024,07/22/2015,09/09/9999
6947894,9902974,0500344,0093625,"CEMEX Construction Materials South, LLC",Operator,M,M6642,000602402,104(a),N,,Y,N,56.20003(a),Citation,Regular,Closed,01/27/2025,05/21/2024,05/21/2024,12/23/2024,07/09/2024,2024,204.00,204.00,0.00,0.00,204.00,0.00,0.00,64,1,5,10,20,0,0,63,49,1.29,12,5,.102,0,215438,0,215438,7,5927547,0,5927547,9,12/23/2024,02/21/2023,05/20/2024,07/22/2015,09/09/9999
6947894,9902973,0500344,0093625,"CEMEX Construction Materials South, LLC",Operator,M,M6642,000602402,104(a),N,,Y,N,47.41(a),Citation,Regular,Closed,01/27/2025,05/21/2024,05/21/2024,12/23/2024,07/09/2024,2024,204.00,204.00,0.00,0.00,204.00,0.00,0.00,64,1,5,10,20,0,0,63,49,1.29,12,2,.041,0,215438,0,215438,7,5927547,0,5927547,9,12/23/2024,02/21/2023,05/20/2024,07/22/2015,09/09/9999
6947894,9340005,0500344,0093625,"CEMEX Construction Materials South, LLC",Operator,M,M6642,000602402,104(a),N,,Y,N,56.14132(a),Citation,Regular,Closed,01/27/2025,05/21/2024,05/21/2024,12/23/2024,07/09/2024,2024,679.00,679.00,0.00,0.00,679.00,0.00,0.00,79,1,20,10,20,0,0,63,49,1.29,12,1,.02,0,215438,0,215438,7,5927547,0,5927547,9,12/23/2024,02/21/2023,05/20/2024,07/22/2015,09/09/9999
6947894,9821407,0500344,0093625,"CEMEX Construction Materials South, LLC",Operator,M,M6642,000602402,104(a),N,,Y,N,56.4201(a)(1),Citation,Regular,Closed,01/27/2025,05/21/2024,05/21/2024,12/23/2024,07/09/2024,2024,204.00,204.00,0.00,0.00,204.00,0.00,0.00,64,1,5,10,20,0,0,63,49,1.29,12,1,.02,0,215438,0,215438,7,5927547,0,5927547,9,12/23/2024,02/21/2023,05/20/2024,07/22/2015,09/09/9999
6947894,9821406,0500344,0093625,"CEMEX Construction Materials South, LLC",Operator,M,M6642,000602402,104(a),Y,,Y,N,56.20003(a),Citation,Regular,Closed,01/27/2025,05/21/2024,05/21/2024,12/23/2024,07/09/2024,2024,1011.00,1011.00,0.00,0.00,1011.00,0.00,0.00,84,1,5,30,20,0,0,63,49,1.29,12,5,.102,0,215438,0,215438,7,5927547,0,5927547,9,12/23/2024,02/21/2023,05/20/2024,07/22/2015,09/09/9999
6947894,9821404,0500344,0093625,"CEMEX Construction Materials South, LLC",Operator,M,M6642,000602402,104(a),N,,Y,N,56.14112(b),Citation,Regular,Closed,01/27/2025,05/21/2024,05/21/2024,12/23/2024,07/09/2024,2024,305.00,305.00,0.00,0.00,305.00,0.00,0.00,69,1,10,10,20,0,0,63,49,1.29,12,3,.061,0,215438,0,215438,7,5927547,0,5927547,9,12/23/2024,02/21/2023,05/20/2024,07/22/2015,09/09/9999
6947894,9340007,0500344,0093625,"CEMEX Construction Materials South, LLC",Operator,M,M6642,000602402,104(a),Y,,Y,N,56.11002,Citation,Regular,Closed,01/27/2025,05/21/2024,05/21/2024,12/23/2024,07/09/2024,2024,3361.00,3361.00,0.00,0.00,3361.00,0.00,0.00,99,1,20,30,20,0,0,63,49,1.29,12,1,.02,0,215438,0,215438,7,5927547,0,5927547,9,12/23/2024,02/21/2023,05/20/2024,07/22/2015,09/09/9999
6947894,9340006,0500344,0093625,"CEMEX Construction Materials South, LLC",Operator,M,M6642,000602402,104(a),N,,Y,N,56.12004,Citation,Regular,Closed,01/27/2025,05/21/2024,05/21/2024,12/23/2024,07/09/2024,2024,679.00,679.00,0.00,0.00,679.00,0.00,0.00,79,1,20,10,20,0,0,63,49,1.29,12,4,.082,0,215438,0,215438,7,5927547,0,5927547,9,12/23/2024,02/21/2023,05/20/2024,07/22/2015,09/09/9999
6947894,9902976,0500344,C6995,DG Coleman,Contractor,M,M6642,000608549,104(g)(1),N,,N,N,46.7(a),Order,Regular,Closed,10/30/2024,05/28/2024,05/28/2024,11/29/2024,10/24/2024,2025,164.00,164.00,0.00,0.00,164.00,0.00,0.00,52,2,20,10,20,0,0,0,0,0,0,0,0,0,0,0,0,0,0,0,0,,11/29/2024,02/28/2023,05/27/2024,05/28/2024,09/09/9999
6947894,9821409,0500344,0093625,"CEMEX Construction Materials South, LLC",Operator,M,M6642,000602402,104(a),N,,Y,N,56.12028,Citation,Regular,Closed,01/27/2025,05/28/2024,05/28/2024,12/23/2024,07/09/2024,2024,535.00,535.00,0.00,0.00,535.00,0.00,0.00,76,1,5,10,20,0,0,63,50,1.26,12,8,.16,12,215438,0,215438,7,5927547,0,5927547,9,12/23/2024,02/28/2023,05/27/2024,07/22/2015,09/09/9999
6947894,9902980,0500344,0093625,"CEMEX Construction Materials South, LLC",Operator,M,M6642,000602402,104(a),N,,Y,N,56.12004,Citation,Regular,Closed,01/27/2025,05/29/2024,05/29/2024,12/23/2024,07/09/2024,2024,204.00,204.00,0.00,0.00,204.00,0.00,0.00,64,1,5,10,20,0,0,63,52,1.21,12,4,.077,0,215438,0,215438,7,5927547,0,5927547,9,12/23/2024,02/28/2023,05/28/2024,07/22/2015,09/09/9999
6947894,9902979,0500344,0093625,"CEMEX Construction Materials South, LLC",Operator,M,M6642,000602402,104(a),Y,,Y,N,56.20003(a),Citation,Regular,Closed,01/27/2025,05/29/2024,05/29/2024,12/23/2024,07/09/2024,2024,3361.00,3361.00,0.00,0.00,3361.00,0.00,0.00,99,1,5,30,35,0,0,63,52,1.21,12,5,.096,0,215438,0,215438,7,5927547,0,5927547,9,12/23/2024,02/28/2023,05/28/2024,07/22/2015,09/09/9999
6947894,9902978,0500344,C4269,"EZ Refractories, LLC",Contractor,M,M6642,000608156,104(a),N,,Y,N,56.12005,Citation,Regular,Closed,11/22/2024,05/29/2024,05/29/2024,11/28/2024,10/23/2024,2025,147.00,147.00,0.00,0.00,147.00,0.00,0.00,42,1,5,10,20,6,0,2,0,0,0,0,0,0,16029,0,16029,0,0,0,0,,11/28/2024,02/28/2023,05/28/2024,08/28/2023,09/09/9999
6947894,9902977,0500344,0093625,"CEMEX Construction Materials South, LLC",Operator,M,M6642,000602402,104(a),N,,Y,N,56.11012,Citation,Regular,Closed,01/27/2025,05/29/2024,05/29/2024,12/23/2024,07/09/2024,2024,204.00,204.00,0.00,0.00,204.00,0.00,0.00,64,1,5,10,20,0,0,63,52,1.21,12,0,0,0,215438,0,215438,7,5927547,0,5927547,9,12/23/2024,02/28/2023,05/28/2024,07/22/2015,09/09/9999
6947894,9821410,0500344,0093625,"CEMEX Construction Materials South, LLC",Operator,M,M6642,000602402,104(a),N,,Y,N,56.12032,Citation,Regular,Closed,01/27/2025,05/29/2024,05/29/2024,12/23/2024,07/09/2024,2024,492.00,492.00,0.00,0.00,492.00,0.00,0.00,75,1,5,10,20,0,0,63,52,1.21,12,7,.135,11,215438,0,215438,7,5927547,0,5927547,9,12/23/2024,02/28/2023,05/28/2024,07/22/2015,09/09/9999
6947894,9902981,0500344,0093625,"CEMEX Construction Materials South, LLC",Operator,M,M6642,000602402,104(a),N,,Y,N,56.14205,Citation,Regular,Closed,01/27/2025,05/30/2024,05/30/2024,12/23/2024,07/09/2024,2024,204.00,204.00,0.00,0.00,204.00,0.00,0.00,64,1,5,10,20,0,0,63,55,1.15,12,1,.018,0,215438,0,215438,7,5927547,0,5927547,9,12/23/2024,02/28/2023,05/29/2024,07/22/2015,09/09/9999
6947894,9821411,0500344,0093625,"CEMEX Construction Materials South, LLC",Operator,M,M6642,000602402,104(a),N,,Y,N,56.12032,Citation,Regular,Closed,01/27/2025,05/30/2024,05/30/2024,12/23/2024,07/09/2024,2024,492.00,492.00,0.00,0.00,492.00,0.00,0.00,75,1,5,10,20,0,0,63,55,1.15,12,7,.127,11,215438,0,215438,7,5927547,0,5927547,9,12/23/2024,02/28/2023,05/29/2024,07/22/2015,09/09/9999
F015001,9829617,0500344,0093625,"CEMEX Construction Materials South, LLC",Operator,M,M6642,000615732,104(a),N,,Y,N,56.16005,Citation,Regular,Closed,04/08/2025,01/06/2025,01/06/2025,04/10/2025,03/04/2025,2025,432.00,432.00,0.00,0.00,432.00,0.00,0.00,73,1,10,10,20,0,0,50,30,1.67,16,0,0,0,220696,0,220696,7,6145091,0,6145091,9,04/10/2025,10/06/2023,01/05/2025,07/22/2015,09/09/9999
F015001,9908595,0500344,0093625,"CEMEX Construction Materials South, LLC",Operator,M,M6642,000615732,104(a),N,,Y,N,56.13021,Citation,Regular,Closed,04/08/2025,01/06/2025,01/06/2025,04/10/2025,03/04/2025,2025,288.00,288.00,0.00,0.00,288.00,0.00,0.00,68,1,5,10,20,0,0,50,30,1.67,16,1,.033,0,220696,0,220696,7,6145091,0,6145091,9,04/10/2025,10/06/2023,01/05/2025,07/22/2015,09/09/9999
F015001,9908596,0500344,0093625,"CEMEX Construction Materials South, LLC",Operator,M,M6642,000615732,104(a),N,,Y,N,56.12004,Citation,Regular,Closed,04/08/2025,01/06/2025,01/06/2025,04/10/2025,03/04/2025,2025,3184.00,3184.00,0.00,0.00,3184.00,0.00,0.00,98,1,20,10,20,0,0,50,30,1.67,16,7,.233,15,220696,0,220696,7,6145091,0,6145091,9,04/10/2025,10/06/2023,01/05/2025,07/22/2015,09/09/9999
F015001,9829619,0500344,0093625,"CEMEX Construction Materials South, LLC",Operator,M,M6642,000615732,104(a),N,,Y,N,56.14112(b),Citation,Regular,Closed,04/08/2025,01/07/2025,01/07/2025,04/10/2025,03/04/2025,2025,432.00,432.00,0.00,0.00,432.00,0.00,0.00,73,1,10,10,20,0,0,50,32,1.56,16,4,.125,0,220696,0,220696,7,6145091,0,6145091,9,04/10/2025,10/07/2023,01/06/2025,07/22/2015,09/09/9999
F015001,9829618,0500344,0093625,"CEMEX Construction Materials South, LLC",Operator,M,M6642,000615732,104(a),N,,Y,N,56.14107(a),Citation,Regular,Closed,04/08/2025,01/07/2025,01/07/2025,04/10/2025,03/04/2025,2025,432.00,432.00,0.00,0.00,432.00,0.00,0.00,73,1,10,10,20,0,0,50,32,1.56,16,2,.063,0,220696,0,220696,7,6145091,0,6145091,9,04/10/2025,10/07/2023,01/06/2025,07/22/2015,09/09/9999
F015001,9822678,0500344,0093625,"CEMEX Construction Materials South, LLC",Operator,M,M6642,000615732,104(a),Y,,Y,N,56.20003(a),Citation,Regular,Closed,04/08/2025,01/07/2025,01/07/2025,04/10/2025,03/04/2025,2025,4749.00,4749.00,0.00,0.00,4749.00,0.00,0.00,103,1,5,30,20,0,0,50,32,1.56,16,7,.219,15,220696,0,220696,7,6145091,0,6145091,9,04/10/2025,10/07/2023,01/06/2025,07/22/2015,09/09/9999
F015001,9908597,0500344,0093625,"CEMEX Construction Materials South, LLC",Operator,M,M6642,000615732,104(a),N,,Y,N,56.12032,Citation,Regular,Closed,04/08/2025,01/07/2025,01/07/2025,04/10/2025,03/04/2025,2025,959.00,959.00,0.00,0.00,959.00,0.00,0.00,83,1,5,10,20,0,0,50,32,1.56,16,7,.219,15,220696,0,220696,7,6145091,0,6145091,9,04/10/2025,10/07/2023,01/06/2025,07/22/2015,09/09/9999
F015001,9908598,0500344,0093625,"CEMEX Construction Materials South, LLC",Operator,M,M6642,000615732,104(a),N,,Y,N,56.4201(a)(2),Citation,Regular,Closed,04/08/2025,01/08/2025,01/08/2025,04/10/2025,03/04/2025,2025,366.00,366.00,0.00,0.00,366.00,0.00,0.00,71,1,10,10,20,0,0,50,36,1.39,14,0,0,0,220696,0,220696,7,6145091,0,6145091,9,04/10/2025,10/08/2023,01/07/2025,07/22/2015,09/09/9999
F015001,9822679,0500344,0093625,"CEMEX Construction Materials South, LLC",Operator,M,M6642,000615732,104(a),N,,Y,N,56.12004,Citation,Regular,Closed,04/08/2025,01/08/2025,01/08/2025,04/10/2025,03/04/2025,2025,755.00,755.00,0.00,0.00,755.00,0.00,0.00,80,1,5,10,20,0,0,50,36,1.39,14,7,.194,14,220696,0,220696,7,6145091,0,6145091,9,04/10/2025,10/08/2023,01/07/2025,07/22/2015,09/09/9999
F015001,9829621,0500344,0093625,"CEMEX Construction Materials South, LLC",Operator,M,M6642,000615732,104(a),N,,Y,N,56.14112(a)(1),Citation,Regular,Closed,04/08/2025,01/08/2025,01/08/2025,04/10/2025,03/04/2025,2025,366.00,366.00,0.00,0.00,366.00,0.00,0.00,71,1,10,10,20,0,0,50,36,1.39,14,2,.056,0,220696,0,220696,7,6145091,0,6145091,9,04/10/2025,10/08/2023,01/07/2025,07/22/2015,09/09/9999
F015001,9829620,0500344,0093625,"CEMEX Construction Materials South, LLC",Operator,M,M6642,000615732,104(a),N,,Y,N,56.4201(a)(2),Citation,Regular,Closed,04/08/2025,01/08/2025,01/08/2025,04/10/2025,03/04/2025,2025,245.00,245.00,0.00,0.00,245.00,0.00,0.00,66,1,5,10,20,0,0,50,36,1.39,14,0,0,0,220696,0,220696,7,6145091,0,6145091,9,04/10/2025,10/08/2023,01/07/2025,07/22/2015,09/09/9999
F01500C,9829635,0500344,0093625,"CEMEX Construction Materials South, LLC",Operator,M,M6642,000621857,104(a),Y,,Y,N,56.14100(c),Citation,Regular,Closed,10/12/2025,02/18/2025,02/18/2025,11/09/2025,06/10/2025,2025,15768.00,12000.00,0.00,0.00,12000.00,0.00,0.00,103,2,5,50,20,0,0,39,42,.93,10,0,0,0,220696,0,220696,7,6138091,0,6138091,9,10/30/2025,11/18/2023,02/17/2025,07/22/2015,09/09/9999
F015013,9829639,0500344,0093625,"CEMEX Construction Materials South, LLC",Operator,M,M6642,000617693,104(g)(1),N,,N,N,46.7(a),Order,Regular,Closed,10/12/2025,03/03/2025,03/03/2025,11/09/2025,04/08/2025,2025,3263.00,2993.00,0.00,0.00,2993.00,0.00,0.00,77,18,5,10,20,0,0,39,44,.89,8,0,0,0,220696,0,220696,7,6138091,0,6138091,9,10/30/2025,12/03/2023,03/02/2025,07/22/2015,09/09/9999
F015955,5051492,0500344,0093625,"CEMEX Construction Materials South, LLC",Operator,M,M6642,000627811,104(a),N,,Y,N,56.12004,Citation,Regular,Closed,10/17/2025,07/08/2025,07/08/2025,10/24/2025,09/09/2025,2025,1219.00,1219.00,0.00,0.00,1219.00,0.00,0.00,86,1,5,10,20,0,0,50,28,1.79,19,6,.214,15,220696,0,220696,7,6131091,0,6131091,9,10/24/2025,04/08/2024,07/07/2025,07/22/2015,09/09/9999
F015955,5051493,0500344,0093625,"CEMEX Construction Materials South, LLC",Operator,M,M6642,000627811,104(a),N,,Y,N,56.12004,Citation,Regular,Closed,10/17/2025,07/08/2025,07/08/2025,10/24/2025,09/09/2025,2025,1219.00,1219.00,0.00,0.00,1219.00,0.00,0.00,86,1,5,10,20,0,0,50,28,1.79,19,6,.214,15,220696,0,220696,7,6131091,0,6131091,9,10/24/2025,04/08/2024,07/07/2025,07/22/2015,09/09/9999
F015955,5051494,0500344,0093625,"CEMEX Construction Materials South, LLC",Operator,M,M6642,000627811,104(a),N,,Y,N,56.4201(a)(1),Citation,Regular,Closed,10/17/2025,07/08/2025,07/08/2025,10/24/2025,09/09/2025,2025,366.00,366.00,0.00,0.00,366.00,0.00,0.00,71,1,5,10,20,0,0,50,28,1.79,19,1,.036,0,220696,0,220696,7,6131091,0,6131091,9,10/24/2025,04/08/2024,07/07/2025,07/22/2015,09/09/9999
F015955,5051495,0500344,0093625,"CEMEX Construction Materials South, LLC",Operator,M,M6642,000627811,104(a),N,,Y,N,56.20003(a),Citation,Regular,Closed,10/17/2025,07/09/2025,07/09/2025,10/24/2025,09/09/2025,2025,1219.00,1219.00,0.00,0.00,1219.00,0.00,0.00,86,1,5,10,20,0,0,50,29,1.72,19,6,.207,15,220696,0,220696,7,6131091,0,6131091,9,10/24/2025,04/09/2024,07/08/2025,07/22/2015,09/09/9999
F015955,5051496,0500344,0093625,"CEMEX Construction Materials South, LLC",Operator,M,M6642,000627811,104(a),N,,Y,N,56.12023,Citation,Regular,Closed,10/17/2025,07/09/2025,07/09/2025,10/24/2025,09/09/2025,2025,366.00,366.00,0.00,0.00,366.00,0.00,0.00,71,1,5,10,20,0,0,50,29,1.72,19,0,0,0,220696,0,220696,7,6131091,0,6131091,9,10/24/2025,04/09/2024,07/08/2025,07/22/2015,09/09/9999
F015955,5051497,0500344,0093625,"CEMEX Construction Materials South, LLC",Operator,M,M6642,000627811,104(a),N,,Y,N,56.12034,Citation,Regular,Closed,10/17/2025,07/11/2025,07/11/2025,10/24/2025,09/09/2025,2025,288.00,288.00,0.00,0.00,288.00,0.00,0.00,68,1,5,10,20,0,0,50,31,1.61,16,0,0,0,220696,0,220696,7,6131091,0,6131091,9,10/24/2025,04/11/2024,07/10/2025,07/22/2015,09/09/9999
F015955,5051499,0500344,0093625,"CEMEX Construction Materials South, LLC",Operator,M,M6642,000627811,104(a),N,,Y,N,56.14112(b),Citation,Regular,Closed,10/17/2025,07/11/2025,07/11/2025,10/24/2025,09/09/2025,2025,432.00,432.00,0.00,0.00,432.00,0.00,0.00,73,1,10,10,20,0,0,50,31,1.61,16,5,.161,0,220696,0,220696,7,6131091,0,6131091,9,10/24/2025,04/11/2024,07/10/2025,07/22/2015,09/09/9999
F015955,5051498,0500344,0093625,"CEMEX Construction Materials South, LLC",Operator,M,M6642,000627811,104(a),N,,Y,N,56.4201(a)(2),Citation,Regular,Closed,10/17/2025,07/11/2025,07/11/2025,10/24/2025,09/09/2025,2025,288.00,288.00,0.00,0.00,288.00,0.00,0.00,68,1,5,10,20,0,0,50,31,1.61,16,2,.065,0,220696,0,220696,7,6131091,0,6131091,9,10/24/2025,04/11/2024,07/10/2025,07/22/2015,09/09/9999
F015955,5056905,0500344,0093625,"CEMEX Construction Materials South, LLC",Operator,M,M6642,000627811,104(a),N,,Y,N,56.14113,Citation,Regular,Closed,10/17/2025,07/12/2025,07/12/2025,10/24/2025,09/09/2025,2025,432.00,432.00,0.00,0.00,432.00,0.00,0.00,73,1,10,10,20,0,0,50,32,1.56,16,0,0,0,220696,0,220696,7,6131091,0,6131091,9,10/24/2025,04/12/2024,07/11/2025,07/22/2015,09/09/9999
F015955,5051500,0500344,0093625,"CEMEX Construction Materials South, LLC",Operator,M,M6642,000627811,104(a),Y,,Y,N,56.20003(a),Citation,Regular,Closed,10/17/2025,07/12/2025,07/12/2025,10/24/2025,09/09/2025,2025,14557.00,14557.00,0.00,0.00,14557.00,0.00,0.00,117,1,5,30,35,0,0,50,32,1.56,16,6,.188,14,220696,0,220696,7,6131091,0,6131091,9,10/24/2025,04/12/2024,07/11/2025,07/22/2015,09/09/9999
F015955,5056902,0500344,0093625,"CEMEX Construction Materials South, LLC",Operator,M,M6642,000627811,104(a),Y,,Y,N,56.14112(b),Citation,Regular,Closed,10/17/2025,07/12/2025,07/12/2025,10/24/2025,09/09/2025,2025,7084.00,7084.00,0.00,0.00,7084.00,0.00,0.00,108,1,10,30,35,0,0,50,32,1.56,16,5,.156,0,220696,0,220696,7,6131091,0,6131091,9,10/24/2025,04/12/2024,07/11/2025,07/22/2015,09/09/9999
F015955,5056903,0500344,0093625,"CEMEX Construction Materials South, LLC",Operator,M,M6642,000627811,104(a),N,,Y,N,56.20003(a),Citation,Regular,Closed,10/17/2025,07/12/2025,07/12/2025,10/24/2025,09/09/2025,2025,883.00,883.00,0.00,0.00,883.00,0.00,0.00,82,1,5,10,20,0,0,50,32,1.56,16,6,.188,14,220696,0,220696,7,6131091,0,6131091,9,10/24/2025,04/12/2024,07/11/2025,07/22/2015,09/09/9999
F015955,5056904,0500344,0093625,"CEMEX Construction Materials South, LLC",Operator,M,M6642,000627811,104(a),N,,Y,N,56.20003(a),Citation,Regular,Closed,10/17/2025,07/12/2025,07/12/2025,10/24/2025,09/09/2025,2025,883.00,883.00,0.00,0.00,883.00,0.00,0.00,82,1,5,10,20,0,0,50,32,1.56,16,6,.188,14,220696,0,220696,7,6131091,0,6131091,9,10/24/2025,04/12/2024,07/11/2025,07/22/2015,09/09/9999
F015955,5056906,0500344,0093625,"CEMEX Construction Materials South, LLC",Operator,M,M6642,000627811,104(a),N,,Y,N,56.14201(b),Citation,Regular,Closed,10/17/2025,07/12/2025,07/12/2025,10/24/2025,09/09/2025,2025,432.00,432.00,0.00,0.00,432.00,0.00,0.00,73,1,10,10,20,0,0,50,32,1.56,16,0,0,0,220696,0,220696,7,6131091,0,6131091,9,10/24/2025,04/12/2024,07/11/2025,07/22/2015,09/09/9999
F015955,5056901,0500344,0093625,"CEMEX Construction Materials South, LLC",Operator,M,M6642,000627811,104(a),N,,Y,N,56.20003(a),Citation,Regular,Closed,10/17/2025,07/12/2025,07/12/2025,10/24/2025,09/09/2025,2025,883.00,883.00,0.00,0.00,883.00,0.00,0.00,82,1,5,10,20,0,0,50,32,1.56,16,6,.188,14,220696,0,220696,7,6131091,0,6131091,9,10/24/2025,04/12/2024,07/11/2025,07/22/2015,09/09/9999
F015955,5056907,0500344,0093625,"CEMEX Construction Materials South, LLC",Operator,M,M6642,000627811,104(a),N,,Y,N,56.14112(b),Citation,Regular,Closed,10/17/2025,07/13/2025,07/13/2025,10/24/2025,09/09/2025,2025,366.00,366.00,0.00,0.00,366.00,0.00,0.00,71,1,10,10,20,0,0,50,34,1.47,14,5,.147,0,220696,0,220696,7,6131091,0,6131091,9,10/24/2025,04/13/2024,07/12/2025,07/22/2015,09/09/9999
F015955,5056909,0500344,0093625,"CEMEX Construction Materials South, LLC",Operator,M,M6642,000627811,104(a),N,,Y,N,56.18002(b),Citation,Regular,Closed,10/17/2025,07/14/2025,07/14/2025,10/24/2025,09/09/2025,2025,151.00,151.00,0.00,0.00,151.00,0.00,0.00,50,0,0,0,20,0,0,50,36,1.39,14,0,0,0,220696,0,220696,7,6131091,0,6131091,9,10/24/2025,04/14/2024,07/13/2025,07/22/2015,09/09/9999
F015955,5056908,0500344,0093625,"CEMEX Construction Materials South, LLC",Operator,M,M6642,000627811,104(a),N,,Y,N,56.20003(a),Citation,Regular,Closed,10/17/2025,07/14/2025,07/14/2025,10/24/2025,09/09/2025,2025,2312.00,2312.00,0.00,0.00,2312.00,0.00,0.00,94,1,5,10,35,0,0,50,36,1.39,14,6,.167,13,220696,0,220696,7,6131091,0,6131091,9,10/24/2025,04/14/2024,07/13/2025,07/22/2015,09/09/9999
F015955,5056721,0500344,0093625,"CEMEX Construction Materials South, LLC",Operator,M,M6642,000627811,104(a),N,,Y,N,56.16003,Citation,Regular,Closed,10/17/2025,07/15/2025,07/15/2025,10/24/2025,09/09/2025,2025,245.00,245.00,0.00,0.00,245.00,0.00,0.00,66,1,5,10,20,0,0,50,36,1.39,14,1,.028,0,220696,0,220696,7,6131091,0,6131091,9,10/24/2025,04/15/2024,07/14/2025,07/22/2015,09/09/9999
F015955,5056722,0500344,0093625,"CEMEX Construction Materials South, LLC",Operator,M,M6642,000627811,104(a),N,,Y,N,56.20003(a),Citation,Regular,Closed,10/17/2025,07/15/2025,07/15/2025,10/24/2025,09/09/2025,2025,697.00,697.00,0.00,0.00,697.00,0.00,0.00,79,1,5,10,20,0,0,50,36,1.39,14,6,.167,13,220696,0,220696,7,6131091,0,6131091,9,10/24/2025,04/15/2024,07/14/2025,07/22/2015,09/09/9999
F015955,5056781,0500344,0093625,"CEMEX Construction Materials South, LLC",Operator,M,M6642,000627811,104(a),Y,,Y,N,56.14132(a),Citation,Regular,Closed,10/17/2025,07/15/2025,07/15/2025,10/24/2025,09/09/2025,2025,4047.00,4047.00,0.00,0.00,4047.00,0.00,0.00,101,1,20,30,20,0,0,50,36,1.39,14,2,.056,0,220696,0,220696,7,6131091,0,6131091,9,10/24/2025,04/15/2024,07/14/2025,07/22/2015,09/09/9999
F015955,5056782,0500344,0093625,"CEMEX Construction Materials South, LLC",Operator,M,M6642,000627811,104(a),N,,Y,N,50.30(a),Citation,Regular,Closed,10/17/2025,07/15/2025,07/16/2025,10/24/2025,09/09/2025,2025,151.00,151.00,0.00,0.00,151.00,0.00,0.00,50,0,0,0,20,0,0,50,36,1.39,14,0,0,0,220696,0,220696,7,6131091,0,6131091,9,10/24/2025,04/15/2024,07/14/2025,07/22/2015,09/09/9999
F015955,5056910,0500344,B1515,Mountain West Industrial,Contractor,M,M6642,000629003,104(a),Y,,Y,N,62.130,Citation,Regular,Closed,10/27/2025,07/16/2025,07/21/2025,10/29/2025,09/23/2025,2025,959.00,959.00,0.00,0.00,959.00,0.00,0.00,83,1,10,30,20,20,0,7,0,0,2,0,0,0,456209,0,456209,0,0,0,0,,10/29/2025,04/16/2024,07/15/2025,01/25/2022,09/09/9999
F015955,5056911,0500344,B1515,Mountain West Industrial,Contractor,M,M6642,000629003,104(a),Y,,Y,N,62.130,Citation,Regular,Closed,10/27/2025,07/16/2025,07/21/2025,10/29/2025,09/23/2025,2025,959.00,959.00,0.00,0.00,959.00,0.00,0.00,83,1,10,30,20,20,0,7,0,0,2,0,0,0,456209,0,456209,0,0,0,0,,10/29/2025,04/16/2024,07/15/2025,01/25/2022,09/09/9999
F015955,5056912,0500344,C4269,"EZ Refractories, LLC",Contractor,M,M6642,000629149,104(a),Y,,Y,N,62.130,Citation,Regular,Closed,10/11/2025,07/16/2025,07/21/2025,10/31/2025,09/24/2025,2025,432.00,432.00,0.00,0.00,432.00,0.00,0.00,73,1,10,30,20,12,0,4,0,0,0,0,0,0,51099,0,51099,0,0,0,0,,10/31/2025,04/16/2024,07/15/2025,08/28/2023,09/09/9999
F015955,5056916,0500344,0093625,"CEMEX Construction Materials South, LLC",Operator,M,M6642,000627811,104(a),N,,Y,N,56.5001(a)/56.5005,Citation,Regular,Closed,10/17/2025,07/16/2025,08/04/2025,10/24/2025,09/09/2025,2025,313.00,313.00,0.00,0.00,313.00,0.00,0.00,69,1,10,10,20,0,0,50,41,1.22,12,0,0,0,220696,0,220696,7,6131091,0,6131091,9,10/24/2025,04/16/2024,07/15/2025,07/22/2015,09/09/9999
F00425E,8713863,0500344,0093625,"CEMEX Construction Materials South, LLC",Operator,M,M6642,000634127,104(a),N,,Y,N,56.20003(a),Citation,Regular,Closed,02/28/2026,11/12/2025,11/12/2025,03/07/2026,01/06/2026,2026,1126.00,1126.00,0.00,0.00,1126.00,0.00,0.00,85,1,5,10,20,0,0,56,36,1.56,16,12,.333,17,220696,0,220696,7,6131091,0,6131091,9,03/07/2026,08/12/2024,11/11/2025,07/22/2015,09/09/9999
F00425E,8713862,0500344,0093625,"CEMEX Construction Materials South, LLC",Operator,M,M6642,000634127,104(a),N,,Y,N,56.14112(b),Citation,Regular,Closed,02/28/2026,11/12/2025,11/12/2025,03/07/2026,01/06/2026,2026,432.00,432.00,0.00,0.00,432.00,0.00,0.00,73,1,10,10,20,0,0,56,36,1.56,16,5,.139,0,220696,0,220696,7,6131091,0,6131091,9,03/07/2026,08/12/2024,11/11/2025,07/22/2015,09/09/9999
F00425E,5053824,0500344,0093625,"CEMEX Construction Materials South, LLC",Operator,M,M6642,000634127,104(a),N,,Y,N,56.4402,Citation,Regular,Closed,02/28/2026,11/12/2025,11/12/2025,03/07/2026,01/06/2026,2026,288.00,288.00,0.00,0.00,288.00,0.00,0.00,68,1,5,10,20,0,0,56,36,1.56,16,0,0,0,220696,0,220696,7,6131091,0,6131091,9,03/07/2026,08/12/2024,11/11/2025,07/22/2015,09/09/9999
F00425E,5053825,0500344,0093625,"CEMEX Construction Materials South, LLC",Operator,M,M6642,000634127,104(a),N,,Y,N,56.4101,Citation,Regular,Closed,02/28/2026,11/12/2025,11/12/2025,03/07/2026,01/06/2026,2026,288.00,288.00,0.00,0.00,288.00,0.00,0.00,68,1,5,10,20,0,0,56,36,1.56,16,0,0,0,220696,0,220696,7,6131091,0,6131091,9,03/07/2026,08/12/2024,11/11/2025,07/22/2015,09/09/9999
F00425E,5053826,0500344,0093625,"CEMEX Construction Materials South, LLC",Operator,M,M6642,000634127,104(a),N,,Y,N,56.12018,Citation,Regular,Closed,02/28/2026,11/12/2025,11/12/2025,03/07/2026,01/06/2026,2026,288.00,288.00,0.00,0.00,288.00,0.00,0.00,68,1,5,10,20,0,0,56,36,1.56,16,0,0,0,220696,0,220696,7,6131091,0,6131091,9,03/07/2026,08/12/2024,11/11/2025,07/22/2015,09/09/9999
F00425E,5053827,0500344,B9871,Pro Millwright & Welding LLC,Contractor,M,M6642,000633680,104(a),N,,Y,N,56.20011,Citation,Regular,Closed,01/18/2026,11/12/2025,11/12/2025,02/02/2026,12/26/2025,2026,151.00,151.00,0.00,0.00,151.00,0.00,0.00,48,1,5,10,20,12,0,3,0,0,0,0,0,0,51311,0,51311,0,0,0,0,,02/02/2026,08/12/2024,11/11/2025,11/12/2025,09/09/9999
F00425E,5053828,0500344,B9871,Pro Millwright & Welding LLC,Contractor,M,M6642,000633680,104(a),N,,Y,N,56.4200(a)(1),Citation,Regular,Closed,01/18/2026,11/12/2025,11/12/2025,02/02/2026,12/26/2025,2026,151.00,151.00,0.00,0.00,151.00,0.00,0.00,48,1,5,10,20,12,0,3,0,0,0,0,0,0,51311,0,51311,0,0,0,0,,02/02/2026,08/12/2024,11/11/2025,11/12/2025,09/09/9999
F00425E,5053829,0500344,B9871,Pro Millwright & Welding LLC,Contractor,M,M6642,000633680,104(a),N,,Y,N,56.4200(a)(2),Citation,Regular,Closed,01/18/2026,11/12/2025,11/12/2025,02/02/2026,12/26/2025,2026,151.00,151.00,0.00,0.00,151.00,0.00,0.00,48,1,5,10,20,12,0,3,0,0,0,0,0,0,51311,0,51311,0,0,0,0,,02/02/2026,08/12/2024,11/11/2025,11/12/2025,09/09/9999
F00425E,8713861,0500344,0093625,"CEMEX Construction Materials South, LLC",Operator,M,M6642,000634127,104(a),N,,Y,N,56.4200(b)(2),Citation,Regular,Closed,02/28/2026,11/12/2025,11/12/2025,03/07/2026,01/06/2026,2026,288.00,288.00,0.00,0.00,288.00,0.00,0.00,68,1,5,10,20,0,0,56,36,1.56,16,0,0,0,220696,0,220696,7,6131091,0,6131091,9,03/07/2026,08/12/2024,11/11/2025,07/22/2015,09/09/9999
F00425E,5053830,0500344,0093625,"CEMEX Construction Materials South, LLC",Operator,M,M6642,000634127,104(a),N,,Y,N,56.4602,Citation,Regular,Closed,02/28/2026,11/13/2025,11/13/2025,03/07/2026,01/06/2026,2026,245.00,245.00,0.00,0.00,245.00,0.00,0.00,66,1,5,10,20,0,0,56,39,1.44,14,0,0,0,220696,0,220696,7,6131091,0,6131091,9,03/07/2026,08/13/2024,11/12/2025,07/22/2015,09/09/9999
F00425E,5056884,0500344,0093625,"CEMEX Construction Materials South, LLC",Operator,M,M6642,000634127,104(a),Y,,Y,N,56.14112(b),Citation,Regular,Closed,02/28/2026,11/17/2025,11/17/2025,03/07/2026,01/06/2026,2026,1818.00,1818.00,0.00,0.00,1818.00,0.00,0.00,91,1,10,30,20,0,0,56,40,1.4,14,5,.125,0,220696,0,220696,7,6131091,0,6131091,9,03/07/2026,08/17/2024,11/16/2025,07/22/2015,09/09/9999
F00425E,5056885,0500344,0093625,"CEMEX Construction Materials South, LLC",Operator,M,M6642,000634127,104(a),N,,Y,N,56.14107(a),Citation,Regular,Closed,02/28/2026,11/17/2025,11/17/2025,03/07/2026,01/06/2026,2026,366.00,366.00,0.00,0.00,366.00,0.00,0.00,71,1,10,10,20,0,0,56,40,1.4,14,1,.025,0,220696,0,220696,7,6131091,0,6131091,9,03/07/2026,08/17/2024,11/16/2025,07/22/2015,09/09/9999
F00425E,5056886,0500344,0093625,"CEMEX Construction Materials South, LLC",Operator,M,M6642,000634127,104(a),N,,Y,N,56.14205,Citation,Regular,Closed,02/28/2026,11/17/2025,11/17/2025,03/07/2026,01/06/2026,2026,245.00,245.00,0.00,0.00,245.00,0.00,0.00,66,1,5,10,20,0,0,56,40,1.4,14,1,.025,0,220696,0,220696,7,6131091,0,6131091,9,03/07/2026,08/17/2024,11/16/2025,07/22/2015,09/09/9999
F0345B6,5213129,0500344,0093625,"CEMEX Construction Materials South, LLC",Operator,M,M6642,000648224,104(a),Y,,Y,N,56.20003(a),Citation,Regular,Received,09/18/2026,07/15/2026,07/15/2026,10/17/2026,09/10/2026,2026,4749.00,4749.00,0.00,0.00,0.00,0.00,0.00,103,1,5,30,20,0,0,35,26,1.35,14,8,.308,17,234223,0,234223,7,6558457,0,6558457,9,10/17/2026,04/15/2025,07/14/2026,07/22/2015,09/09/9999
F0345B6,5213128,0500344,0093625,"CEMEX Construction Materials South, LLC",Operator,M,M6642,000648224,104(a),Y,,Y,N,56.20003(a),Citation,Regular,Received,09/18/2026,07/15/2026,07/15/2026,10/17/2026,09/10/2026,2026,4749.00,4749.00,0.00,0.00,0.00,0.00,0.00,103,1,5,30,20,0,0,35,26,1.35,14,8,.308,17,234223,0,234223,7,6558457,0,6558457,9,10/17/2026,04/15/2025,07/14/2026,07/22/2015,09/09/9999
F0345B6,5213127,0500344,0093625,"CEMEX Construction Materials South, LLC",Operator,M,M6642,000648224,104(a),N,,Y,N,56.14107(a),Citation,Regular,Received,09/18/2026,07/15/2026,07/15/2026,10/17/2026,09/10/2026,2026,366.00,366.00,0.00,0.00,0.00,0.00,0.00,71,1,10,10,20,0,0,35,26,1.35,14,1,.038,0,234223,0,234223,7,6558457,0,6558457,9,10/17/2026,04/15/2025,07/14/2026,07/22/2015,09/09/9999
F0345B6,5213141,0500344,0093625,"CEMEX Construction Materials South, LLC",Operator,M,M6642,000648224,104(d)(1),Y,,Y,N,56.14100(b),Citation,Regular,Received,09/18/2026,07/16/2026,07/16/2026,10/17/2026,09/10/2026,2026,12403.00,12403.00,0.00,0.00,0.00,0.00,0.00,115,2,20,30,35,0,0,35,27,1.3,12,0,0,0,234223,0,234223,7,6558457,0,6558457,9,10/17/2026,04/16/2025,07/15/2026,07/22/2015,09/09/9999
F0345B6,5213131,0500344,0093625,"CEMEX Construction Materials South, LLC",Operator,M,M6642,000648224,104(a),N,,Y,N,56.12028,Citation,Regular,Received,09/18/2026,07/16/2026,07/16/2026,10/17/2026,09/10/2026,2026,209.00,209.00,0.00,0.00,0.00,0.00,0.00,64,1,5,10,20,0,0,35,27,1.3,12,0,0,0,234223,0,234223,7,6558457,0,6558457,9,10/17/2026,04/16/2025,07/15/2026,07/22/2015,09/09/9999
F0345B6,5213130,0500344,0093625,"CEMEX Construction Materials South, LLC",Operator,M,M6642,000648224,104(a),N,,Y,N,56.14115(a),Citation,Regular,Received,09/18/2026,07/16/2026,07/16/2026,10/17/2026,09/10/2026,2026,313.00,313.00,0.00,0.00,0.00,0.00,0.00,69,1,10,10,20,0,0,35,27,1.3,12,0,0,0,234223,0,234223,7,6558457,0,6558457,9,10/17/2026,04/16/2025,07/15/2026,07/22/2015,09/09/9999
F0345B6,5213132,0500344,C4269,"EZ Refractories, LLC",Contractor,M,M6642,000647107,104(a),Y,,Y,N,56.14213(a),Citation,Regular,Received,09/19/2026,07/17/2026,07/17/2026,09/25/2026,08/19/2026,2026,1679.00,1679.00,0.00,0.00,0.00,0.00,0.00,90,6,10,30,20,14,0,15,0,0,10,0,0,0,91469,0,91469,0,0,0,0,,09/25/2026,04/17/2025,07/16/2026,08/28/2023,09/09/9999
F0345B6,5213134,0500344,0093625,"CEMEX Construction Materials South, LLC",Operator,M,M6642,000648224,104(a),Y,,Y,N,56.18002(a),Citation,Regular,Received,09/18/2026,07/17/2026,07/17/2026,10/17/2026,09/10/2026,2026,3448.00,3448.00,0.00,0.00,0.00,0.00,0.00,99,1,5,30,35,0,0,35,29,1.21,12,0,0,0,234223,0,234223,7,6558457,0,6558457,9,10/17/2026,04/17/2025,07/16/2026,07/22/2015,09/09/9999
F0345B6,5213142,0500344,0093625,"CEMEX Construction Materials South, LLC",Operator,M,M6642,000648224,104(a),Y,,Y,N,56.14205,Citation,Regular,Received,09/18/2026,07/17/2026,07/17/2026,10/17/2026,09/10/2026,2026,11450.00,11450.00,0.00,0.00,0.00,0.00,0.00,114,1,20,30,35,0,0,35,29,1.21,12,1,.034,0,234223,0,234223,7,6558457,0,6558457,9,10/17/2026,04/17/2025,07/16/2026,07/22/2015,09/09/9999
F0345B6,5210489,0500344,0093625,"CEMEX Construction Materials South, LLC",Operator,M,M6642,000648224,104(a),N,,Y,N,56.14115,Citation,Regular,Received,09/18/2026,07/20/2026,07/20/2026,10/17/2026,09/10/2026,2026,313.00,313.00,0.00,0.00,0.00,0.00,0.00,69,1,10,10,20,0,0,35,30,1.17,12,0,0,0,234223,0,234223,7,6558457,0,6558457,9,10/17/2026,04/20/2025,07/19/2026,07/22/2015,09/09/9999
F0345B6,5213133,0500344,0093625,"CEMEX Construction Materials South, LLC",Operator,M,M6642,000648224,104(a),N,,Y,N,56.12028,Citation,Regular,Received,09/18/2026,07/20/2026,07/20/2026,10/17/2026,09/10/2026,2026,151.00,151.00,0.00,0.00,0.00,0.00,0.00,54,1,5,10,10,0,0,35,30,1.17,12,0,0,0,234223,0,234223,7,6558457,0,6558457,9,10/17/2026,04/20/2025,07/19/2026,07/22/2015,09/09/9999
F0345B6,5210488,0500344,0093625,"CEMEX Construction Materials South, LLC",Operator,M,M6642,000648224,104(a),N,,Y,N,56.12004,Citation,Regular,Received,09/18/2026,07/20/2026,07/20/2026,10/17/2026,09/10/2026,2026,209.00,209.00,0.00,0.00,0.00,0.00,0.00,64,1,5,10,20,0,0,35,30,1.17,12,2,.067,0,234223,0,234223,7,6558457,0,6558457,9,10/17/2026,04/20/2025,07/19/2026,07/22/2015,09/09/9999
F0345B6,5213139,0500344,0093625,"CEMEX Construction Materials South, LLC",Operator,M,M6642,000648224,104(a),N,,Y,N,56.12028,Citation,Regular,Received,09/18/2026,07/21/2026,07/21/2026,10/17/2026,09/10/2026,2026,151.00,151.00,0.00,0.00,0.00,0.00,0.00,54,1,5,10,10,0,0,35,31,1.13,12,0,0,0,234223,0,234223,7,6558457,0,6558457,9,10/17/2026,04/21/2025,07/20/2026,07/22/2015,09/09/9999
F0345B6,5210491,0500344,0093625,"CEMEX Construction Materials South, LLC",Operator,M,M6642,000648224,104(a),Y,,Y,N,56.11027,Citation,Regular,Received,09/18/2026,07/21/2026,07/21/2026,10/17/2026,09/10/2026,2026,5144.00,5144.00,0.00,0.00,0.00,0.00,0.00,104,1,10,30,35,0,0,35,31,1.13,12,0,0,0,234223,0,234223,7,6558457,0,6558457,9,10/17/2026,04/21/2025,07/20/2026,07/22/2015,09/09/9999
F0345B6,5210490,0500344,0093625,"CEMEX Construction Materials South, LLC",Operator,M,M6642,000648224,104(a),N,,Y,N,56.11001,Citation,Regular,Received,09/18/2026,07/21/2026,07/21/2026,10/17/2026,09/10/2026,2026,697.00,697.00,0.00,0.00,0.00,0.00,0.00,79,1,5,10,35,0,0,35,31,1.13,12,0,0,0,234223,0,234223,7,6558457,0,6558457,9,10/17/2026,04/21/2025,07/20/2026,07/22/2015,09/09/9999
F0345B6,5213135,0500344,0093625,"CEMEX Construction Materials South, LLC",Operator,M,M6642,000648224,104(a),N,,Y,N,56.12008,Citation,Regular,Received,09/18/2026,07/21/2026,07/21/2026,10/17/2026,09/10/2026,2026,209.00,209.00,0.00,0.00,0.00,0.00,0.00,64,1,5,10,20,0,0,35,31,1.13,12,0,0,0,234223,0,234223,7,6558457,0,6558457,9,10/17/2026,04/21/2025,07/20/2026,07/22/2015,09/09/9999
F0345B6,5213136,0500344,0093625,"CEMEX Construction Materials South, LLC",Operator,M,M6642,000648224,104(a),N,,Y,N,56.16003,Citation,Regular,Received,09/18/2026,07/21/2026,07/21/2026,10/17/2026,09/10/2026,2026,755.00,755.00,0.00,0.00,0.00,0.00,0.00,80,2,20,10,20,0,0,35,31,1.13,12,1,.032,0,234223,0,234223,7,6558457,0,6558457,9,10/17/2026,04/21/2025,07/20/2026,07/22/2015,09/09/9999
F0345B6,5213137,0500344,0093625,"CEMEX Construction Materials South, LLC",Operator,M,M6642,000648224,104(a),N,,Y,N,56.12028,Citation,Regular,Received,09/18/2026,07/21/2026,07/21/2026,10/17/2026,09/10/2026,2026,209.00,209.00,0.00,0.00,0.00,0.00,0.00,64,1,5,10,20,0,0,35,31,1.13,12,0,0,0,234223,0,234223,7,6558457,0,6558457,9,10/17/2026,04/21/2025,07/20/2026,07/22/2015,09/09/9999
F0345B6,5213138,0500344,0093625,"CEMEX Construction Materials South, LLC",Operator,M,M6642,000648224,104(a),N,,Y,N,56.12030,Citation,Regular,Received,09/18/2026,07/21/2026,07/21/2026,10/17/2026,09/10/2026,2026,209.00,209.00,0.00,0.00,0.00,0.00,0.00,64,1,5,10,20,0,0,35,31,1.13,12,0,0,0,234223,0,234223,7,6558457,0,6558457,9,10/17/2026,04/21/2025,07/20/2026,07/22/2015,09/09/9999
F0345B6,5213140,0500344,0093625,"CEMEX Construction Materials South, LLC",Operator,M,M6642,000648224,104(a),N,,Y,N,56.12028,Citation,Regular,Received,09/18/2026,07/21/2026,07/21/2026,10/17/2026,09/10/2026,2026,151.00,151.00,0.00,0.00,0.00,0.00,0.00,54,1,5,10,10,0,0,35,31,1.13,12,0,0,0,234223,0,234223,7,6558457,0,6558457,9,10/17/2026,04/21/2025,07/20/2026,07/22/2015,09/09/9999
F0345B6,5213145,0500344,0093625,"CEMEX Construction Materials South, LLC",Operator,M,M6642,000648224,104(a),N,,Y,N,56.12002,Citation,Regular,Received,09/18/2026,07/22/2026,07/22/2026,10/17/2026,09/10/2026,2026,267.00,267.00,0.00,0.00,0.00,0.00,0.00,67,1,10,10,20,0,0,35,32,1.09,10,0,0,0,234223,0,234223,7,6558457,0,6558457,9,10/17/2026,04/22/2025,07/21/2026,07/22/2015,09/09/9999
F0345B6,5213144,0500344,0093625,"CEMEX Construction Materials South, LLC",Operator,M,M6642,000648224,104(a),Y,,Y,N,56.15001,Citation,Regular,Received,09/18/2026,07/22/2026,07/22/2026,10/17/2026,09/10/2026,2026,883.00,883.00,0.00,0.00,0.00,0.00,0.00,82,1,5,30,20,0,0,35,32,1.09,10,0,0,0,234223,0,234223,7,6558457,0,6558457,9,10/17/2026,04/22/2025,07/21/2026,07/22/2015,09/09/9999
F0345B6,5210492,0500344,0093625,"CEMEX Construction Materials South, LLC",Operator,M,M6642,000648224,104(a),N,,Y,N,56.12004,Citation,Regular,Received,09/18/2026,07/22/2026,07/22/2026,10/17/2026,09/10/2026,2026,177.00,177.00,0.00,0.00,0.00,0.00,0.00,62,1,5,10,20,0,0,35,32,1.09,10,2,.063,0,234223,0,234223,7,6558457,0,6558457,9,10/17/2026,04/22/2025,07/21/2026,07/22/2015,09/09/9999
F0345B6,5210493,0500344,0093625,"CEMEX Construction Materials South, LLC",Operator,M,M6642,000648224,104(a),N,,Y,N,56.14109(a),Citation,Regular,Received,09/18/2026,07/22/2026,07/22/2026,10/17/2026,09/10/2026,2026,267.00,267.00,0.00,0.00,0.00,0.00,0.00,67,1,10,10,20,0,0,35,32,1.09,10,0,0,0,234223,0,234223,7,6558457,0,6558457,9,10/17/2026,04/22/2025,07/21/2026,07/22/2015,09/09/9999
F0345B6,5213143,0500344,0093625,"CEMEX Construction Materials South, LLC",Operator,M,M6642,000648224,104(a),Y,,Y,N,56.11001,Citation,Regular,Received,09/18/2026,07/22/2026,07/22/2026,10/17/2026,09/10/2026,2026,1431.00,1431.00,0.00,0.00,0.00,0.00,0.00,88,2,20,30,10,0,0,35,32,1.09,10,0,0,0,234223,0,234223,7,6558457,0,6558457,9,10/17/2026,04/22/2025,07/21/2026,07/22/2015,09/09/9999
F0345B6,5213146,0500344,0093625,"CEMEX Construction Materials South, LLC",Operator,M,M6642,000648224,104(a),Y,,Y,N,56.20003(a),Citation,Regular,Received,09/18/2026,07/27/2026,07/27/2026,10/17/2026,09/10/2026,2026,2936.00,2936.00,0.00,0.00,0.00,0.00,0.00,97,1,5,30,20,0,0,35,35,1,10,8,.229,15,234223,0,234223,7,6558457,0,6558457,9,10/17/2026,04/27/2025,07/26/2026,07/22/2015,09/09/9999
F0345B6,5213147,0500344,0093625,"CEMEX Construction Materials South, LLC",Operator,M,M6642,000648224,104(a),N,,Y,N,46.9(a),Citation,Regular,Received,09/18/2026,07/27/2026,07/27/2026,10/17/2026,09/10/2026,2026,151.00,151.00,0.00,0.00,0.00,0.00,0.00,46,0,0,0,20,0,0,35,35,1,10,0,0,0,234223,0,234223,7,6558457,0,6558457,9,10/17/2026,04/27/2025,07/26/2026,07/22/2015,09/09/9999
F0345B6,5213148,0500344,0093625,"CEMEX Construction Materials South, LLC",Operator,M,M6642,000648224,104(a),N,,Y,N,56.23003(b),Citation,Regular,Received,09/18/2026,07/27/2026,07/27/2026,10/17/2026,09/10/2026,2026,151.00,151.00,0.00,0.00,0.00,0.00,0.00,46,0,0,0,20,0,0,35,35,1,10,0,0,0,234223,0,234223,7,6558457,0,6558457,9,10/17/2026,04/27/2025,07/26/2026,07/22/2015,09/09/9999
F0345B6,5213150,0500344,C4269,"EZ Refractories, LLC",Contractor,M,M6642,000649269,104(a),Y,,Y,N,56.11001,Citation,Regular,Printed,09/23/2026,07/28/2026,07/28/2026,,09/23/2026,2026,3736.00,3736.00,0.00,0.00,0.00,0.00,0.00,100,6,5,30,35,14,0,15,0,0,10,0,0,0,91469,0,91469,0,0,0,0,,,04/28/2025,07/27/2026,08/28/2023,09/09/9999
F0345B6,5213149,0500344,0093625,"CEMEX Construction Materials South, LLC",Operator,M,M6642,000648224,104(a),Y,,Y,N,56.11001,Citation,Regular,Received,09/18/2026,07/28/2026,07/28/2026,10/17/2026,09/10/2026,2026,4383.00,4383.00,0.00,0.00,0.00,0.00,0.00,102,6,5,30,35,0,0,35,38,.92,10,0,0,0,234223,0,234223,7,6558457,0,6558457,9,10/17/2026,04/28/2025,07/27/2026,07/22/2015,09/09/9999
F0345B6,5213151,0500344,0093625,"CEMEX Construction Materials South, LLC",Operator,M,M6642,000648224,104(a),N,,Y,N,56.12028,Citation,Regular,Received,09/18/2026,07/28/2026,07/28/2026,10/17/2026,09/10/2026,2026,177.00,177.00,0.00,0.00,0.00,0.00,0.00,62,1,5,10,20,0,0,35,38,.92,10,0,0,0,234223,0,234223,7,6558457,0,6558457,9,10/17/2026,04/28/2025,07/27/2026,07/22/2015,09/09/9999
