EVENT_NO,INSPECTION_BEGIN_DT,INSPECTION_END_DT,VIOLATION_NO,CONTROLLER_ID,CONTROLLER_NAME,VIOLATOR_ID,VIOLATOR_NAME,VIOLATOR_TYPE_CD,MINE_ID,MINE_NAME,MINE_TYPE,COAL_METAL_IND,CONTRACTOR_ID,VIOLATION_ISSUE_DT,VIOLATION_OCCUR_DT,CAL_YR,CAL_QTR,FISCAL_YR,FISCAL_QTR,VIOLATION_ISSUE_TIME,SIG_SUB,SECTION_OF_ACT,PART_SECTION,SECTION_OF_ACT_1,SECTION_OF_ACT_2,CIT_ORD_SAFE,ORIG_TERM_DUE_DT,ORIG_TERM_DUE_TIME,LATEST_TERM_DUE_DT,LATEST_TERM_DUE_TIME,TERMINATION_DT,TERMINATION_TIME,TERMINATION_TYPE,VACATE_DT,VACATE_TIME,INITIAL_VIOL_NO,REPLACED_BY_ORDER_NO,LIKELIHOOD,INJ_ILLNESS,NO_AFFECTED,NEGLIGENCE,WRITTEN_NOTICE,ENFORCEMENT_AREA,SPECIAL_ASSESS,PRIMARY_OR_MILL,RIGHT_TO_CONF_DT,ASMT_GENERATED_IND,FINAL_ORDER_ISSUE_DT,PROPOSED_PENALTY,AMOUNT_DUE,AMOUNT_PAID,BILL_PRINT_DT,LAST_ACTION_CD,LAST_ACTION_DT,DOCKET_NO,DOCKET_STATUS_CD,CONTESTED_IND,CONTESTED_DT,VIOLATOR_VIOLATION_CNT,VIOLATOR_INSPECTION_DAY_CNT
6693598,03/04/2015,03/12/2015,8831343,M09149,Cemex S A,L18165,Cemex Inc,Operator,0500344,Lyons Cement Plant Cemex Inc,Facility,M,,03/04/2015,03/04/2015,2015,1,2015,2,1213,N,,56.4104(b),104(a),,Citation,03/05/2015,1230,03/05/2015,1230,03/04/2015,1215,Terminated,,,,,Unlikely,LostDays,1,ModNegligence,,,N,Primary,,N,06/14/2015,108,108,108,04/28/2015,Paid,06/10/2015,,,N,,26,25
6693598,03/04/2015,03/12/2015,8831344,M09149,Cemex S A,L18165,Cemex Inc,Operator,0500344,Lyons Cement Plant Cemex Inc,Facility,M,,03/04/2015,03/04/2015,2015,1,2015,2,1350,N,,56.12004,104(a),,Citation,03/04/2015,1430,03/04/2015,1430,03/05/2015,1500,Terminated,,,,,Unlikely,LostDays,1,ModNegligence,,,N,Primary,,N,06/14/2015,108,108,108,04/28/2015,Paid,06/10/2015,,,N,,26,25
6693598,03/04/2015,03/12/2015,8831345,M09149,Cemex S A,L18165,Cemex Inc,Operator,0500344,Lyons Cement Plant Cemex Inc,Facility,M,,03/04/2015,03/04/2015,2015,1,2015,2,1415,N,,56.11012,104(a),,Citation,03/04/2015,1800,03/04/2015,1800,03/05/2015,1050,Terminated,,,,,Unlikely,LostDays,1,ModNegligence,,,N,Primary,,N,06/14/2015,108,108,108,04/28/2015,Paid,06/10/2015,,,N,,26,25
6693598,03/04/2015,03/12/2015,8831342,M09149,Cemex S A,L18165,Cemex Inc,Operator,0500344,Lyons Cement Plant Cemex Inc,Facility,M,,03/04/2015,03/04/2015,2015,1,2015,2,1155,N,,56.14100(b),104(a),,Citation,03/05/2015,1215,03/05/2015,1215,03/04/2015,1200,Terminated,,,,,Unlikely,LostDays,1,ModNegligence,,,Y,Primary,,N,06/14/2015,108,108,108,04/28/2015,Paid,06/10/2015,,,N,,26,25
6693598,03/04/2015,03/12/2015,8831348,M09149,Cemex S A,L18165,Cemex Inc,Operator,0500344,Lyons Cement Plant Cemex Inc,Facility,M,,03/05/2015,03/05/2015,2015,1,2015,2,0855,N,,56.14207,104(a),,Citation,03/05/2015,0900,03/05/2015,0900,03/05/2015,0857,Terminated,,,,,Unlikely,Permanent,1,ModNegligence,,,Y,Mill,,N,06/14/2015,162,162,162,04/28/2015,Paid,06/10/2015,,,N,,26,27
6693598,03/04/2015,03/12/2015,8831346,M09149,Cemex S A,L18165,Cemex Inc,Operator,0500344,Lyons Cement Plant Cemex Inc,Facility,M,,03/05/2015,03/05/2015,2015,1,2015,2,0730,N,,56.4502(a),104(a),,Citation,03/05/2015,1300,03/05/2015,1300,03/09/2015,0730,Terminated,,,,,Unlikely,LostDays,1,ModNegligence,,,N,Primary,,N,06/14/2015,108,108,108,04/28/2015,Paid,06/10/2015,,,N,,26,27
6693598,03/04/2015,03/12/2015,8831347,M09149,Cemex S A,L18165,Cemex Inc,Operator,0500344,Lyons Cement Plant Cemex Inc,Facility,M,,03/05/2015,03/05/2015,2015,1,2015,2,0830,Y,,56.11016,104(a),,Citation,03/05/2015,0900,03/05/2015,0900,03/05/2015,0845,Terminated,,,,,Reasonably,LostDays,1,ModNegligence,,,N,Mill,,N,06/14/2015,540,540,540,04/28/2015,Paid,06/10/2015,,,N,,26,27
6693598,03/04/2015,03/12/2015,8831349,M09149,Cemex S A,L18165,Cemex Inc,Operator,0500344,Lyons Cement Plant Cemex Inc,Facility,M,,03/05/2015,03/05/2015,2015,1,2015,2,0915,N,,56.12030,104(a),,Citation,03/05/2015,1230,03/05/2015,1230,03/10/2015,0910,Terminated,,,,,Unlikely,LostDays,1,ModNegligence,,,N,Mill,,N,06/14/2015,108,108,108,04/28/2015,Paid,06/10/2015,,,N,,26,27
6693598,03/04/2015,03/12/2015,8831350,M09149,Cemex S A,L18165,Cemex Inc,Operator,0500344,Lyons Cement Plant Cemex Inc,Facility,M,,03/05/2015,03/05/2015,2015,1,2015,2,0945,N,,56.14112(b),104(a),,Citation,03/05/2015,1230,03/05/2015,1230,03/10/2015,0850,Terminated,,,,,Unlikely,LostDays,1,ModNegligence,,,N,Mill,,N,06/14/2015,108,108,108,04/28/2015,Paid,06/10/2015,,,N,,26,27
6693598,03/04/2015,03/12/2015,8831352,M09149,Cemex S A,L18165,Cemex Inc,Operator,0500344,Lyons Cement Plant Cemex Inc,Facility,M,,03/10/2015,03/10/2015,2015,1,2015,2,1003,N,,56.14207,104(a),,Citation,03/10/2015,1015,03/10/2015,1015,03/10/2015,1005,Terminated,,,,,Unlikely,Permanent,1,ModNegligence,,,Y,Mill,,N,06/14/2015,162,162,162,04/28/2015,Paid,06/10/2015,,,N,,26,28
6693598,03/04/2015,03/12/2015,8831351,M09149,Cemex S A,L18165,Cemex Inc,Operator,0500344,Lyons Cement Plant Cemex Inc,Facility,M,,03/10/2015,03/10/2015,2015,1,2015,2,0925,Y,,56.14107(a),104(a),,Citation,03/10/2015,1200,03/10/2015,1200,03/11/2015,1115,Terminated,,,,,Reasonably,Permanent,1,ModNegligence,,,N,Mill,,N,06/14/2015,807,807,807,04/28/2015,Paid,06/10/2015,,,N,,26,28
6693598,03/04/2015,03/12/2015,8831353,M09149,Cemex S A,L18165,Cemex Inc,Operator,0500344,Lyons Cement Plant Cemex Inc,Facility,M,,03/11/2015,03/11/2015,2015,1,2015,2,0810,Y,,56.16001,104(a),,Citation,03/11/2015,0830,03/11/2015,0830,03/11/2015,0815,Terminated,,,,,Reasonably,LostDays,1,ModNegligence,,,N,Mill,,N,06/14/2015,460,460,460,04/28/2015,Paid,06/10/2015,,,N,,26,29
6693598,03/04/2015,03/12/2015,8831354,M09149,Cemex S A,L18165,Cemex Inc,Operator,0500344,Lyons Cement Plant Cemex Inc,Facility,M,,03/11/2015,03/11/2015,2015,1,2015,2,0925,N,,56.13021,104(a),,Citation,03/11/2015,1000,03/11/2015,1000,03/11/2015,0930,Terminated,,,,,Unlikely,LostDays,1,ModNegligence,,,N,Mill,,N,06/14/2015,100,100,100,04/28/2015,Paid,06/10/2015,,,N,,26,29
6693598,03/04/2015,03/12/2015,8831355,M09149,Cemex S A,L18165,Cemex Inc,Operator,0500344,Lyons Cement Plant Cemex Inc,Facility,M,,03/11/2015,03/11/2015,2015,1,2015,2,0950,N,,56.12004,104(a),,Citation,03/11/2015,1200,03/11/2015,1200,03/11/2015,1130,Terminated,,,,,Unlikely,LostDays,1,ModNegligence,,,N,Mill,,N,06/14/2015,100,100,100,04/28/2015,Paid,06/10/2015,,,N,,26,29
6693598,03/04/2015,03/12/2015,8831356,M09149,Cemex S A,L18165,Cemex Inc,Operator,0500344,Lyons Cement Plant Cemex Inc,Facility,M,,03/11/2015,03/11/2015,2015,1,2015,2,1225,N,,56.14101(a)(2),104(a),,Citation,03/11/2015,1600,03/11/2015,1600,03/12/2015,1000,Terminated,,,,,Unlikely,Fatal,1,ModNegligence,,,Y,Primary,,N,06/14/2015,308,308,308,04/28/2015,Paid,06/10/2015,,,N,,26,29
6693598,03/04/2015,03/12/2015,8831357,M09149,Cemex S A,L18165,Cemex Inc,Operator,0500344,Lyons Cement Plant Cemex Inc,Facility,M,,03/12/2015,03/12/2015,2015,1,2015,2,0855,N,,56.12068,104(a),,Citation,03/12/2015,0930,03/12/2015,0930,03/12/2015,0900,Terminated,,,,,Unlikely,Fatal,1,ModNegligence,,,N,Primary,,N,06/14/2015,308,308,308,04/28/2015,Paid,06/10/2015,,,N,,26,31
6698051,08/04/2015,08/12/2015,8831388,M09149,Cemex S A,0093625,"CEMEX Construction Materials South, LLC",Operator,0500344,Lyons Cement Plant Cemex Inc,Facility,M,,08/04/2015,08/04/2015,2015,3,2015,4,1235,N,,56.12032,104(a),,Citation,08/04/2015,1700,08/04/2015,1700,08/05/2015,0940,Terminated,,,,,Unlikely,LostDays,1,ModNegligence,,,N,Mill,,N,11/07/2015,100,100,100,10/01/2015,Paid,11/03/2015,,,N,,0,0
6698051,08/04/2015,08/12/2015,8831385,M09149,Cemex S A,0093625,"CEMEX Construction Materials South, LLC",Operator,0500344,Lyons Cement Plant Cemex Inc,Facility,M,,08/04/2015,08/04/2015,2015,3,2015,4,1055,N,,56.4104(b),104(a),,Citation,08/04/2015,1130,08/04/2015,1130,08/04/2015,1105,Terminated,,,,,Unlikely,LostDays,1,ModNegligence,,,N,Mill,,N,11/07/2015,100,100,100,10/01/2015,Paid,11/03/2015,,,N,,0,0
6698051,08/04/2015,08/12/2015,8831387,M09149,Cemex S A,0093625,"CEMEX Construction Materials South, LLC",Operator,0500344,Lyons Cement Plant Cemex Inc,Facility,M,,08/04/2015,08/04/2015,2015,3,2015,4,1220,N,,56.13021,104(a),,Citation,08/04/2015,1300,08/04/2015,1300,08/04/2015,1230,Terminated,,,,,Unlikely,LostDays,1,ModNegligence,,,N,Mill,,N,11/07/2015,100,100,100,10/01/2015,Paid,11/03/2015,,,N,,0,0
6698051,08/04/2015,08/12/2015,8831389,M09149,Cemex S A,0093625,"CEMEX Construction Materials South, LLC",Operator,0500344,Lyons Cement Plant Cemex Inc,Facility,M,,08/04/2015,08/04/2015,2015,3,2015,4,1240,Y,,56.20003(a),104(a),,Citation,08/04/2015,1330,08/04/2015,1330,08/05/2015,0945,Terminated,,,,,Reasonably,Fatal,1,ModNegligence,,,N,Mill,,N,11/07/2015,807,807,807,10/01/2015,Paid,11/03/2015,,,N,,0,0
6698051,08/04/2015,08/12/2015,8831386,M09149,Cemex S A,0093625,"CEMEX Construction Materials South, LLC",Operator,0500344,Lyons Cement Plant Cemex Inc,Facility,M,,08/04/2015,08/04/2015,2015,3,2015,4,1155,N,,56.20003(a),104(a),,Citation,08/04/2015,1500,08/04/2015,1500,08/04/2015,1300,Terminated,,,,,Unlikely,LostDays,1,ModNegligence,,,N,Mill,,N,11/07/2015,100,100,100,10/01/2015,Paid,11/03/2015,,,N,,0,0
6698051,08/04/2015,08/12/2015,8831392,M09149,Cemex S A,0093625,"CEMEX Construction Materials South, LLC",Operator,0500344,Lyons Cement Plant Cemex Inc,Facility,M,,08/05/2015,08/05/2015,2015,3,2015,4,1045,N,,56.14112(b),104(a),,Citation,08/05/2015,1230,08/05/2015,1230,08/05/2015,1135,Terminated,,,,,Unlikely,LostDays,1,ModNegligence,,,N,Mill,,N,11/07/2015,100,100,100,10/01/2015,Paid,11/03/2015,,,N,,0,2
6698051,08/04/2015,08/12/2015,8831391,M09149,Cemex S A,0093625,"CEMEX Construction Materials South, LLC",Operator,0500344,Lyons Cement Plant Cemex Inc,Facility,M,,08/05/2015,08/05/2015,2015,3,2015,4,1030,N,,56.4201(a)(1),104(a),,Citation,08/05/2015,1040,08/05/2015,1040,08/05/2015,1035,Terminated,,,,,Unlikely,LostDays,1,ModNegligence,,,N,Mill,,N,11/07/2015,100,100,100,10/01/2015,Paid,11/03/2015,,,N,,0,2
6698051,08/04/2015,08/12/2015,8831393,M09149,Cemex S A,0093625,"CEMEX Construction Materials South, LLC",Operator,0500344,Lyons Cement Plant Cemex Inc,Facility,M,,08/05/2015,08/05/2015,2015,3,2015,4,1100,N,,56.12030,104(a),,Citation,08/05/2015,1200,08/05/2015,1200,08/05/2015,1125,Terminated,,,,,Unlikely,Fatal,1,ModNegligence,,,N,Mill,,N,11/07/2015,162,162,162,10/01/2015,Paid,11/03/2015,,,N,,0,2
6698051,08/04/2015,08/12/2015,8831394,M09149,Cemex S A,0093625,"CEMEX Construction Materials South, LLC",Operator,0500344,Lyons Cement Plant Cemex Inc,Facility,M,,08/05/2015,08/05/2015,2015,3,2015,4,1145,N,,56.12032,104(a),,Citation,08/05/2015,1230,08/05/2015,1230,08/05/2015,1150,Terminated,,,,,Unlikely,LostDays,1,ModNegligence,,,N,Mill,,N,11/07/2015,100,100,100,10/01/2015,Paid,11/03/2015,,,N,,0,2
6698051,08/04/2015,08/12/2015,8831390,M09149,Cemex S A,0093625,"CEMEX Construction Materials South, LLC",Operator,0500344,Lyons Cement Plant Cemex Inc,Facility,M,,08/05/2015,08/05/2015,2015,3,2015,4,0950,N,,56.4201(a)(2),104(a),,Citation,08/05/2015,1045,08/05/2015,1045,08/05/2015,1030,Terminated,,,,,Unlikely,LostDays,1,ModNegligence,,,N,Mill,,N,11/07/2015,100,100,100,10/01/2015,Paid,11/03/2015,,,N,,0,2
6698051,08/04/2015,08/12/2015,8831396,M09149,Cemex S A,0093625,"CEMEX Construction Materials South, LLC",Operator,0500344,Lyons Cement Plant Cemex Inc,Facility,M,,08/06/2015,08/06/2015,2015,3,2015,4,1715,N,,56.11002,104(a),,Citation,08/06/2015,1900,08/06/2015,1900,08/11/2015,0915,Terminated,,,,,Unlikely,LostDays,1,ModNegligence,,,N,Mill,,N,11/07/2015,100,100,100,10/01/2015,Paid,11/03/2015,,,N,,0,3
6698051,08/04/2015,08/12/2015,8831397,M09149,Cemex S A,0093625,"CEMEX Construction Materials South, LLC",Operator,0500344,Lyons Cement Plant Cemex Inc,Facility,M,,08/06/2015,08/06/2015,2015,3,2015,4,1740,Y,,56.20003(a),104(a),,Citation,08/06/2015,2100,08/06/2015,2100,08/11/2015,0850,Terminated,,,,,Reasonably,Permanent,1,ModNegligence,,,N,Mill,,N,11/07/2015,362,362,362,10/01/2015,Paid,11/03/2015,,,N,,0,3
6698051,08/04/2015,08/12/2015,8831395,M09149,Cemex S A,0093625,"CEMEX Construction Materials South, LLC",Operator,0500344,Lyons Cement Plant Cemex Inc,Facility,M,,08/06/2015,08/06/2015,2015,3,2015,4,1510,N,,56.13021,104(a),,Citation,08/06/2015,1530,08/06/2015,1530,08/06/2015,1514,Terminated,,,,,Unlikely,LostDays,1,ModNegligence,,,N,Mill,,N,11/07/2015,100,100,100,10/01/2015,Paid,11/03/2015,,,N,,0,3
6698051,08/04/2015,08/12/2015,8831398,M09149,Cemex S A,0093625,"CEMEX Construction Materials South, LLC",Operator,0500344,Lyons Cement Plant Cemex Inc,Facility,M,,08/10/2015,08/10/2015,2015,3,2015,4,1110,N,,56.16005,104(a),,Citation,08/10/2015,1200,08/10/2015,1130,08/10/2015,1145,Terminated,,,,,Unlikely,LostDays,1,ModNegligence,,,N,Mill,,N,11/07/2015,100,100,100,10/01/2015,Paid,11/03/2015,,,N,,0,4
6698051,08/04/2015,08/12/2015,8831399,M09149,Cemex S A,0093625,"CEMEX Construction Materials South, LLC",Operator,0500344,Lyons Cement Plant Cemex Inc,Facility,M,,08/10/2015,08/10/2015,2015,3,2015,4,1120,N,,56.12004,104(a),,Citation,08/10/2015,1145,08/10/2015,1145,08/10/2015,1135,Terminated,,,,,Unlikely,LostDays,1,ModNegligence,,,N,Mill,,N,11/07/2015,100,100,100,10/01/2015,Paid,11/03/2015,,,N,,0,4
6698051,08/04/2015,08/12/2015,8831400,M09149,Cemex S A,0093625,"CEMEX Construction Materials South, LLC",Operator,0500344,Lyons Cement Plant Cemex Inc,Facility,M,,08/12/2015,08/12/2015,2015,3,2015,4,1055,N,,56.12004,104(a),,Citation,08/12/2015,1115,08/12/2015,1115,08/12/2015,1100,Terminated,,,,,Unlikely,LostDays,1,ModNegligence,,,N,Mill,,N,11/07/2015,100,100,100,10/01/2015,Paid,11/03/2015,,,N,,0,6
6698051,08/04/2015,08/12/2015,8831401,M09149,Cemex S A,0093625,"CEMEX Construction Materials South, LLC",Operator,0500344,Lyons Cement Plant Cemex Inc,Facility,M,,08/12/2015,08/12/2015,2015,3,2015,4,1145,N,,56.14130(c),104(a),,Citation,08/12/2015,1200,08/12/2015,1200,08/13/2015,1445,Terminated,,,,,NoLikelihood,NoLostDays,0,ModNegligence,,,N,Mill,,N,11/07/2015,100,100,100,10/01/2015,Paid,11/03/2015,,,N,,0,6
6699587,03/02/2016,03/11/2016,8833890,M09149,Cemex S A,0093625,"CEMEX Construction Materials South, LLC",Operator,0500344,Lyons Cement Plant Cemex Inc,Facility,M,,03/02/2016,03/02/2016,2016,1,2016,2,1148,N,,56.12028,104(a),,Citation,03/02/2016,1248,03/02/2016,1248,03/03/2016,1005,Terminated,,,,,Unlikely,LostDays,1,ModNegligence,,,N,Primary,,N,06/10/2016,362,362,362,05/05/2016,Paid,05/31/2016,,,N,,17,7
6699587,03/02/2016,03/11/2016,8833892,M09149,Cemex S A,0093625,"CEMEX Construction Materials South, LLC",Operator,0500344,Lyons Cement Plant Cemex Inc,Facility,M,,03/03/2016,03/03/2016,2016,1,2016,2,1127,N,,47.41(a),104(a),,Citation,03/03/2016,1145,03/03/2016,1145,03/03/2016,1129,Terminated,,,,,Unlikely,Permanent,0,ModNegligence,,,N,Primary,,N,06/10/2016,499,499,499,05/05/2016,Paid,05/31/2016,,,N,,17,8
6699587,03/02/2016,03/11/2016,8833891,M09149,Cemex S A,0093625,"CEMEX Construction Materials South, LLC",Operator,0500344,Lyons Cement Plant Cemex Inc,Facility,M,,03/03/2016,03/03/2016,2016,1,2016,2,0900,N,,56.11001,104(a),,Citation,03/03/2016,0930,03/03/2016,0930,03/03/2016,1137,Terminated,,,,,Unlikely,LostDays,1,ModNegligence,,,N,Primary,,N,06/10/2016,362,362,362,05/05/2016,Paid,05/31/2016,,,N,,17,8
6699587,03/02/2016,03/11/2016,8833894,M09149,Cemex S A,0093625,"CEMEX Construction Materials South, LLC",Operator,0500344,Lyons Cement Plant Cemex Inc,Facility,M,,03/08/2016,03/08/2016,2016,1,2016,2,1345,N,,56.13021,104(a),,Citation,03/08/2016,1400,03/08/2016,1400,03/08/2016,1346,Terminated,,,,,Unlikely,LostDays,1,ModNegligence,,,N,Primary,,N,06/10/2016,176,176,176,05/05/2016,Paid,05/31/2016,,,N,,17,10
6699587,03/02/2016,03/11/2016,8833895,M09149,Cemex S A,0093625,"CEMEX Construction Materials South, LLC",Operator,0500344,Lyons Cement Plant Cemex Inc,Facility,M,,03/09/2016,03/09/2016,2016,1,2016,2,0947,N,,56.14107(a),104(a),,Citation,03/09/2016,1005,03/09/2016,1005,03/09/2016,1345,Terminated,,,,,Unlikely,Permanent,1,ModNegligence,,,N,Mill,,N,06/10/2016,263,263,263,05/05/2016,Paid,05/31/2016,,,N,,17,11
6699587,03/02/2016,03/11/2016,8833897,M09149,Cemex S A,0093625,"CEMEX Construction Materials South, LLC",Operator,0500344,Lyons Cement Plant Cemex Inc,Facility,M,,03/09/2016,03/09/2016,2016,1,2016,2,1431,N,,56.12032,104(a),,Citation,03/09/2016,1500,03/09/2016,1500,03/09/2016,1500,Terminated,,,,,Unlikely,LostDays,1,ModNegligence,,,N,Primary,,N,06/10/2016,176,176,176,05/05/2016,Paid,05/31/2016,,,N,,17,11
6699587,03/02/2016,03/11/2016,8833898,M09149,Cemex S A,0093625,"CEMEX Construction Materials South, LLC",Operator,0500344,Lyons Cement Plant Cemex Inc,Facility,M,,03/09/2016,03/09/2016,2016,1,2016,2,1515,N,,56.4201(a)(2),104(a),,Citation,03/09/2016,1520,03/09/2016,1520,03/09/2016,1520,Terminated,,,,,Unlikely,Permanent,1,ModNegligence,,,N,Primary,,N,06/10/2016,263,263,263,05/05/2016,Paid,05/31/2016,,,N,,17,11
6699587,03/02/2016,03/11/2016,8833896,M09149,Cemex S A,0093625,"CEMEX Construction Materials South, LLC",Operator,0500344,Lyons Cement Plant Cemex Inc,Facility,M,,03/09/2016,03/09/2016,2016,1,2016,2,1303,N,,56.4201(a)(1),104(a),,Citation,03/09/2016,1315,03/09/2016,1315,03/09/2016,1305,Terminated,,,,,Unlikely,Permanent,1,ModNegligence,,,N,Primary,,N,06/10/2016,263,263,263,05/05/2016,Paid,05/31/2016,,,N,,17,11
6699620,05/23/2016,06/02/2016,8837825,M09149,Cemex S A,0093625,"CEMEX Construction Materials South, LLC",Operator,0500344,Lyons Cement Plant Cemex Inc,Facility,M,,05/25/2016,05/25/2016,2016,2,2016,3,1510,N,,47.44(a),104(a),,Citation,05/25/2016,1530,05/25/2016,1530,05/25/2016,1514,Terminated,,,,,Unlikely,Permanent,1,ModNegligence,,,N,Primary,,N,09/03/2016,162,162,162,06/30/2016,Paid,10/04/2016,,,N,,17,16
6699620,05/23/2016,06/02/2016,8837826,M09149,Cemex S A,0093625,"CEMEX Construction Materials South, LLC",Operator,0500344,Lyons Cement Plant Cemex Inc,Facility,M,,06/01/2016,06/01/2016,2016,2,2016,3,0831,N,,56.12028,104(a),,Citation,06/01/2016,0930,06/01/2016,0930,06/01/2016,0935,Terminated,,,,,Unlikely,LostDays,1,ModNegligence,,,N,Primary,,N,09/10/2016,124,124,124,08/04/2016,Paid,10/03/2016,,,N,,17,17
6699620,05/23/2016,06/02/2016,8837827,M09149,Cemex S A,0093625,"CEMEX Construction Materials South, LLC",Operator,0500344,Lyons Cement Plant Cemex Inc,Facility,M,,06/01/2016,06/01/2016,2016,2,2016,3,1645,N,,56.11003,104(a),,Citation,06/01/2016,1715,06/01/2016,1715,06/01/2016,1655,Terminated,,,,,Unlikely,LostDays,1,ModNegligence,,,N,Primary,,N,09/10/2016,124,124,124,08/04/2016,Paid,10/03/2016,,,N,,17,17
6699620,05/23/2016,06/02/2016,8837828,M09149,Cemex S A,0093625,"CEMEX Construction Materials South, LLC",Operator,0500344,Lyons Cement Plant Cemex Inc,Facility,M,,06/02/2016,06/02/2016,2016,2,2016,3,0923,N,,56.13021,104(a),,Citation,06/02/2016,0945,06/02/2016,0945,06/02/2016,0925,Terminated,,,,,Unlikely,LostDays,1,ModNegligence,,,N,Mill,,N,09/10/2016,114,114,114,08/04/2016,Paid,10/03/2016,,,N,,17,20
6699620,05/23/2016,06/02/2016,8837829,M09149,Cemex S A,0093625,"CEMEX Construction Materials South, LLC",Operator,0500344,Lyons Cement Plant Cemex Inc,Facility,M,,06/02/2016,06/02/2016,2016,2,2016,3,1215,N,,56.16006,104(a),,Citation,06/02/2016,1230,06/02/2016,1230,06/02/2016,1216,Terminated,,,,,Unlikely,Fatal,1,ModNegligence,,,N,Mill,,N,09/10/2016,351,351,351,08/04/2016,Paid,10/03/2016,,,N,,17,20
6699620,05/23/2016,06/02/2016,8837830,M09149,Cemex S A,0093625,"CEMEX Construction Materials South, LLC",Operator,0500344,Lyons Cement Plant Cemex Inc,Facility,M,,06/02/2016,06/02/2016,2016,2,2016,3,1342,N,,56.14107(a),104(a),,Citation,06/02/2016,1500,06/02/2016,1500,06/02/2016,1515,Terminated,,,,,Unlikely,Permanent,1,ModNegligence,,,N,Mill,,N,09/10/2016,157,157,157,08/04/2016,Paid,10/03/2016,,,N,,17,20
6775043,02/27/2017,03/09/2017,8838910,M09149,Cemex S A,0093625,"CEMEX Construction Materials South, LLC",Operator,0500344,Lyons Cement Plant Cemex Inc,Facility,M,,02/28/2017,02/28/2017,2017,1,2017,2,0910,N,,56.4201(a)(1),104(a),,Citation,02/28/2017,0925,02/28/2017,0925,02/28/2017,0917,Terminated,,,,,Unlikely,LostDays,1,ModNegligence,,,N,Primary,,N,06/09/2017,116,116,116,05/04/2017,Paid,05/23/2017,,,N,,14,16
6775043,02/27/2017,03/09/2017,8838911,M09149,Cemex S A,0093625,"CEMEX Construction Materials South, LLC",Operator,0500344,Lyons Cement Plant Cemex Inc,Facility,M,,02/28/2017,02/28/2017,2017,1,2017,2,1020,N,,56.12032,104(a),,Citation,02/28/2017,1035,02/28/2017,1035,02/28/2017,1035,Terminated,,,,,Unlikely,LostDays,1,LowNegligence,,,N,Primary,,N,06/09/2017,116,116,116,05/04/2017,Paid,05/23/2017,,,N,,14,16
6775043,02/27/2017,03/09/2017,8838912,M09149,Cemex S A,0093625,"CEMEX Construction Materials South, LLC",Operator,0500344,Lyons Cement Plant Cemex Inc,Facility,M,,02/28/2017,02/28/2017,2017,1,2017,2,1120,N,,56.12018,104(a),,Citation,02/28/2017,1135,02/28/2017,1135,02/28/2017,1133,Terminated,,,,,Unlikely,LostDays,1,ModNegligence,,,N,Primary,,N,06/09/2017,116,116,116,05/04/2017,Paid,05/23/2017,,,N,,14,16
6775043,02/27/2017,03/09/2017,8838913,M09149,Cemex S A,0093625,"CEMEX Construction Materials South, LLC",Operator,0500344,Lyons Cement Plant Cemex Inc,Facility,M,,02/28/2017,02/28/2017,2017,1,2017,2,1330,Y,,56.12041,104(a),,Citation,02/28/2017,1345,03/10/2017,1700,03/23/2017,1215,Terminated,,,,,Reasonably,Fatal,1,LowNegligence,,,N,Primary,,N,06/09/2017,795,795,795,05/04/2017,Paid,05/23/2017,,,N,,14,16
6775043,02/27/2017,03/09/2017,8838914,M09149,Cemex S A,0093625,"CEMEX Construction Materials South, LLC",Operator,0500344,Lyons Cement Plant Cemex Inc,Facility,M,,02/28/2017,02/28/2017,2017,1,2017,2,1335,Y,,56.12018,104(a),,Citation,02/28/2017,1350,02/28/2017,1350,02/28/2017,1350,Terminated,,,,,Reasonably,Fatal,1,LowNegligence,,,N,Primary,,N,06/09/2017,795,795,795,05/04/2017,Paid,05/23/2017,,,N,,14,16
6775043,02/27/2017,03/09/2017,8838915,M09149,Cemex S A,0093625,"CEMEX Construction Materials South, LLC",Operator,0500344,Lyons Cement Plant Cemex Inc,Facility,M,,02/28/2017,02/28/2017,2017,1,2017,2,1450,Y,,56.14107(a),104(a),,Citation,02/28/2017,1510,02/28/2017,1510,02/28/2017,1510,Terminated,,,,,Reasonably,Permanent,1,ModNegligence,,,N,Primary,,N,06/09/2017,795,795,795,05/04/2017,Paid,05/23/2017,,,N,,14,16
6775043,02/27/2017,03/09/2017,8838920,M09149,Cemex S A,0093625,"CEMEX Construction Materials South, LLC",Operator,0500344,Lyons Cement Plant Cemex Inc,Facility,M,,03/01/2017,03/01/2017,2017,1,2017,2,1115,N,,56.18002(a),104(a),,Citation,03/01/2017,1315,03/01/2017,1315,03/01/2017,1315,Terminated,,,,,Unlikely,Fatal,1,ModNegligence,,,N,Primary,,N,06/09/2017,356,356,356,05/04/2017,Paid,05/23/2017,,,N,,14,17
6775043,02/27/2017,03/09/2017,8838916,,,H879,Performance Drilling of Payson,Contractor,0500344,Lyons Cement Plant Cemex Inc,Facility,M,H879,03/01/2017,03/01/2017,2017,1,2017,2,1010,Y,,56.14100(a),104(a),,Citation,03/01/2017,1025,03/01/2017,1025,03/01/2017,1025,Terminated,,,,,Reasonably,Fatal,1,LowNegligence,,,N,Primary,,N,06/11/2017,126,126,126,04/19/2017,Paid,05/22/2017,,,N,,0,0
6775043,02/27/2017,03/09/2017,8838918,,,H879,Performance Drilling of Payson,Contractor,0500344,Lyons Cement Plant Cemex Inc,Facility,M,H879,03/01/2017,03/01/2017,2017,1,2017,2,1035,N,,56.4203,104(a),,Citation,03/01/2017,1050,03/01/2017,1050,03/01/2017,1050,Terminated,,,,,Unlikely,Fatal,1,ModNegligence,,,N,Primary,,N,06/11/2017,116,116,116,04/19/2017,Paid,05/22/2017,,,N,,0,0
6775043,02/27/2017,03/09/2017,8838919,,,H879,Performance Drilling of Payson,Contractor,0500344,Lyons Cement Plant Cemex Inc,Facility,M,H879,03/01/2017,03/01/2017,2017,1,2017,2,1040,N,,56.4101,104(a),,Citation,03/01/2017,1055,03/01/2017,1055,03/01/2017,1055,Terminated,,,,,Unlikely,Fatal,1,ModNegligence,,,N,Primary,,N,06/11/2017,116,116,116,04/19/2017,Paid,05/22/2017,,,N,,0,0
6775043,02/27/2017,03/09/2017,8838917,,,H879,Performance Drilling of Payson,Contractor,0500344,Lyons Cement Plant Cemex Inc,Facility,M,H879,03/01/2017,03/01/2017,2017,1,2017,2,1022,Y,,56.14132(b)(1),104(a),,Citation,03/01/2017,1040,03/01/2017,1040,03/01/2017,1040,Terminated,,,,,Reasonably,Fatal,1,ModNegligence,,,N,Primary,,N,06/11/2017,280,280,280,04/19/2017,Paid,05/22/2017,,,N,,0,0
6775043,02/27/2017,03/09/2017,8838922,M09149,Cemex S A,0093625,"CEMEX Construction Materials South, LLC",Operator,0500344,Lyons Cement Plant Cemex Inc,Facility,M,,03/06/2017,03/06/2017,2017,1,2017,2,0915,N,,56.12004,104(a),,Citation,03/06/2017,0930,03/06/2017,0930,03/06/2017,0930,Terminated,,,,,Unlikely,Fatal,1,ModNegligence,,,N,Primary,,N,06/09/2017,280,280,280,05/04/2017,Paid,05/23/2017,,,N,,14,21
6775043,02/27/2017,03/09/2017,8838921,M09149,Cemex S A,0093625,"CEMEX Construction Materials South, LLC",Operator,0500344,Lyons Cement Plant Cemex Inc,Facility,M,,03/06/2017,03/06/2017,2017,1,2017,2,0825,N,,56.4201(a)(1),104(a),,Citation,03/06/2017,0840,03/06/2017,0840,03/06/2017,0838,Terminated,,,,,Unlikely,LostDays,1,ModNegligence,,,N,Primary,,N,06/09/2017,116,116,116,05/04/2017,Paid,05/23/2017,,,N,,14,21
6775043,02/27/2017,03/09/2017,8838926,M09149,Cemex S A,0093625,"CEMEX Construction Materials South, LLC",Operator,0500344,Lyons Cement Plant Cemex Inc,Facility,M,,03/07/2017,03/07/2017,2017,1,2017,2,1105,N,,56.14107(a),104(a),,Citation,03/07/2017,1120,03/07/2017,1120,03/07/2017,1120,Terminated,,,,,Unlikely,Permanent,1,LowNegligence,,,N,Primary,,N,06/09/2017,116,116,116,05/04/2017,Paid,05/23/2017,,,N,,14,22
6775043,02/27/2017,03/09/2017,8838925,M09149,Cemex S A,0093625,"CEMEX Construction Materials South, LLC",Operator,0500344,Lyons Cement Plant Cemex Inc,Facility,M,,03/07/2017,03/07/2017,2017,1,2017,2,0950,Y,,56.11012,104(a),,Citation,03/07/2017,1010,03/09/2017,1700,03/23/2017,1235,Terminated,,,,,Reasonably,Fatal,1,LowNegligence,,,N,Primary,,N,06/09/2017,625,625,625,05/04/2017,Paid,05/23/2017,,,N,,14,22
6775043,02/27/2017,03/09/2017,8838923,M09149,Cemex S A,0093625,"CEMEX Construction Materials South, LLC",Operator,0500344,Lyons Cement Plant Cemex Inc,Facility,M,,03/07/2017,03/07/2017,2017,1,2017,2,0735,N,,56.12004,104(a),,Citation,03/07/2017,0750,03/07/2017,0750,03/07/2017,0747,Terminated,,,,,Unlikely,LostDays,1,ModNegligence,,,N,Primary,,N,06/09/2017,116,116,116,05/04/2017,Paid,05/23/2017,,,N,,14,22
6775043,02/27/2017,03/09/2017,8838924,M09149,Cemex S A,0093625,"CEMEX Construction Materials South, LLC",Operator,0500344,Lyons Cement Plant Cemex Inc,Facility,M,,03/07/2017,03/07/2017,2017,1,2017,2,0845,N,,56.12018,104(a),,Citation,03/07/2017,0900,03/07/2017,0900,03/07/2017,0850,Terminated,,,,,Unlikely,LostDays,1,ModNegligence,,,N,Primary,,N,06/09/2017,116,116,116,05/04/2017,Paid,05/23/2017,,,N,,14,22
6775043,02/27/2017,03/09/2017,8838927,M09149,Cemex S A,0093625,"CEMEX Construction Materials South, LLC",Operator,0500344,Lyons Cement Plant Cemex Inc,Facility,M,,03/08/2017,03/08/2017,2017,1,2017,2,0805,N,,56.14100(a),104(a),,Citation,03/08/2017,0820,03/08/2017,0820,03/08/2017,0817,Terminated,,,,,Unlikely,Fatal,1,ModNegligence,,,N,Primary,,N,06/09/2017,280,280,280,05/04/2017,Paid,05/23/2017,,,N,,14,24
6694176,04/10/2017,04/12/2017,6446114,M09149,Cemex S A,0093625,"CEMEX Construction Materials South, LLC",Operator,0500344,Lyons Cement Plant Cemex Inc,Facility,M,,04/10/2017,04/10/2017,2017,2,2017,3,1245,,,,103(k),,Order,,,,,04/11/2017,1135,Terminated,,,,,,,0,,,,N,Mill,,N,,,,,,,,,,N,,,
6776877,07/31/2017,08/10/2017,9341437,M09149,Cemex S A,0093625,"CEMEX Construction Materials South, LLC",Operator,0500344,Lyons Cement Plant Cemex Inc,Facility,M,,07/31/2017,07/31/2017,2017,3,2017,4,1138,N,,56.20003(a),104(a),,Citation,07/31/2017,1215,07/31/2017,1215,08/01/2017,1256,Terminated,,,,,Unlikely,LostDays,1,HighNegligence,,,N,Primary,,N,10/15/2017,577,577,577,08/31/2017,Paid,11/13/2017,,,N,,28,20
6776877,07/31/2017,08/10/2017,9341438,M09149,Cemex S A,0093625,"CEMEX Construction Materials South, LLC",Operator,0500344,Lyons Cement Plant Cemex Inc,Facility,M,,07/31/2017,07/31/2017,2017,3,2017,4,1217,N,,56.20011,104(a),,Citation,08/01/2017,0900,08/02/2017,1600,08/10/2017,1602,Terminated,,,,,Unlikely,Fatal,1,LowNegligence,,,N,Primary,,N,10/15/2017,259,259,259,08/31/2017,Paid,11/13/2017,,,N,,28,20
6776877,07/31/2017,08/10/2017,9341439,M09149,Cemex S A,0093625,"CEMEX Construction Materials South, LLC",Operator,0500344,Lyons Cement Plant Cemex Inc,Facility,M,,07/31/2017,07/31/2017,2017,3,2017,4,1232,N,,56.20003(a),104(a),,Citation,07/31/2017,1330,07/31/2017,1330,07/31/2017,1442,Terminated,,,,,Unlikely,LostDays,1,ModNegligence,,,N,Primary,,N,10/15/2017,173,173,173,08/31/2017,Paid,11/13/2017,,,N,,28,20
6776877,07/31/2017,08/10/2017,9341440,M09149,Cemex S A,0093625,"CEMEX Construction Materials South, LLC",Operator,0500344,Lyons Cement Plant Cemex Inc,Facility,M,,07/31/2017,07/31/2017,2017,3,2017,4,1339,Y,,56.14112(b),104(a),,Citation,08/01/2017,1349,08/01/2017,1349,07/31/2017,1425,Terminated,,,,,Reasonably,Permanent,1,ModNegligence,,,N,Primary,,N,10/15/2017,1286,1286,1286,08/31/2017,Paid,11/13/2017,,,N,,28,20
6776877,07/31/2017,08/10/2017,9341441,M09149,Cemex S A,0093625,"CEMEX Construction Materials South, LLC",Operator,0500344,Lyons Cement Plant Cemex Inc,Facility,M,,08/01/2017,08/01/2017,2017,3,2017,4,1300,N,,56.14112(b),104(a),,Citation,08/01/2017,1315,08/01/2017,1315,08/01/2017,1317,Terminated,,,,,Unlikely,Permanent,1,HighNegligence,,,N,Primary,,N,11/12/2017,734,734,734,10/05/2017,Paid,11/14/2017,,,N,,28,22
6776877,07/31/2017,08/10/2017,9341442,M09149,Cemex S A,0093625,"CEMEX Construction Materials South, LLC",Operator,0500344,Lyons Cement Plant Cemex Inc,Facility,M,,08/01/2017,08/01/2017,2017,3,2017,4,1336,N,,56.12028,104(a),,Citation,08/01/2017,1600,08/01/2017,1600,08/01/2017,1416,Terminated,,,,,Unlikely,LostDays,1,ModNegligence,,,N,Primary,,N,11/12/2017,148,148,148,10/05/2017,Paid,11/14/2017,,,N,,28,22
6776877,07/31/2017,08/10/2017,9341443,M09149,Cemex S A,0093625,"CEMEX Construction Materials South, LLC",Operator,0500344,Lyons Cement Plant Cemex Inc,Facility,M,,08/08/2017,08/08/2017,2017,3,2017,4,1111,N,,56.12032,104(a),,Citation,08/08/2017,1211,08/08/2017,1211,08/08/2017,1147,Terminated,,,,,Unlikely,LostDays,1,ModNegligence,,,N,Primary,,N,11/12/2017,148,148,148,10/05/2017,Paid,11/14/2017,,,N,,28,25
6776877,07/31/2017,08/10/2017,9341444,M09149,Cemex S A,0093625,"CEMEX Construction Materials South, LLC",Operator,0500344,Lyons Cement Plant Cemex Inc,Facility,M,,08/08/2017,08/08/2017,2017,3,2017,4,1127,N,,56.11002,104(a),,Citation,08/08/2017,1152,08/08/2017,1152,08/08/2017,1309,Terminated,,,,,Unlikely,Fatal,1,ModNegligence,,,N,Primary,,N,11/12/2017,492,492,492,10/05/2017,Paid,11/14/2017,,,N,,28,25
6776877,07/31/2017,08/10/2017,9341445,M09149,Cemex S A,0093625,"CEMEX Construction Materials South, LLC",Operator,0500344,Lyons Cement Plant Cemex Inc,Facility,M,,08/08/2017,08/08/2017,2017,3,2017,4,1433,N,,56.14107(a),104(a),,Citation,08/08/2017,1600,08/08/2017,1600,08/09/2017,1524,Terminated,,,,,Unlikely,LostDays,1,ModNegligence,,,N,Primary,,N,11/12/2017,148,148,148,10/05/2017,Paid,11/14/2017,,,N,,28,25
6776877,07/31/2017,08/10/2017,9341446,M09149,Cemex S A,0093625,"CEMEX Construction Materials South, LLC",Operator,0500344,Lyons Cement Plant Cemex Inc,Facility,M,,08/08/2017,08/08/2017,2017,3,2017,4,1507,Y,,56.20003(a),104(a),,Citation,08/08/2017,1600,08/08/2017,1600,08/09/2017,1526,Terminated,,,,,Reasonably,LostDays,1,ModNegligence,,,N,Primary,,N,11/12/2017,734,734,734,10/05/2017,Paid,11/14/2017,,,N,,28,25
6776877,07/31/2017,08/10/2017,9346022,M09149,Cemex S A,0093625,"CEMEX Construction Materials South, LLC",Operator,0500344,Lyons Cement Plant Cemex Inc,Facility,M,,08/09/2017,08/09/2017,2017,3,2017,4,1110,N,,56.12004,104(a),,Citation,08/09/2017,1120,08/09/2017,1120,08/09/2017,1115,Terminated,,,,,Unlikely,LostDays,1,ModNegligence,,,N,Primary,,N,11/12/2017,126,126,126,10/05/2017,Paid,11/14/2017,,,N,,28,27
6776877,07/31/2017,08/10/2017,9346023,M09149,Cemex S A,0093625,"CEMEX Construction Materials South, LLC",Operator,0500344,Lyons Cement Plant Cemex Inc,Facility,M,,08/09/2017,08/09/2017,2017,3,2017,4,1350,N,,56.12018,104(a),,Citation,08/09/2017,1430,08/09/2017,1430,08/09/2017,1428,Terminated,,,,,Unlikely,LostDays,1,ModNegligence,,,N,Primary,,N,11/12/2017,126,126,126,10/05/2017,Paid,11/14/2017,,,N,,28,27
6776877,07/31/2017,08/10/2017,9346025,M09149,Cemex S A,0093625,"CEMEX Construction Materials South, LLC",Operator,0500344,Lyons Cement Plant Cemex Inc,Facility,M,,08/10/2017,08/10/2017,2017,3,2017,4,1025,N,,56.15003,104(a),,Citation,08/10/2017,1035,08/10/2017,1035,08/10/2017,1029,Terminated,,,,,Unlikely,Permanent,1,ModNegligence,,,N,Primary,,N,11/12/2017,188,188,188,10/05/2017,Paid,11/14/2017,,,N,,28,29
6776877,07/31/2017,08/10/2017,9346024,M09149,Cemex S A,0093625,"CEMEX Construction Materials South, LLC",Operator,0500344,Lyons Cement Plant Cemex Inc,Facility,M,,08/10/2017,08/10/2017,2017,3,2017,4,1015,Y,,56.16009,104(a),,Citation,08/10/2017,1030,08/10/2017,1030,08/10/2017,1030,Terminated,,,,,Reasonably,Fatal,1,ModNegligence,,,N,Primary,,N,11/12/2017,2077,2077,2077,10/05/2017,Paid,11/14/2017,,,N,,28,29
6785314,12/26/2017,01/17/2018,8838155,M09149,Cemex S A,0093625,"CEMEX Construction Materials South, LLC",Operator,0500344,Lyons Cement Plant Cemex Inc,Facility,M,,12/26/2017,12/26/2017,2017,4,2018,1,1720,N,,56.12004,104(a),,Citation,12/27/2017,0900,12/27/2017,0900,12/27/2017,1046,Terminated,,,,,Unlikely,LostDays,1,HighNegligence,,,N,Primary,,N,03/08/2018,502,502,502,02/01/2018,Paid,05/24/2018,,,N,,28,25
6785314,12/26/2017,01/17/2018,8838156,M09149,Cemex S A,0093625,"CEMEX Construction Materials South, LLC",Operator,0500344,Lyons Cement Plant Cemex Inc,Facility,M,,12/26/2017,12/26/2017,2017,4,2018,1,1729,N,,47.41(a),104(a),,Citation,12/26/2017,1800,12/26/2017,1800,12/27/2017,1735,Terminated,,,,,Unlikely,LostDays,1,HighNegligence,,,N,Primary,,N,03/08/2018,502,502,502,02/01/2018,Paid,05/24/2018,,,N,,28,25
6785314,12/26/2017,01/17/2018,8838157,M09149,Cemex S A,0093625,"CEMEX Construction Materials South, LLC",Operator,0500344,Lyons Cement Plant Cemex Inc,Facility,M,,12/26/2017,12/26/2017,2017,4,2018,1,1756,N,,56.17001,104(a),,Citation,12/27/2017,1000,12/27/2017,1000,12/27/2017,1100,Terminated,,,,,Unlikely,LostDays,1,ModNegligence,,,N,Primary,,N,03/08/2018,151,151,151,02/01/2018,Paid,05/24/2018,,,N,,28,25
6785314,12/26/2017,01/17/2018,8838158,,,H651,Alpine Crane Service,Contractor,0500344,Lyons Cement Plant Cemex Inc,Facility,M,H651,12/27/2017,12/27/2017,2017,4,2018,1,1126,N,,46.8(a)(1),104(g)(1),,Order,,,,,02/25/2019,0605,Terminated,,,,,Unlikely,Fatal,4,HighNegligence,N,,N,Primary,,N,03/29/2018,318,318,318,02/20/2018,Paid,04/14/2018,,,N,,3,0
6785314,12/26/2017,01/17/2018,8838159,,,Q464,"Southern Welding, LLC.",Contractor,0500344,Lyons Cement Plant Cemex Inc,Facility,M,Q464,12/27/2017,12/27/2017,2017,4,2018,1,1628,N,,46.9(g),104(a),,Citation,12/28/2017,1600,12/28/2017,1600,01/03/2018,1020,Terminated,,,,,NoLikelihood,NoLostDays,1,ModNegligence,,,N,Primary,,N,04/07/2018,118,118,118,02/21/2018,Paid,03/08/2018,,,N,,11,0
6785314,12/26/2017,01/17/2018,8838160,M09149,Cemex S A,0093625,"CEMEX Construction Materials South, LLC",Operator,0500344,Lyons Cement Plant Cemex Inc,Facility,M,,12/27/2017,12/27/2017,2017,4,2018,1,1630,N,,56.4104(b),104(a),,Citation,12/28/2017,1200,12/28/2017,1200,01/03/2018,0914,Terminated,,,,,Unlikely,LostDays,1,ModNegligence,,,N,Primary,,N,03/08/2018,128,128,128,02/01/2018,Paid,05/24/2018,,,N,,28,26
6785314,12/26/2017,01/17/2018,9347015,M09149,Cemex S A,0093625,"CEMEX Construction Materials South, LLC",Operator,0500344,Lyons Cement Plant Cemex Inc,Facility,M,,12/27/2017,12/27/2017,2017,4,2018,1,1452,Y,,56.20003(a),104(a),,Citation,12/27/2017,1900,12/27/2017,1900,12/29/2017,1028,Terminated,,,,,Reasonably,LostDays,1,ModNegligence,,,N,Mill,,N,03/08/2018,638,638,638,02/01/2018,Paid,05/24/2018,,,N,,28,26
6785314,12/26/2017,01/17/2018,9347016,M09149,Cemex S A,0093625,"CEMEX Construction Materials South, LLC",Operator,0500344,Lyons Cement Plant Cemex Inc,Facility,M,,12/27/2017,12/27/2017,2017,4,2018,1,1542,N,,56.12034,104(a),,Citation,12/27/2017,1900,01/08/2018,1700,01/17/2018,1510,Terminated,,,,,Unlikely,LostDays,1,ModNegligence,,,N,Mill,,N,03/08/2018,128,128,128,02/01/2018,Paid,05/24/2018,,,N,,28,26
6785314,12/26/2017,01/17/2018,9347017,M09149,Cemex S A,0093625,"CEMEX Construction Materials South, LLC",Operator,0500344,Lyons Cement Plant Cemex Inc,Facility,M,,12/27/2017,12/27/2017,2017,4,2018,1,1555,N,,56.20003(a),104(a),,Citation,12/27/2017,1630,12/27/2017,1630,12/27/2017,1607,Terminated,,,,,Unlikely,LostDays,1,ModNegligence,,,N,Mill,,N,03/08/2018,128,128,128,02/01/2018,Paid,05/24/2018,,,N,,28,26
6785314,12/26/2017,01/17/2018,8838161,M09149,Cemex S A,0093625,"CEMEX Construction Materials South, LLC",Operator,0500344,Lyons Cement Plant Cemex Inc,Facility,M,,12/28/2017,12/28/2017,2017,4,2018,1,0952,N,,56.18002(b),104(a),,Citation,12/28/2017,1500,12/28/2017,1500,12/28/2017,1100,Terminated,,,,,NoLikelihood,NoLostDays,1,ModNegligence,,,N,Primary,,N,03/08/2018,118,118,118,02/01/2018,Paid,05/24/2018,,,N,,28,28
6785314,12/26/2017,01/17/2018,9341497,M09149,Cemex S A,0093625,"CEMEX Construction Materials South, LLC",Operator,0500344,Lyons Cement Plant Cemex Inc,Facility,M,,01/02/2018,01/02/2018,2018,1,2018,2,1401,N,,56.4200(b)(2),104(a),,Citation,01/02/2018,1415,01/02/2018,1415,01/02/2018,1426,Terminated,,,,,Unlikely,Fatal,1,ModNegligence,,,N,Primary,,N,04/05/2018,363,363,363,03/01/2018,Paid,03/28/2018,,,N,,28,31
6785314,12/26/2017,01/17/2018,8838163,M09149,Cemex S A,0093625,"CEMEX Construction Materials South, LLC",Operator,0500344,Lyons Cement Plant Cemex Inc,Facility,M,,01/03/2018,01/03/2018,2018,1,2018,2,0747,N,,56.17001,104(a),,Citation,01/03/2018,1000,01/03/2018,1000,01/03/2018,1104,Terminated,,,,,Unlikely,LostDays,1,ModNegligence,,,N,Primary,,N,04/05/2018,118,118,118,03/01/2018,Paid,03/28/2018,,,N,,28,32
6785314,12/26/2017,01/17/2018,8838164,M09149,Cemex S A,0093625,"CEMEX Construction Materials South, LLC",Operator,0500344,Lyons Cement Plant Cemex Inc,Facility,M,,01/03/2018,01/03/2018,2018,1,2018,2,0754,N,,56.4201(a)(1),104(a),,Citation,01/03/2018,1300,01/03/2018,1300,01/03/2018,1101,Terminated,,,,,Unlikely,LostDays,1,HighNegligence,,,N,Primary,,N,04/05/2018,363,363,363,03/01/2018,Paid,03/28/2018,,,N,,28,32
6785314,12/26/2017,01/17/2018,9341498,M09149,Cemex S A,0093625,"CEMEX Construction Materials South, LLC",Operator,0500344,Lyons Cement Plant Cemex Inc,Facility,M,,01/04/2018,01/04/2018,2018,1,2018,2,1406,N,,47.41(a)(1),104(a),,Citation,01/04/2018,1426,01/04/2018,1426,01/04/2018,1445,Terminated,,,,,Unlikely,LostDays,1,ModNegligence,,,N,Primary,,N,04/05/2018,118,118,118,03/01/2018,Paid,03/28/2018,,,N,,28,33
6785314,12/26/2017,01/17/2018,9341499,M09149,Cemex S A,0093625,"CEMEX Construction Materials South, LLC",Operator,0500344,Lyons Cement Plant Cemex Inc,Facility,M,,01/08/2018,01/08/2018,2018,1,2018,2,1200,N,,56.12028,104(a),,Citation,01/15/2018,0800,02/02/2018,1600,02/05/2018,1230,Terminated,,,,,Unlikely,LostDays,1,HighNegligence,,,N,Primary,,N,04/05/2018,363,363,363,03/01/2018,Paid,03/28/2018,,,N,,28,35
6785314,12/26/2017,01/17/2018,8838165,M09149,Cemex S A,0093625,"CEMEX Construction Materials South, LLC",Operator,0500344,Lyons Cement Plant Cemex Inc,Facility,M,,01/17/2018,01/17/2018,2018,1,2018,2,0930,Y,,56.20003(a),104(a),,Citation,01/20/2018,1700,01/20/2018,1700,01/23/2018,1006,Terminated,,,,,Reasonably,LostDays,1,ModNegligence,,,N,Primary,,N,04/05/2018,544,544,544,03/01/2018,Paid,03/28/2018,,,N,,28,35
6785646,08/28/2018,09/05/2018,9347496,M09149,Cemex S A,0093625,"CEMEX Construction Materials South, LLC",Operator,0500344,Lyons Cement Plant Cemex Inc,Facility,M,,08/29/2018,08/29/2018,2018,3,2018,4,1554,N,,56.20003(a),104(a),,Citation,08/30/2018,1800,08/30/2018,1800,08/30/2018,1110,Terminated,,,,,Unlikely,LostDays,1,ModNegligence,,,N,Primary,,N,11/11/2018,953,953,953,10/04/2018,Paid,11/27/2018,,,N,,42,23
6785646,08/28/2018,09/05/2018,9347497,M09149,Cemex S A,0093625,"CEMEX Construction Materials South, LLC",Operator,0500344,Lyons Cement Plant Cemex Inc,Facility,M,,08/30/2018,08/30/2018,2018,3,2018,4,1455,N,,56.14107(a),104(a),,Citation,08/30/2018,1515,08/31/2018,1000,09/04/2018,1538,Terminated,,,,,Unlikely,Permanent,1,ModNegligence,,,N,Primary,,N,11/11/2018,395,395,395,10/04/2018,Paid,11/27/2018,,,N,,42,24
6785646,08/28/2018,09/05/2018,9347498,M09149,Cemex S A,0093625,"CEMEX Construction Materials South, LLC",Operator,0500344,Lyons Cement Plant Cemex Inc,Facility,M,,09/04/2018,09/04/2018,2018,3,2018,4,1439,N,,56.14100(b),104(a),,Citation,09/05/2018,1700,09/05/2018,1700,09/25/2018,1315,Terminated,,,,,Unlikely,LostDays,1,ModNegligence,,,N,Primary,,N,12/26/2018,208,208,208,11/14/2018,Paid,01/23/2020,,,N,,42,26
6785564,12/26/2018,01/11/2019,9348205,M09149,Cemex S A,0093625,"CEMEX Construction Materials South, LLC",Operator,0500344,Lyons Cement Plant Cemex Inc,Facility,M,,12/27/2018,12/27/2018,2018,4,2019,1,1340,N,,56.12004,104(a),,Citation,12/28/2018,1200,12/28/2018,1200,12/28/2018,1200,Terminated,,,,,Unlikely,LostDays,1,ModNegligence,N,,N,Primary,,N,03/17/2019,270,270,270,02/05/2019,Paid,03/04/2019,,,N,,31,18
6785564,12/26/2018,01/11/2019,9347880,M09149,Cemex S A,0093625,"CEMEX Construction Materials South, LLC",Operator,0500344,Lyons Cement Plant Cemex Inc,Facility,M,,01/02/2019,01/02/2019,2019,1,2019,2,1123,N,,56.12004,104(a),,Citation,01/02/2019,1400,01/02/2019,1400,01/02/2019,1350,Terminated,,,,,Unlikely,LostDays,1,ModNegligence,N,,N,Primary,,N,03/17/2019,214,214,214,02/05/2019,Paid,03/04/2019,,,N,,31,20
6785564,12/26/2018,01/11/2019,9348206,M09149,Cemex S A,0093625,"CEMEX Construction Materials South, LLC",Operator,0500344,Lyons Cement Plant Cemex Inc,Facility,M,,01/02/2019,01/02/2019,2019,1,2019,2,1435,N,,56.13021,104(a),,Citation,01/02/2019,1700,01/02/2019,1700,01/02/2019,1445,Terminated,,,,,Unlikely,LostDays,1,ModNegligence,N,,N,Primary,,N,03/17/2019,214,214,214,02/05/2019,Paid,03/04/2019,,,N,,31,20
6785564,12/26/2018,01/11/2019,9347879,M09149,Cemex S A,0093625,"CEMEX Construction Materials South, LLC",Operator,0500344,Lyons Cement Plant Cemex Inc,Facility,M,,01/02/2019,01/02/2019,2019,1,2019,2,1114,N,,56.14112(a)(1),104(a),,Citation,01/02/2019,1500,01/02/2019,1500,01/02/2019,1351,Terminated,,,,,Unlikely,Fatal,1,ModNegligence,N,,N,Primary,,N,03/17/2019,708,708,708,02/05/2019,Paid,03/04/2019,,,N,,31,20
6785564,12/26/2018,01/11/2019,9347884,M09149,Cemex S A,0093625,"CEMEX Construction Materials South, LLC",Operator,0500344,Lyons Cement Plant Cemex Inc,Facility,M,,01/02/2019,01/02/2019,2019,1,2019,2,1423,N,,56.14112(a)(1),104(a),,Citation,01/02/2019,1500,01/03/2019,2104,01/02/2019,1430,Terminated,,,,,Unlikely,Fatal,1,ModNegligence,N,,N,Primary,,N,03/17/2019,708,708,708,02/05/2019,Paid,03/04/2019,,,N,,31,20
6785564,12/26/2018,01/11/2019,9347882,M09149,Cemex S A,0093625,"CEMEX Construction Materials South, LLC",Operator,0500344,Lyons Cement Plant Cemex Inc,Facility,M,,01/02/2019,01/02/2019,2019,1,2019,2,1307,N,,56.20003(a),104(a),,Citation,01/02/2019,1400,01/02/2019,1400,01/07/2019,1344,Terminated,,,,,Unlikely,LostDays,1,ModNegligence,N,,N,Primary,,N,03/17/2019,832,832,832,02/05/2019,Paid,03/04/2019,,,N,,31,20
6785564,12/26/2018,01/11/2019,9347881,M09149,Cemex S A,0093625,"CEMEX Construction Materials South, LLC",Operator,0500344,Lyons Cement Plant Cemex Inc,Facility,M,,01/02/2019,01/02/2019,2019,1,2019,2,1145,N,,56.14112(b),104(a),,Citation,01/02/2019,1230,01/03/2019,1200,01/04/2019,0800,Terminated,,,,,Unlikely,Fatal,1,ModNegligence,N,,N,Primary,,N,03/17/2019,708,708,708,02/05/2019,Paid,03/04/2019,,,N,,31,20
6785564,12/26/2018,01/11/2019,9347883,M09149,Cemex S A,0093625,"CEMEX Construction Materials South, LLC",Operator,0500344,Lyons Cement Plant Cemex Inc,Facility,M,,01/02/2019,01/02/2019,2019,1,2019,2,1406,N,,56.14100(b),104(a),,Citation,01/04/2019,1400,01/08/2019,1600,01/11/2019,0758,Terminated,,,,,Unlikely,LostDays,1,ModNegligence,N,,N,Primary,,N,03/17/2019,214,214,214,02/05/2019,Paid,03/04/2019,,,N,,31,20
6785564,12/26/2018,01/11/2019,9348210,,,B8645,Bobcat of the Rockies,Contractor,0500344,Lyons Cement Plant Cemex Inc,Facility,M,B8645,01/03/2019,01/03/2019,2019,1,2019,2,1055,Y,,56.20003(a),104(a),,Citation,01/03/2019,1700,01/03/2019,1700,01/03/2019,1405,Terminated,,,,,Reasonably,Permanent,1,ModNegligence,N,,N,Primary,,N,03/27/2019,132,132,132,02/20/2019,Paid,04/03/2019,,,N,,0,0
6785564,12/26/2018,01/11/2019,9348209,,,B8645,Bobcat of the Rockies,Contractor,0500344,Lyons Cement Plant Cemex Inc,Facility,M,B8645,01/03/2019,01/03/2019,2019,1,2019,2,1035,N,,56.4201(a)(2),104(a),,Citation,01/03/2019,1700,01/03/2019,1700,01/03/2019,1405,Terminated,,,,,Unlikely,LostDays,1,LowNegligence,N,,N,Primary,,N,03/27/2019,121,121,121,02/20/2019,Paid,04/03/2019,,,N,,0,0
6785564,12/26/2018,01/11/2019,9348208,,,B8645,Bobcat of the Rockies,Contractor,0500344,Lyons Cement Plant Cemex Inc,Facility,M,B8645,01/03/2019,01/03/2019,2019,1,2019,2,1015,N,,56.14207,104(a),,Citation,01/03/2019,1215,01/03/2019,1215,01/03/2019,1030,Terminated,,,,,Unlikely,Fatal,1,LowNegligence,N,,N,Primary,,N,03/27/2019,121,121,121,02/20/2019,Paid,04/03/2019,,,N,,0,0
6785564,12/26/2018,01/11/2019,9348207,,,H464,"Honnen Equipment, Inc.",Contractor,0500344,Lyons Cement Plant Cemex Inc,Facility,M,H464,01/03/2019,01/03/2019,2019,1,2019,2,0855,N,,56.14100(b),104(a),,Citation,01/03/2019,1700,01/03/2019,1700,01/03/2019,1305,Terminated,,,,,Unlikely,Permanent,1,HighNegligence,N,,Y,Primary,,N,04/07/2019,121,121,121,02/21/2019,Paid,03/20/2019,,,N,,0,0
6785564,12/26/2018,01/11/2019,9347885,M09149,Cemex S A,0093625,"CEMEX Construction Materials South, LLC",Operator,0500344,Lyons Cement Plant Cemex Inc,Facility,M,,01/03/2019,01/03/2019,2019,1,2019,2,0850,N,,56.12018,104(a),,Citation,01/03/2019,1130,01/03/2019,1130,01/03/2019,1024,Terminated,,,,,Unlikely,LostDays,1,ModNegligence,N,,N,Primary,,N,03/17/2019,181,181,181,02/05/2019,Paid,03/04/2019,,,N,,31,23
6785564,12/26/2018,01/11/2019,9347886,M09149,Cemex S A,0093625,"CEMEX Construction Materials South, LLC",Operator,0500344,Lyons Cement Plant Cemex Inc,Facility,M,,01/03/2019,01/03/2019,2019,1,2019,2,0939,N,,56.13021,104(a),,Citation,01/03/2019,1000,01/03/2019,1000,01/03/2019,0941,Terminated,,,,,Unlikely,LostDays,1,ModNegligence,N,,N,Mill,,N,03/17/2019,181,181,181,02/05/2019,Paid,03/04/2019,,,N,,31,23
6785564,12/26/2018,01/11/2019,9347891,M09149,Cemex S A,0093625,"CEMEX Construction Materials South, LLC",Operator,0500344,Lyons Cement Plant Cemex Inc,Facility,M,,01/03/2019,01/03/2019,2019,1,2019,2,1501,Y,,56.14205,104(a),,Citation,01/03/2019,1530,01/03/2019,1530,01/03/2019,1530,Terminated,,,,,Reasonably,LostDays,1,ModNegligence,N,,N,Primary,,N,03/17/2019,902,902,902,02/05/2019,Paid,03/04/2019,,,N,,31,23
6785564,12/26/2018,01/11/2019,9347890,M09149,Cemex S A,0093625,"CEMEX Construction Materials South, LLC",Operator,0500344,Lyons Cement Plant Cemex Inc,Facility,M,,01/03/2019,01/03/2019,2019,1,2019,2,1415,N,,56.12032,104(a),,Citation,01/03/2019,1445,01/03/2019,1445,01/03/2019,1420,Terminated,,,,,Unlikely,LostDays,1,ModNegligence,N,,N,Primary,,N,03/17/2019,181,181,181,02/05/2019,Paid,03/04/2019,,,N,,31,23
6785564,12/26/2018,01/11/2019,9347889,M09149,Cemex S A,0093625,"CEMEX Construction Materials South, LLC",Operator,0500344,Lyons Cement Plant Cemex Inc,Facility,M,,01/03/2019,01/03/2019,2019,1,2019,2,1120,N,,56.12004,104(a),,Citation,01/03/2019,1300,01/03/2019,1300,01/11/2019,0804,Terminated,,,,,Unlikely,LostDays,1,ModNegligence,N,,N,Primary,,N,03/17/2019,181,181,181,02/05/2019,Paid,03/04/2019,,,N,,31,23
6785564,12/26/2018,01/11/2019,9347888,M09149,Cemex S A,0093625,"CEMEX Construction Materials South, LLC",Operator,0500344,Lyons Cement Plant Cemex Inc,Facility,M,,01/03/2019,01/03/2019,2019,1,2019,2,1051,N,,56.12028,104(a),,Citation,01/03/2019,1400,01/03/2019,1400,01/03/2019,1335,Terminated,,,,,Unlikely,LostDays,1,ModNegligence,N,,N,Primary,,N,03/17/2019,181,181,181,02/05/2019,Paid,03/04/2019,,,N,,31,23
6785564,12/26/2018,01/11/2019,9347887,M09149,Cemex S A,0093625,"CEMEX Construction Materials South, LLC",Operator,0500344,Lyons Cement Plant Cemex Inc,Facility,M,,01/03/2019,01/03/2019,2019,1,2019,2,1041,N,,56.12004,104(a),,Citation,01/03/2019,1115,01/03/2019,1115,01/03/2019,1045,Terminated,,,,,Unlikely,LostDays,1,ModNegligence,N,,N,Primary,,N,03/17/2019,181,181,181,02/05/2019,Paid,03/04/2019,,,N,,31,23
6785564,12/26/2018,01/11/2019,9347893,M09149,Cemex S A,0093625,"CEMEX Construction Materials South, LLC",Operator,0500344,Lyons Cement Plant Cemex Inc,Facility,M,,01/04/2019,01/04/2019,2019,1,2019,2,0901,N,,56.14112(b),104(a),,Citation,01/04/2019,0930,01/04/2019,0930,01/04/2019,0910,Terminated,,,,,Unlikely,Permanent,1,ModNegligence,N,,N,Primary,,N,03/17/2019,230,230,230,02/05/2019,Paid,03/04/2019,,,N,,31,26
6785564,12/26/2018,01/11/2019,9348211,M09149,Cemex S A,0093625,"CEMEX Construction Materials South, LLC",Operator,0500344,Lyons Cement Plant Cemex Inc,Facility,M,,01/04/2019,01/04/2019,2019,1,2019,2,0745,N,,56.4201(a)(5),104(a),,Citation,01/07/2019,1700,01/21/2019,1600,01/25/2019,0700,Terminated,,,,,Unlikely,LostDays,1,HighNegligence,N,,N,Primary,,N,03/17/2019,514,514,514,02/05/2019,Paid,03/04/2019,,,N,,31,26
6785564,12/26/2018,01/11/2019,9348212,M09149,Cemex S A,0093625,"CEMEX Construction Materials South, LLC",Operator,0500344,Lyons Cement Plant Cemex Inc,Facility,M,,01/04/2019,01/04/2019,2019,1,2019,2,0830,N,,56.12004,104(a),,Citation,01/04/2019,1030,01/04/2019,1030,01/04/2019,0905,Terminated,,,,,Unlikely,Fatal,1,ModNegligence,N,,N,Primary,,N,03/17/2019,514,514,514,02/05/2019,Paid,03/04/2019,,,N,,31,26
6785564,12/26/2018,01/11/2019,9348213,M09149,Cemex S A,0093625,"CEMEX Construction Materials South, LLC",Operator,0500344,Lyons Cement Plant Cemex Inc,Facility,M,,01/04/2019,01/04/2019,2019,1,2019,2,0850,N,,56.18002(a),104(a),,Citation,01/04/2019,1050,01/04/2019,1050,01/04/2019,1240,Terminated,,,,,Unlikely,LostDays,1,ModNegligence,N,,N,Primary,,N,03/17/2019,154,154,154,02/05/2019,Paid,03/04/2019,,,N,,31,26
6785564,12/26/2018,01/11/2019,9347894,M09149,Cemex S A,0093625,"CEMEX Construction Materials South, LLC",Operator,0500344,Lyons Cement Plant Cemex Inc,Facility,M,,01/04/2019,01/04/2019,2019,1,2019,2,1041,N,,56.12028,104(a),,Citation,01/04/2019,1130,01/04/2019,1130,01/04/2019,1102,Terminated,,,,,Unlikely,LostDays,1,ModNegligence,N,,N,Primary,,N,03/17/2019,154,154,154,02/05/2019,Paid,03/04/2019,,,N,,31,26
6785564,12/26/2018,01/11/2019,9347892,M09149,Cemex S A,0093625,"CEMEX Construction Materials South, LLC",Operator,0500344,Lyons Cement Plant Cemex Inc,Facility,M,,01/04/2019,01/04/2019,2019,1,2019,2,0829,N,,56.16005,104(a),,Citation,01/04/2019,0900,01/04/2019,0900,01/04/2019,0845,Terminated,,,,,Unlikely,LostDays,1,ModNegligence,N,,N,Primary,,N,03/17/2019,154,154,154,02/05/2019,Paid,03/04/2019,,,N,,31,26
6785564,12/26/2018,01/11/2019,9348215,M09149,Cemex S A,0093625,"CEMEX Construction Materials South, LLC",Operator,0500344,Lyons Cement Plant Cemex Inc,Facility,M,,01/07/2019,01/07/2019,2019,1,2019,2,1315,Y,,56.14100(b),104(a),,Citation,01/08/2019,1600,01/08/2019,1600,01/11/2019,0753,Terminated,,,,,Reasonably,LostDays,1,HighNegligence,N,,Y,Primary,,N,04/10/2019,2172,2172,2172,03/05/2019,Paid,04/30/2019,,,N,,31,29
6785564,12/26/2018,01/11/2019,9348214,M09149,Cemex S A,0093625,"CEMEX Construction Materials South, LLC",Operator,0500344,Lyons Cement Plant Cemex Inc,Facility,M,,01/07/2019,01/07/2019,2019,1,2019,2,1250,Y,,56.11001,104(a),,Citation,01/08/2019,1600,01/08/2019,1600,01/11/2019,0750,Terminated,,,,,Reasonably,Permanent,1,HighNegligence,N,,N,Primary,,N,04/10/2019,3241,3241,3241,03/05/2019,Paid,04/30/2019,,,N,,31,29
6785595,06/10/2019,06/25/2019,9397424,M09149,Cemex S A,0093625,"CEMEX Construction Materials South, LLC",Operator,0500344,Lyons Cement Plant Cemex Inc,Facility,M,,06/10/2019,06/10/2019,2019,2,2019,3,1345,N,,56.11001,104(a),,Citation,06/11/2019,0900,06/11/2019,0900,06/11/2019,0830,Terminated,,,,,Unlikely,LostDays,1,LowNegligence,N,,N,Primary,,N,09/11/2019,121,121,121,08/06/2019,Paid,11/26/2019,,,N,,32,20
6785595,06/10/2019,06/25/2019,9397317,M09149,Cemex S A,0093625,"CEMEX Construction Materials South, LLC",Operator,0500344,Lyons Cement Plant Cemex Inc,Facility,M,,06/10/2019,06/10/2019,2019,2,2019,3,1216,N,,56.12028,104(a),,Citation,06/10/2019,1700,06/10/2019,1700,06/10/2019,1512,Terminated,,,,,Unlikely,LostDays,1,ModNegligence,N,,N,Primary,,N,09/11/2019,214,214,214,08/06/2019,Paid,11/26/2019,,,N,,32,20
6785595,06/10/2019,06/25/2019,9397318,M09149,Cemex S A,0093625,"CEMEX Construction Materials South, LLC",Operator,0500344,Lyons Cement Plant Cemex Inc,Facility,M,,06/10/2019,06/10/2019,2019,2,2019,3,1251,N,,56.12028,104(a),,Citation,06/10/2019,1400,06/10/2019,1400,06/10/2019,1317,Terminated,,,,,Unlikely,LostDays,1,HighNegligence,N,,N,Primary,,N,01/21/2020,708,708,708,08/06/2019,Paid,02/11/2020,,,N,,32,20
6785595,06/10/2019,06/25/2019,9397319,M09149,Cemex S A,0093625,"CEMEX Construction Materials South, LLC",Operator,0500344,Lyons Cement Plant Cemex Inc,Facility,M,,06/10/2019,06/10/2019,2019,2,2019,3,1420,N,,56.12028,104(a),,Citation,06/10/2019,1600,06/10/2019,1600,06/10/2019,1428,Terminated,,,,,Unlikely,LostDays,1,HighNegligence,N,,N,Primary,,N,01/21/2020,708,708,708,08/06/2019,Paid,02/11/2020,,,N,,32,20
6785595,06/10/2019,06/25/2019,9397320,M09149,Cemex S A,0093625,"CEMEX Construction Materials South, LLC",Operator,0500344,Lyons Cement Plant Cemex Inc,Facility,M,,06/10/2019,06/10/2019,2019,2,2019,3,1457,N,,56.20003(a),104(a),,Citation,06/11/2019,0900,06/11/2019,0900,06/11/2019,1629,Terminated,,,,,Unlikely,LostDays,1,ModNegligence,N,,N,Primary,,N,09/11/2019,214,214,214,08/06/2019,Paid,11/26/2019,,,N,,32,20
6785595,06/10/2019,06/25/2019,9397321,M09149,Cemex S A,0093625,"CEMEX Construction Materials South, LLC",Operator,0500344,Lyons Cement Plant Cemex Inc,Facility,M,,06/10/2019,06/10/2019,2019,2,2019,3,1541,Y,,56.12030,104(a),,Citation,06/10/2019,1630,06/10/2019,1630,06/10/2019,1620,Terminated,,,,,Reasonably,LostDays,1,HighNegligence,N,,N,Primary,,N,01/21/2020,3511,3511,3511,08/06/2019,Paid,02/11/2020,,,N,,32,20
6785595,06/10/2019,06/25/2019,9397324,M09149,Cemex S A,0093625,"CEMEX Construction Materials South, LLC",Operator,0500344,Lyons Cement Plant Cemex Inc,Facility,M,,06/11/2019,06/11/2019,2019,2,2019,3,1515,N,,56.14116(a),104(a),,Citation,06/11/2019,1545,06/11/2019,1545,06/11/2019,1523,Terminated,,,,,Unlikely,LostDays,1,ModNegligence,N,,N,Primary,,N,01/21/2020,902,202,202,08/06/2019,Paid,02/11/2020,,,N,,32,22
6785595,06/10/2019,06/25/2019,9348277,M09149,Cemex S A,0093625,"CEMEX Construction Materials South, LLC",Operator,0500344,Lyons Cement Plant Cemex Inc,Facility,M,,06/11/2019,06/11/2019,2019,2,2019,3,0755,N,,56.20002(a),104(a),,Citation,06/11/2019,0930,06/11/2019,0930,06/13/2019,0739,Terminated,,,,,Unlikely,LostDays,1,LowNegligence,N,,N,Primary,,N,01/21/2020,405,135,135,08/06/2019,Paid,02/11/2020,,,N,,32,22
6785595,06/10/2019,06/25/2019,9348278,M09149,Cemex S A,0093625,"CEMEX Construction Materials South, LLC",Operator,0500344,Lyons Cement Plant Cemex Inc,Facility,M,,06/11/2019,06/11/2019,2019,2,2019,3,2210,Y,,56.15001,104(a),,Citation,06/11/2019,2355,06/11/2019,2355,06/13/2019,0750,Terminated,,,,,Reasonably,LostDays,1,ModNegligence,N,,N,Primary,,N,01/21/2020,902,902,902,08/06/2019,Paid,02/11/2020,,,N,,32,22
6785595,06/10/2019,06/25/2019,9397322,M09149,Cemex S A,0093625,"CEMEX Construction Materials South, LLC",Operator,0500344,Lyons Cement Plant Cemex Inc,Facility,M,,06/11/2019,06/11/2019,2019,2,2019,3,1458,N,,56.12028,104(a),,Citation,06/11/2019,1700,06/11/2019,1700,06/11/2019,1508,Terminated,,,,,Unlikely,LostDays,1,ModNegligence,N,,N,Primary,,N,01/21/2020,181,181,181,08/06/2019,Paid,02/11/2020,,,N,,32,22
6785595,06/10/2019,06/25/2019,9397323,M09149,Cemex S A,0093625,"CEMEX Construction Materials South, LLC",Operator,0500344,Lyons Cement Plant Cemex Inc,Facility,M,,06/11/2019,06/11/2019,2019,2,2019,3,1459,N,,56.12028,104(a),,Citation,06/11/2019,1700,06/11/2019,1700,06/11/2019,1508,Terminated,,,,,Unlikely,LostDays,1,ModNegligence,N,,N,Primary,,N,01/21/2020,181,181,181,08/06/2019,Paid,02/11/2020,,,N,,32,22
6785595,06/10/2019,06/25/2019,9397325,M09149,Cemex S A,0093625,"CEMEX Construction Materials South, LLC",Operator,0500344,Lyons Cement Plant Cemex Inc,Facility,M,,06/11/2019,06/11/2019,2019,2,2019,3,1532,N,,56.12028,104(a),,Citation,06/12/2019,1200,06/12/2019,1200,06/12/2019,1200,Terminated,,,,,Unlikely,LostDays,1,HighNegligence,N,,N,Primary,,N,01/21/2020,604,604,604,08/06/2019,Paid,02/11/2020,,,N,,32,22
6785595,06/10/2019,06/25/2019,9397429,M09149,Cemex S A,0093625,"CEMEX Construction Materials South, LLC",Operator,0500344,Lyons Cement Plant Cemex Inc,Facility,M,,06/11/2019,06/11/2019,2019,2,2019,3,1120,N,,56.20003(c),104(a),,Citation,06/12/2019,1200,06/17/2019,1200,06/13/2019,1120,Terminated,,,,,Unlikely,LostDays,1,LowNegligence,N,,N,Primary,,N,09/11/2019,121,121,121,08/06/2019,Paid,11/26/2019,,,N,,32,22
6785595,06/10/2019,06/25/2019,9397339,M09149,Cemex S A,0093625,"CEMEX Construction Materials South, LLC",Operator,0500344,Lyons Cement Plant Cemex Inc,Facility,M,,06/11/2019,06/11/2019,2019,2,2019,3,1903,N,,56.20003(a),104(a),,Citation,06/11/2019,2000,06/12/2019,1600,06/12/2019,1403,Terminated,,,,,Unlikely,LostDays,1,ModNegligence,N,,N,Primary,,N,01/21/2020,902,202,202,08/06/2019,Paid,02/11/2020,,,N,,32,22
6785595,06/10/2019,06/25/2019,9397425,M09149,Cemex S A,0093625,"CEMEX Construction Materials South, LLC",Operator,0500344,Lyons Cement Plant Cemex Inc,Facility,M,,06/11/2019,06/11/2019,2019,2,2019,3,1030,N,,56.12008,104(a),,Citation,06/11/2019,1500,06/11/2019,1500,06/11/2019,1230,Terminated,,,,,Unlikely,LostDays,1,LowNegligence,N,,N,Primary,,N,09/11/2019,121,121,121,08/06/2019,Paid,11/26/2019,,,N,,32,22
6785595,06/10/2019,06/25/2019,9397332,M09149,Cemex S A,0093625,"CEMEX Construction Materials South, LLC",Operator,0500344,Lyons Cement Plant Cemex Inc,Facility,M,,06/11/2019,06/11/2019,2019,2,2019,3,1617,N,,56.16006,104(a),,Citation,06/12/2019,1400,06/12/2019,1400,06/12/2019,1345,Terminated,,,,,Unlikely,Permanent,1,HighNegligence,N,,N,Primary,,N,01/21/2020,902,902,902,08/06/2019,Paid,02/11/2020,,,N,,32,22
6785595,06/10/2019,06/25/2019,9397333,M09149,Cemex S A,0093625,"CEMEX Construction Materials South, LLC",Operator,0500344,Lyons Cement Plant Cemex Inc,Facility,M,,06/11/2019,06/11/2019,2019,2,2019,3,1645,N,,56.12032,104(a),,Citation,06/12/2019,1400,06/12/2019,1400,06/12/2019,1329,Terminated,,,,,Unlikely,Fatal,1,ModNegligence,N,,N,Primary,,N,09/11/2019,604,604,604,08/06/2019,Paid,11/26/2019,,,N,,32,22
6785595,06/10/2019,06/25/2019,9397334,M09149,Cemex S A,0093625,"CEMEX Construction Materials South, LLC",Operator,0500344,Lyons Cement Plant Cemex Inc,Facility,M,,06/11/2019,06/11/2019,2019,2,2019,3,1703,N,,56.12028,104(a),,Citation,06/12/2019,1400,06/12/2019,1400,06/12/2019,1319,Terminated,,,,,Unlikely,LostDays,1,HighNegligence,N,,N,Primary,,N,01/21/2020,604,604,604,08/06/2019,Paid,02/11/2020,,,N,,32,22
6785595,06/10/2019,06/25/2019,9397335,M09149,Cemex S A,0093625,"CEMEX Construction Materials South, LLC",Operator,0500344,Lyons Cement Plant Cemex Inc,Facility,M,,06/11/2019,06/11/2019,2019,2,2019,3,1714,N,,56.12028,104(a),,Citation,06/12/2019,1400,06/12/2019,1400,06/12/2019,1352,Terminated,,,,,Unlikely,LostDays,1,ModNegligence,N,,N,Primary,,N,01/21/2020,181,181,181,08/06/2019,Paid,02/11/2020,,,N,,32,22
6785595,06/10/2019,06/25/2019,9397336,M09149,Cemex S A,0093625,"CEMEX Construction Materials South, LLC",Operator,0500344,Lyons Cement Plant Cemex Inc,Facility,M,,06/11/2019,06/11/2019,2019,2,2019,3,1857,N,,56.12028,104(a),,Citation,06/12/2019,1400,06/12/2019,1400,06/12/2019,1343,Terminated,,,,,Unlikely,LostDays,1,ModNegligence,N,,N,Primary,,N,01/21/2020,181,181,181,08/06/2019,Paid,02/11/2020,,,N,,32,22
6785595,06/10/2019,06/25/2019,9397329,M09149,Cemex S A,0093625,"CEMEX Construction Materials South, LLC",Operator,0500344,Lyons Cement Plant Cemex Inc,Facility,M,,06/11/2019,06/11/2019,2019,2,2019,3,1558,N,,56.16006,104(a),,Citation,06/12/2019,1800,06/12/2019,1800,06/12/2019,1553,Terminated,,,,,Unlikely,Permanent,1,ModNegligence,N,,N,Primary,,N,09/11/2019,270,270,270,08/06/2019,Paid,11/26/2019,,,N,,32,22
6785595,06/10/2019,06/25/2019,9397330,M09149,Cemex S A,0093625,"CEMEX Construction Materials South, LLC",Operator,0500344,Lyons Cement Plant Cemex Inc,Facility,M,,06/11/2019,06/11/2019,2019,2,2019,3,1559,N,,56.16005,104(a),,Citation,06/12/2019,1800,06/12/2019,1800,06/12/2019,1552,Terminated,,,,,Unlikely,Permanent,1,ModNegligence,N,,N,Primary,,N,09/11/2019,270,270,270,08/06/2019,Paid,11/26/2019,,,N,,32,22
6785595,06/10/2019,06/25/2019,9397327,M09149,Cemex S A,0093625,"CEMEX Construction Materials South, LLC",Operator,0500344,Lyons Cement Plant Cemex Inc,Facility,M,,06/11/2019,06/11/2019,2019,2,2019,3,1359,N,,56.12004,104(a),,Citation,06/11/2019,1700,06/11/2019,1700,06/11/2019,1551,Terminated,,,,,Unlikely,LostDays,1,ModNegligence,N,,N,Primary,,N,09/11/2019,181,181,181,08/06/2019,Paid,11/26/2019,,,N,,32,22
6785595,06/10/2019,06/25/2019,9397326,M09149,Cemex S A,0093625,"CEMEX Construction Materials South, LLC",Operator,0500344,Lyons Cement Plant Cemex Inc,Facility,M,,06/11/2019,06/11/2019,2019,2,2019,3,1538,N,,56.12004,104(a),,Citation,06/11/2019,1700,06/11/2019,1700,06/11/2019,1550,Terminated,,,,,Unlikely,LostDays,1,ModNegligence,N,,N,Primary,,N,09/11/2019,181,181,181,08/06/2019,Paid,11/26/2019,,,N,,32,22
6785595,06/10/2019,06/25/2019,9397328,M09149,Cemex S A,0093625,"CEMEX Construction Materials South, LLC",Operator,0500344,Lyons Cement Plant Cemex Inc,Facility,M,,06/11/2019,06/11/2019,2019,2,2019,3,1547,N,,56.16006,104(a),,Citation,06/11/2019,1800,06/11/2019,1800,06/11/2019,1555,Terminated,,,,,Unlikely,Permanent,1,ModNegligence,N,,N,Primary,,N,09/11/2019,270,270,270,08/06/2019,Paid,11/26/2019,,,N,,32,22
6785595,06/10/2019,06/25/2019,9397338,M09149,Cemex S A,0093625,"CEMEX Construction Materials South, LLC",Operator,0500344,Lyons Cement Plant Cemex Inc,Facility,M,,06/11/2019,06/11/2019,2019,2,2019,3,1827,N,,56.12028,104(a),,Citation,06/12/2019,1800,06/12/2019,1800,06/12/2019,1525,Terminated,,,,,Unlikely,LostDays,1,HighNegligence,N,,N,Primary,,N,01/21/2020,604,604,604,08/06/2019,Paid,02/11/2020,,,N,,32,22
6785595,06/10/2019,06/25/2019,9397426,M09149,Cemex S A,0093625,"CEMEX Construction Materials South, LLC",Operator,0500344,Lyons Cement Plant Cemex Inc,Facility,M,,06/11/2019,06/11/2019,2019,2,2019,3,1120,N,,56.20003(c),104(a),,Citation,06/12/2019,1200,06/17/2019,1200,06/13/2019,1111,Terminated,,,,,Unlikely,LostDays,1,LowNegligence,N,,N,Primary,,N,09/11/2019,121,121,121,08/06/2019,Paid,11/26/2019,,,N,,32,22
6785595,06/10/2019,06/25/2019,9397337,M09149,Cemex S A,0093625,"CEMEX Construction Materials South, LLC",Operator,0500344,Lyons Cement Plant Cemex Inc,Facility,M,,06/11/2019,06/11/2019,2019,2,2019,3,1618,N,,56.4603(b),104(a),,Citation,06/12/2019,1730,06/12/2019,1730,06/11/2019,1626,Terminated,,,,,Unlikely,Permanent,1,HighNegligence,N,,N,Primary,,N,01/21/2020,902,902,902,08/06/2019,Paid,02/11/2020,,,N,,32,22
6785595,06/10/2019,06/25/2019,9397428,M09149,Cemex S A,0093625,"CEMEX Construction Materials South, LLC",Operator,0500344,Lyons Cement Plant Cemex Inc,Facility,M,,06/11/2019,06/11/2019,2019,2,2019,3,1120,N,,56.20003(c),104(a),,Citation,06/12/2019,1200,06/17/2019,1200,06/13/2019,1117,Terminated,,,,,Unlikely,LostDays,1,LowNegligence,N,,N,Primary,,N,09/11/2019,121,121,121,08/06/2019,Paid,11/26/2019,,,N,,32,22
6785595,06/10/2019,06/25/2019,9397427,M09149,Cemex S A,0093625,"CEMEX Construction Materials South, LLC",Operator,0500344,Lyons Cement Plant Cemex Inc,Facility,M,,06/11/2019,06/11/2019,2019,2,2019,3,1120,N,,56.20003(c),104(a),,Citation,06/12/2019,1200,06/17/2019,1200,06/13/2019,1115,Terminated,,,,,Unlikely,LostDays,1,LowNegligence,N,,N,Primary,,N,09/11/2019,121,121,121,08/06/2019,Paid,11/26/2019,,,N,,32,22
6785595,06/10/2019,06/25/2019,9397430,M09149,Cemex S A,0093625,"CEMEX Construction Materials South, LLC",Operator,0500344,Lyons Cement Plant Cemex Inc,Facility,M,,06/11/2019,06/11/2019,2019,2,2019,3,1120,N,,56.20003(c),104(a),,Citation,06/12/2019,1200,06/17/2019,1200,06/13/2019,1122,Terminated,,,,,Unlikely,LostDays,1,LowNegligence,N,,N,Primary,,N,09/11/2019,121,121,121,08/06/2019,Paid,11/26/2019,,,N,,32,22
6785595,06/10/2019,06/25/2019,9397431,M09149,Cemex S A,0093625,"CEMEX Construction Materials South, LLC",Operator,0500344,Lyons Cement Plant Cemex Inc,Facility,M,,06/11/2019,06/11/2019,2019,2,2019,3,1120,N,,56.20003(c),104(a),,Citation,06/12/2019,1200,06/17/2019,1200,06/13/2019,1125,Terminated,,,,,Unlikely,LostDays,1,LowNegligence,N,,N,Primary,,N,09/11/2019,121,121,121,08/06/2019,Paid,11/26/2019,,,N,,32,22
6785595,06/10/2019,06/25/2019,9397331,M09149,Cemex S A,0093625,"CEMEX Construction Materials South, LLC",Operator,0500344,Lyons Cement Plant Cemex Inc,Facility,M,,06/11/2019,06/11/2019,2019,2,2019,3,1603,Y,,56.12004,104(a),,Citation,06/11/2019,1700,06/12/2019,1700,06/12/2019,1354,Terminated,,,,,Reasonably,Fatal,1,ModNegligence,N,,N,Primary,,N,01/21/2020,2993,2993,2993,08/06/2019,Paid,02/11/2020,,,N,,32,22
6785595,06/10/2019,06/25/2019,9397434,M09149,Cemex S A,0093625,"CEMEX Construction Materials South, LLC",Operator,0500344,Lyons Cement Plant Cemex Inc,Facility,M,,06/12/2019,06/12/2019,2019,2,2019,3,1130,N,,56.12028,104(a),,Citation,06/12/2019,1500,06/12/2019,1500,06/12/2019,1303,Terminated,,,,,Unlikely,LostDays,1,HighNegligence,N,,N,Primary,,N,01/21/2020,514,514,514,08/06/2019,Paid,02/11/2020,,,N,,32,27
6785595,06/10/2019,06/25/2019,9397435,M09149,Cemex S A,0093625,"CEMEX Construction Materials South, LLC",Operator,0500344,Lyons Cement Plant Cemex Inc,Facility,M,,06/12/2019,06/12/2019,2019,2,2019,3,1450,N,,56.4201(a)(2),104(a),,Citation,06/13/2019,1200,06/13/2019,1200,06/13/2019,0900,Terminated,,,,,Unlikely,LostDays,1,ModNegligence,N,,N,Primary,,N,09/11/2019,154,154,154,08/06/2019,Paid,11/26/2019,,,N,,32,27
6785595,06/10/2019,06/25/2019,9397432,M09149,Cemex S A,0093625,"CEMEX Construction Materials South, LLC",Operator,0500344,Lyons Cement Plant Cemex Inc,Facility,M,,06/12/2019,06/12/2019,2019,2,2019,3,0940,N,,56.14109(a),104(a),,Citation,06/12/2019,1300,06/12/2019,1300,06/12/2019,0955,Terminated,,,,,Unlikely,Permanent,1,ModNegligence,N,,N,Primary,,N,01/21/2020,1146,256,256,08/06/2019,Paid,02/11/2020,,,N,,32,27
6785595,06/10/2019,06/25/2019,9397433,M09149,Cemex S A,0093625,"CEMEX Construction Materials South, LLC",Operator,0500344,Lyons Cement Plant Cemex Inc,Facility,M,,06/12/2019,06/12/2019,2019,2,2019,3,1017,N,,56.20003(a),104(a),,Citation,06/12/2019,1500,06/12/2019,1500,06/12/2019,1350,Terminated,,,,,Unlikely,LostDays,1,LowNegligence,N,,N,Primary,,N,09/11/2019,121,121,121,08/06/2019,Paid,11/26/2019,,,N,,32,27
6785595,06/10/2019,06/25/2019,9348283,M09149,Cemex S A,0093625,"CEMEX Construction Materials South, LLC",Operator,0500344,Lyons Cement Plant Cemex Inc,Facility,M,,06/13/2019,06/13/2019,2019,2,2019,3,1330,N,,56.4011,104(a),,Citation,06/13/2019,1430,06/13/2019,1430,06/13/2019,1600,Terminated,,,,,Unlikely,LostDays,1,LowNegligence,N,,N,Primary,,N,09/11/2019,121,121,121,08/06/2019,Paid,11/26/2019,,,N,,32,32
6785595,06/10/2019,06/25/2019,9348282,M09149,Cemex S A,0093625,"CEMEX Construction Materials South, LLC",Operator,0500344,Lyons Cement Plant Cemex Inc,Facility,M,,06/13/2019,06/13/2019,2019,2,2019,3,1125,N,,56.4201(a)(2),104(a),,Citation,06/13/2019,1325,06/13/2019,1325,06/14/2019,1200,Terminated,,,,,Unlikely,LostDays,1,LowNegligence,N,,N,Primary,,N,01/21/2020,440,218,218,08/06/2019,Paid,02/11/2020,,,N,,32,32
6785595,06/10/2019,06/25/2019,9348281,M09149,Cemex S A,0093625,"CEMEX Construction Materials South, LLC",Operator,0500344,Lyons Cement Plant Cemex Inc,Facility,M,,06/13/2019,06/13/2019,2019,2,2019,3,1115,N,,56.4201(a)(1),104(a),,Citation,06/13/2019,1315,06/13/2019,1315,06/14/2019,1200,Terminated,,,,,Unlikely,LostDays,1,LowNegligence,N,,N,Primary,,N,01/21/2020,440,218,218,08/06/2019,Paid,02/11/2020,,,N,,32,32
6785595,06/10/2019,06/25/2019,9348280,M09149,Cemex S A,0093625,"CEMEX Construction Materials South, LLC",Operator,0500344,Lyons Cement Plant Cemex Inc,Facility,M,,06/13/2019,06/13/2019,2019,2,2019,3,1020,N,,56.12004,104(a),,Citation,06/13/2019,1220,06/13/2019,1220,06/13/2019,1105,Terminated,,,,,Unlikely,LostDays,1,HighNegligence,N,,N,Primary,,N,01/21/2020,440,440,440,08/06/2019,Paid,02/11/2020,,,N,,32,32
6785595,06/10/2019,06/25/2019,9348279,M09149,Cemex S A,0093625,"CEMEX Construction Materials South, LLC",Operator,0500344,Lyons Cement Plant Cemex Inc,Facility,M,,06/13/2019,06/13/2019,2019,2,2019,3,0940,N,,56.14112(b),104(a),,Citation,06/13/2019,1140,06/13/2019,1140,06/13/2019,1135,Terminated,,,,,Unlikely,Permanent,1,ModNegligence,N,,N,Primary,,N,09/11/2019,196,196,196,08/06/2019,Paid,11/26/2019,,,N,,32,32
6785595,06/10/2019,06/25/2019,9348284,M09149,Cemex S A,0093625,"CEMEX Construction Materials South, LLC",Operator,0500344,Lyons Cement Plant Cemex Inc,Facility,M,,06/17/2019,06/17/2019,2019,2,2019,3,1025,N,,56.12028,104(a),,Citation,06/17/2019,1225,06/17/2019,1225,06/17/2019,1045,Terminated,,,,,Unlikely,LostDays,1,HighNegligence,N,,N,Primary,,N,01/21/2020,440,440,440,08/06/2019,Paid,02/11/2020,,,N,,32,35
6785595,06/10/2019,06/25/2019,9348286,M09149,Cemex S A,0093625,"CEMEX Construction Materials South, LLC",Operator,0500344,Lyons Cement Plant Cemex Inc,Facility,M,,06/18/2019,06/18/2019,2019,2,2019,3,1512,N,,56.12032,104(a),,Citation,06/18/2019,1615,06/18/2019,1615,06/18/2019,1545,Terminated,,,,,Unlikely,LostDays,1,ModNegligence,N,,N,Primary,,N,09/11/2019,121,121,121,08/06/2019,Paid,11/26/2019,,,N,,32,36
6785595,06/10/2019,06/25/2019,9348285,M09149,Cemex S A,0093625,"CEMEX Construction Materials South, LLC",Operator,0500344,Lyons Cement Plant Cemex Inc,Facility,M,,06/18/2019,06/18/2019,2019,2,2019,3,1305,N,,56.20003(a),104(a),,Citation,06/18/2019,1445,06/18/2019,1445,06/18/2019,1620,Terminated,,,,,Unlikely,LostDays,1,ModNegligence,N,,N,Primary,,N,09/11/2019,121,121,121,08/06/2019,Paid,11/26/2019,,,N,,32,36
6785595,06/10/2019,06/25/2019,9348291,M09149,Cemex S A,0093625,"CEMEX Construction Materials South, LLC",Operator,0500344,Lyons Cement Plant Cemex Inc,Facility,M,,06/24/2019,06/24/2019,2019,2,2019,3,1030,N,,56.12028,104(a),,Citation,06/24/2019,1230,06/24/2019,1230,06/24/2019,1105,Terminated,,,,,Unlikely,LostDays,1,HighNegligence,N,,N,Primary,,N,01/21/2020,372,372,372,08/06/2019,Paid,02/11/2020,,,N,,32,38
6785595,06/10/2019,06/25/2019,9348292,M09149,Cemex S A,0093625,"CEMEX Construction Materials South, LLC",Operator,0500344,Lyons Cement Plant Cemex Inc,Facility,M,,06/24/2019,06/24/2019,2019,2,2019,3,1145,N,,56.12032,104(a),,Citation,06/24/2019,1345,06/24/2019,1345,06/24/2019,1345,Terminated,,,,,Unlikely,LostDays,1,HighNegligence,N,,N,Primary,,N,01/21/2020,372,372,372,08/06/2019,Paid,02/11/2020,,,N,,32,38
6785595,06/10/2019,06/25/2019,9348296,M09149,Cemex S A,0093625,"CEMEX Construction Materials South, LLC",Operator,0500344,Lyons Cement Plant Cemex Inc,Facility,M,,07/01/2019,06/11/2019,2019,3,2019,4,0747,N,,56.5001(a)/.5005,104(a),,Citation,08/01/2019,1700,09/14/2019,0900,09/05/2019,0900,Terminated,,,,,Unlikely,Permanent,1,ModNegligence,N,,N,Primary,,N,09/11/2019,270,270,270,08/06/2019,Paid,11/26/2019,,,N,,32,22
6785600,07/05/2019,07/05/2019,9348300,M09149,Cemex S A,0093625,"CEMEX Construction Materials South, LLC",Operator,0500344,Lyons Cement Plant Cemex Inc,Facility,M,,07/05/2019,07/05/2019,2019,3,2019,4,0915,N,,56.12032,104(a),,Citation,07/05/2019,1015,07/05/2019,1015,04/06/2020,1239,Terminated,,,,,Unlikely,LostDays,1,HighNegligence,N,,N,Primary,,N,01/21/2020,2421,2421,2421,08/06/2019,Paid,02/11/2020,,,N,,32,41
6785600,07/05/2019,07/05/2019,9348301,M09149,Cemex S A,0093625,"CEMEX Construction Materials South, LLC",Operator,0500344,Lyons Cement Plant Cemex Inc,Facility,M,,07/05/2019,06/11/2019,2019,3,2019,4,0945,N,,56.5002,104(a),,Citation,07/19/2019,1700,09/03/2019,1200,09/19/2019,1139,Terminated,,,,,Unlikely,Permanent,1,LowNegligence,N,,N,Primary,,N,01/21/2020,168,135,135,08/06/2019,Paid,02/11/2020,,,N,,32,41
6788796,02/10/2020,02/12/2020,9347397,M09149,Cemex S A,0093625,"CEMEX Construction Materials South, LLC",Operator,0500344,Lyons Cement Plant Cemex Inc,Facility,M,,02/10/2020,02/10/2020,2020,1,2020,2,1120,Y,,56.13021,104(a),,Citation,02/10/2020,1345,02/10/2020,1345,02/10/2020,1125,Terminated,,,,,Reasonably,Permanent,1,ModNegligence,N,,N,Primary,,N,05/17/2020,2595,2595,2595,04/07/2020,Paid,07/28/2020,,,N,,76,38
6788796,02/10/2020,02/12/2020,9347398,M09149,Cemex S A,0093625,"CEMEX Construction Materials South, LLC",Operator,0500344,Lyons Cement Plant Cemex Inc,Facility,M,,02/10/2020,02/10/2020,2020,1,2020,2,1125,N,,56.16005,104(a),,Citation,02/10/2020,1600,02/10/2020,1600,02/10/2020,1130,Terminated,,,,,Unlikely,Fatal,1,ModNegligence,N,,N,Primary,,N,05/17/2020,1166,1166,1166,04/07/2020,Paid,07/28/2020,,,N,,76,38
6788796,02/10/2020,02/12/2020,9347399,M09149,Cemex S A,0093625,"CEMEX Construction Materials South, LLC",Operator,0500344,Lyons Cement Plant Cemex Inc,Facility,M,,02/10/2020,02/10/2020,2020,1,2020,2,1150,Y,,56.14112(b),104(a),,Citation,02/10/2020,1300,02/10/2020,1300,02/10/2020,1630,Terminated,,,,,Reasonably,Fatal,1,ModNegligence,N,,N,Primary,,N,05/17/2020,5776,5776,5776,04/07/2020,Paid,07/28/2020,,,N,,76,38
6788796,02/10/2020,02/12/2020,9347400,M09149,Cemex S A,0093625,"CEMEX Construction Materials South, LLC",Operator,0500344,Lyons Cement Plant Cemex Inc,Facility,M,,02/10/2020,02/10/2020,2020,1,2020,2,1235,N,,56.12004,104(a),,Citation,02/10/2020,1600,02/10/2020,1600,02/10/2020,1240,Terminated,,,,,Unlikely,LostDays,1,ModNegligence,N,,N,Primary,,N,05/17/2020,1166,1166,1166,04/07/2020,Paid,07/28/2020,,,N,,76,38
6788796,02/10/2020,02/12/2020,9398312,M09149,Cemex S A,0093625,"CEMEX Construction Materials South, LLC",Operator,0500344,Lyons Cement Plant Cemex Inc,Facility,M,,02/10/2020,02/10/2020,2020,1,2020,2,1355,N,,56.14132(a),104(a),,Citation,02/10/2020,1600,02/10/2020,1600,02/11/2020,1200,Terminated,,,,,Unlikely,LostDays,1,ModNegligence,N,,N,Primary,,N,05/17/2020,351,351,351,04/07/2020,Paid,07/28/2020,,,N,,76,38
6788796,02/10/2020,02/12/2020,9398601,M09149,Cemex S A,0093625,"CEMEX Construction Materials South, LLC",Operator,0500344,Lyons Cement Plant Cemex Inc,Facility,M,,02/10/2020,02/10/2020,2020,1,2020,2,1255,N,,56.12032,104(a),,Citation,02/10/2020,1700,02/10/2020,1700,02/10/2020,1500,Terminated,,,,,Unlikely,Fatal,1,ModNegligence,N,,N,Primary,,N,05/17/2020,1166,1166,1166,04/07/2020,Paid,07/28/2020,,,N,,76,38
6788796,02/10/2020,02/12/2020,9398313,M09149,Cemex S A,0093625,"CEMEX Construction Materials South, LLC",Operator,0500344,Lyons Cement Plant Cemex Inc,Facility,M,,02/10/2020,02/10/2020,2020,1,2020,2,1515,N,,56.4601,104(a),,Citation,02/10/2020,1600,02/10/2020,1600,02/10/2020,1530,Terminated,,,,,Unlikely,LostDays,1,ModNegligence,N,,N,Primary,,N,05/17/2020,351,351,351,04/07/2020,Paid,07/28/2020,,,N,,76,38
6788796,02/10/2020,02/12/2020,9398314,M09149,Cemex S A,0093625,"CEMEX Construction Materials South, LLC",Operator,0500344,Lyons Cement Plant Cemex Inc,Facility,M,,02/11/2020,02/11/2020,2020,1,2020,2,1100,N,,56.12032,104(a),,Citation,02/11/2020,1300,02/11/2020,1300,02/11/2020,1300,Terminated,,,,,Unlikely,LostDays,1,ModNegligence,N,,N,Primary,,N,05/17/2020,275,275,275,04/07/2020,Paid,07/28/2020,,,N,,76,40
6788796,02/10/2020,02/12/2020,9398315,M09149,Cemex S A,0093625,"CEMEX Construction Materials South, LLC",Operator,0500344,Lyons Cement Plant Cemex Inc,Facility,M,,02/11/2020,02/11/2020,2020,1,2020,2,2017,N,,56.12004,104(a),,Citation,02/11/2020,2100,02/11/2020,2100,02/12/2020,1210,Terminated,,,,,Unlikely,LostDays,1,ModNegligence,N,,N,Primary,,N,05/17/2020,918,918,918,04/07/2020,Paid,07/28/2020,,,N,,76,40
6788796,02/10/2020,02/12/2020,9398316,M09149,Cemex S A,0093625,"CEMEX Construction Materials South, LLC",Operator,0500344,Lyons Cement Plant Cemex Inc,Facility,M,,02/11/2020,02/11/2020,2020,1,2020,2,2036,N,,56.4200(b)(2),104(a),,Citation,02/11/2020,2200,02/11/2020,2200,02/11/2020,2045,Terminated,,,,,Unlikely,LostDays,1,ModNegligence,N,,N,Primary,,N,05/17/2020,275,275,275,04/07/2020,Paid,07/28/2020,,,N,,76,40
6788796,02/10/2020,02/12/2020,9398602,M09149,Cemex S A,0093625,"CEMEX Construction Materials South, LLC",Operator,0500344,Lyons Cement Plant Cemex Inc,Facility,M,,02/11/2020,02/11/2020,2020,1,2020,2,0700,N,,56.20009,104(a),,Citation,02/17/2020,1200,06/26/2020,0800,07/01/2020,0835,Terminated,,,,,Unlikely,Fatal,3,LowNegligence,N,,N,Primary,,N,05/17/2020,523,523,523,04/07/2020,Paid,07/28/2020,,,N,,76,40
6788796,02/10/2020,02/12/2020,9398603,M09149,Cemex S A,0093625,"CEMEX Construction Materials South, LLC",Operator,0500344,Lyons Cement Plant Cemex Inc,Facility,M,,02/11/2020,02/11/2020,2020,1,2020,2,1015,Y,,56.14205,104(a),,Citation,02/11/2020,1200,02/11/2020,1200,02/11/2020,1020,Terminated,,,,,Reasonably,Fatal,1,ModNegligence,N,,N,Primary,,N,05/17/2020,4544,4544,4544,04/07/2020,Paid,07/28/2020,,,N,,76,40
6788796,02/10/2020,02/12/2020,9398604,M09149,Cemex S A,0093625,"CEMEX Construction Materials South, LLC",Operator,0500344,Lyons Cement Plant Cemex Inc,Facility,M,,02/11/2020,02/11/2020,2020,1,2020,2,1250,N,,56.14214(b),104(a),,Citation,02/11/2020,1500,02/11/2020,1500,02/11/2020,1300,Terminated,,,,,Unlikely,Fatal,1,ModNegligence,N,,N,Primary,,N,05/17/2020,918,918,918,04/07/2020,Paid,07/28/2020,,,N,,76,40
6852469,04/21/2020,04/30/2020,9397057,M09149,Cemex S A,0093625,"CEMEX Construction Materials South, LLC",Operator,0500344,Lyons Cement Plant Cemex Inc,Facility,M,,04/21/2020,04/21/2020,2020,2,2020,3,1100,N,,56.20011,104(a),,Citation,04/21/2020,1600,04/21/2020,1600,04/21/2020,1140,Terminated,,,,,Unlikely,Fatal,1,ModNegligence,N,,N,Primary,,N,07/23/2020,1483,1483,1483,06/15/2020,Paid,07/27/2020,,,N,,73,34
6852469,04/21/2020,04/30/2020,9397059,,,H879,Performance Drilling of Payson,Contractor,0500344,Lyons Cement Plant Cemex Inc,Facility,M,H879,04/21/2020,04/21/2020,2020,2,2020,3,1115,N,,56.11012,104(a),,Citation,04/22/2020,1700,04/24/2020,0900,04/23/2020,1400,Terminated,,,,,Unlikely,LostDays,1,ModNegligence,N,,N,Primary,,N,08/01/2020,123,123,123,06/24/2020,Paid,07/23/2020,,,N,,0,0
6852469,04/21/2020,04/30/2020,9397060,,,H879,Performance Drilling of Payson,Contractor,0500344,Lyons Cement Plant Cemex Inc,Facility,M,H879,04/21/2020,04/21/2020,2020,2,2020,3,1120,N,,56.4101,104(a),,Citation,04/22/2020,1700,04/24/2020,0900,04/23/2020,1435,Terminated,,,,,Unlikely,LostDays,1,HighNegligence,N,,N,Primary,,N,08/01/2020,123,123,123,06/24/2020,Paid,07/23/2020,,,N,,0,0
6852469,04/21/2020,04/30/2020,9397061,M09149,Cemex S A,0093625,"CEMEX Construction Materials South, LLC",Operator,0500344,Lyons Cement Plant Cemex Inc,Facility,M,,04/22/2020,04/22/2020,2020,2,2020,3,1015,N,,56.14100(b),104(a),,Citation,04/22/2020,1600,04/22/2020,1600,04/22/2020,1450,Terminated,,,,,Unlikely,LostDays,1,LowNegligence,N,,N,Primary,,N,07/23/2020,157,157,157,06/15/2020,Paid,07/27/2020,,,N,,73,35
6852469,04/21/2020,04/30/2020,9397062,M09149,Cemex S A,0093625,"CEMEX Construction Materials South, LLC",Operator,0500344,Lyons Cement Plant Cemex Inc,Facility,M,,04/22/2020,04/22/2020,2020,2,2020,3,1040,N,,56.14132(a),104(a),,Citation,04/22/2020,1600,04/22/2020,1600,04/22/2020,1455,Terminated,,,,,Unlikely,LostDays,1,ModNegligence,N,,N,Primary,,N,07/23/2020,351,351,351,06/15/2020,Paid,07/27/2020,,,N,,73,35
6852469,04/21/2020,04/30/2020,9397063,M09149,Cemex S A,0093625,"CEMEX Construction Materials South, LLC",Operator,0500344,Lyons Cement Plant Cemex Inc,Facility,M,,04/22/2020,04/22/2020,2020,2,2020,3,1320,Y,,56.12032,104(a),,Citation,04/22/2020,1400,04/22/2020,1400,04/22/2020,1345,Terminated,,,,,Reasonably,Fatal,1,ModNegligence,N,,N,Mill,,N,07/23/2020,5776,5776,5776,06/15/2020,Paid,07/27/2020,,,N,,73,35
6852469,04/21/2020,04/30/2020,9397066,M09149,Cemex S A,0093625,"CEMEX Construction Materials South, LLC",Operator,0500344,Lyons Cement Plant Cemex Inc,Facility,M,,04/23/2020,04/23/2020,2020,2,2020,3,1210,N,,56.12006,104(a),,Citation,04/23/2020,1600,04/23/2020,1600,04/23/2020,1210,Terminated,,,,,Unlikely,LostDays,1,ModNegligence,N,,N,Mill,,N,07/23/2020,351,351,351,06/15/2020,Paid,07/27/2020,,,N,,73,37
6852469,04/21/2020,04/30/2020,9397065,M09149,Cemex S A,0093625,"CEMEX Construction Materials South, LLC",Operator,0500344,Lyons Cement Plant Cemex Inc,Facility,M,,04/23/2020,04/23/2020,2020,2,2020,3,1045,N,,56.12025,104(a),,Citation,04/23/2020,1600,04/23/2020,1600,04/23/2020,1145,Terminated,,,,,Unlikely,LostDays,1,ModNegligence,N,,N,Mill,,N,07/23/2020,351,351,351,06/15/2020,Paid,07/27/2020,,,N,,73,37
6852469,04/21/2020,04/30/2020,9397067,M09149,Cemex S A,0093625,"CEMEX Construction Materials South, LLC",Operator,0500344,Lyons Cement Plant Cemex Inc,Facility,M,,04/28/2020,04/28/2020,2020,2,2020,3,0940,N,,56.4402,104(a),,Citation,04/28/2020,1600,04/28/2020,1600,04/28/2020,1100,Terminated,,,,,Unlikely,LostDays,1,ModNegligence,N,,N,Primary,,N,07/23/2020,351,351,351,06/15/2020,Paid,07/27/2020,,,N,,73,38
6852469,04/21/2020,04/30/2020,9397068,M09149,Cemex S A,0093625,"CEMEX Construction Materials South, LLC",Operator,0500344,Lyons Cement Plant Cemex Inc,Facility,M,,04/29/2020,04/29/2020,2020,2,2020,3,0950,N,,56.12008,104(a),,Citation,04/29/2020,1600,04/29/2020,1600,04/29/2020,1040,Terminated,,,,,Unlikely,LostDays,1,ModNegligence,N,,N,Mill,,N,07/23/2020,275,275,275,06/15/2020,Paid,07/27/2020,,,N,,73,40
6789086,07/01/2020,07/01/2020,9398652,M09149,Cemex S A,0093625,"CEMEX Construction Materials South, LLC",Operator,0500344,Lyons Cement Plant Cemex Inc,Facility,M,,07/01/2020,07/01/2020,2020,3,2020,4,0825,Y,,56.20003(a),104(a),,Citation,07/01/2020,1230,07/01/2020,1230,07/01/2020,0826,Terminated,,,,,Reasonably,Permanent,1,ModNegligence,N,,N,Primary,,N,09/16/2020,1605,1605,1605,08/04/2020,Paid,09/17/2020,,,N,,65,42
6789086,07/01/2020,07/01/2020,9398653,M09149,Cemex S A,0093625,"CEMEX Construction Materials South, LLC",Operator,0500344,Lyons Cement Plant Cemex Inc,Facility,M,,07/01/2020,07/01/2020,2020,3,2020,4,0830,Y,,56.17001,104(a),,Citation,07/01/2020,1230,07/01/2020,1230,07/01/2020,0831,Terminated,,,,,Reasonably,Permanent,1,LowNegligence,N,,N,Primary,,N,09/16/2020,720,720,720,08/04/2020,Paid,09/17/2020,,,N,,65,42
6789299,01/06/2021,01/22/2021,9476690,M09149,Cemex S A,0093625,"CEMEX Construction Materials South, LLC",Operator,0500344,Lyons Cement Plant Cemex Inc,Facility,M,,01/06/2021,01/06/2021,2021,1,2021,2,1642,Y,,56.14112(b),104(a),,Citation,01/06/2021,1700,01/06/2021,1900,01/07/2021,1755,Terminated,,,,,Reasonably,Permanent,1,HighNegligence,N,,N,Primary,,N,03/27/2021,11083,11083,11083,02/09/2021,Paid,03/29/2021,,,N,,50,19
6789299,01/06/2021,01/22/2021,9476689,M09149,Cemex S A,0093625,"CEMEX Construction Materials South, LLC",Operator,0500344,Lyons Cement Plant Cemex Inc,Facility,M,,01/06/2021,01/06/2021,2021,1,2021,2,1559,N,,56.14112(b),104(a),,Citation,01/06/2021,1700,01/06/2021,1700,01/06/2021,1614,Terminated,,,,,Unlikely,Permanent,1,ModNegligence,N,,N,Primary,,N,03/27/2021,674,674,674,02/09/2021,Paid,03/29/2021,,,N,,50,19
6789299,01/06/2021,01/22/2021,9476687,M09149,Cemex S A,0093625,"CEMEX Construction Materials South, LLC",Operator,0500344,Lyons Cement Plant Cemex Inc,Facility,M,,01/06/2021,01/06/2021,2021,1,2021,2,1514,N,,56.20003(a),104(a),,Citation,01/06/2021,1614,01/06/2021,1614,01/06/2021,1522,Terminated,,,,,Unlikely,LostDays,1,ModNegligence,N,,N,Primary,,N,03/27/2021,453,453,453,02/09/2021,Paid,03/29/2021,,,N,,50,19
6789299,01/06/2021,01/22/2021,9476686,M09149,Cemex S A,0093625,"CEMEX Construction Materials South, LLC",Operator,0500344,Lyons Cement Plant Cemex Inc,Facility,M,,01/06/2021,01/06/2021,2021,1,2021,2,1500,N,,56.20003(a),104(a),,Citation,01/06/2021,1600,01/06/2021,1600,01/06/2021,1505,Terminated,,,,,Unlikely,LostDays,1,ModNegligence,N,,N,Primary,,N,03/27/2021,453,453,453,02/09/2021,Paid,03/29/2021,,,N,,50,19
6789299,01/06/2021,01/22/2021,9476685,M09149,Cemex S A,0093625,"CEMEX Construction Materials South, LLC",Operator,0500344,Lyons Cement Plant Cemex Inc,Facility,M,,01/06/2021,01/06/2021,2021,1,2021,2,1440,Y,,56.20003(a),104(a),,Citation,01/06/2021,1500,01/06/2021,1500,01/06/2021,1646,Terminated,,,,,Reasonably,LostDays,1,LowNegligence,N,,N,Primary,,N,03/27/2021,1006,1006,1006,02/09/2021,Paid,03/29/2021,,,N,,50,19
6789299,01/06/2021,01/22/2021,9476684,M09149,Cemex S A,0093625,"CEMEX Construction Materials South, LLC",Operator,0500344,Lyons Cement Plant Cemex Inc,Facility,M,,01/06/2021,01/06/2021,2021,1,2021,2,1426,N,,56.14100(b),104(a),,Citation,01/06/2021,1700,01/06/2021,1700,01/07/2021,2234,Terminated,,,,,Unlikely,LostDays,1,ModNegligence,N,,N,Primary,,N,03/27/2021,453,453,453,02/09/2021,Paid,03/29/2021,,,N,,50,19
6789299,01/06/2021,01/22/2021,9476688,M09149,Cemex S A,0093625,"CEMEX Construction Materials South, LLC",Operator,0500344,Lyons Cement Plant Cemex Inc,Facility,M,,01/06/2021,01/06/2021,2021,1,2021,2,1532,N,,56.14107(a),104(a),,Citation,01/06/2021,1642,01/06/2021,1900,01/07/2021,1758,Terminated,,,,,Unlikely,Permanent,1,ModNegligence,N,,N,Primary,,N,03/27/2021,674,674,674,02/09/2021,Paid,03/29/2021,,,N,,50,19
6789299,01/06/2021,01/22/2021,9476696,M09149,Cemex S A,0093625,"CEMEX Construction Materials South, LLC",Operator,0500344,Lyons Cement Plant Cemex Inc,Facility,M,,01/07/2021,01/07/2021,2021,1,2021,2,2058,N,,56.12018,104(a),,Citation,01/07/2021,2158,01/07/2021,2158,01/07/2021,2105,Terminated,,,,,Unlikely,LostDays,1,LowNegligence,N,,N,Primary,,N,03/27/2021,202,202,202,02/09/2021,Paid,03/29/2021,,,N,,50,20
6789299,01/06/2021,01/22/2021,9476691,M09149,Cemex S A,0093625,"CEMEX Construction Materials South, LLC",Operator,0500344,Lyons Cement Plant Cemex Inc,Facility,M,,01/07/2021,01/07/2021,2021,1,2021,2,1900,Y,,56.20011,104(a),,Citation,01/07/2021,1930,01/08/2021,0630,01/09/2021,1006,Terminated,,,,,Reasonably,LostDays,1,ModNegligence,N,,N,Primary,,N,03/27/2021,2237,2237,2237,02/09/2021,Paid,03/29/2021,,,N,,50,20
6789299,01/06/2021,01/22/2021,9476692,M09149,Cemex S A,0093625,"CEMEX Construction Materials South, LLC",Operator,0500344,Lyons Cement Plant Cemex Inc,Facility,M,,01/07/2021,01/07/2021,2021,1,2021,2,1941,N,,56.14112(b),104(a),,Citation,01/07/2021,2041,01/07/2021,2041,01/07/2021,2002,Terminated,,,,,Unlikely,Permanent,1,ModNegligence,N,,N,Primary,,N,03/27/2021,674,674,674,02/09/2021,Paid,03/29/2021,,,N,,50,20
6789299,01/06/2021,01/22/2021,9476693,M09149,Cemex S A,0093625,"CEMEX Construction Materials South, LLC",Operator,0500344,Lyons Cement Plant Cemex Inc,Facility,M,,01/07/2021,01/07/2021,2021,1,2021,2,1951,N,,56.14112(b),104(a),,Citation,01/07/2021,2051,01/07/2021,2051,01/07/2021,2231,Terminated,,,,,Unlikely,Permanent,1,LowNegligence,N,,N,Primary,,N,03/27/2021,302,302,302,02/09/2021,Paid,03/29/2021,,,N,,50,20
6789299,01/06/2021,01/22/2021,9476694,M09149,Cemex S A,0093625,"CEMEX Construction Materials South, LLC",Operator,0500344,Lyons Cement Plant Cemex Inc,Facility,M,,01/07/2021,01/07/2021,2021,1,2021,2,2022,N,,56.16005,104(a),,Citation,01/07/2021,2122,01/07/2021,2122,01/07/2021,2027,Terminated,,,,,Unlikely,LostDays,1,LowNegligence,N,,N,Primary,,N,03/27/2021,202,202,202,02/09/2021,Paid,03/29/2021,,,N,,50,20
6789299,01/06/2021,01/22/2021,9476697,M09149,Cemex S A,0093625,"CEMEX Construction Materials South, LLC",Operator,0500344,Lyons Cement Plant Cemex Inc,Facility,M,,01/07/2021,01/07/2021,2021,1,2021,2,2114,Y,,56.14107(a),104(a),,Citation,01/07/2021,2145,01/08/2021,1700,,,ReplacedByOrder,,,,9476698,Reasonably,Permanent,1,HighNegligence,N,,N,Primary,,N,03/27/2021,12315,12315,12315,02/09/2021,Paid,03/29/2021,,,N,,50,20
6789299,01/06/2021,01/22/2021,9476695,M09149,Cemex S A,0093625,"CEMEX Construction Materials South, LLC",Operator,0500344,Lyons Cement Plant Cemex Inc,Facility,M,,01/07/2021,01/07/2021,2021,1,2021,2,2042,N,,56.14112(b),104(a),,Citation,01/07/2021,2142,01/07/2021,2142,01/07/2021,2045,Terminated,,,,,Unlikely,Permanent,1,ModNegligence,N,,N,Primary,,N,03/27/2021,674,674,674,02/09/2021,Paid,03/29/2021,,,N,,50,20
6789299,01/06/2021,01/22/2021,9476699,M09149,Cemex S A,0093625,"CEMEX Construction Materials South, LLC",Operator,0500344,Lyons Cement Plant Cemex Inc,Facility,M,,01/09/2021,01/09/2021,2021,1,2021,2,1019,N,,56.14112(b),104(a),,Citation,01/09/2021,1219,01/09/2021,1219,01/11/2021,1841,Terminated,,,,,Unlikely,Permanent,1,ModNegligence,N,,N,Primary,,N,03/27/2021,674,674,674,02/09/2021,Paid,03/29/2021,,,N,,50,21
6789299,01/06/2021,01/22/2021,9478007,M09149,Cemex S A,0093625,"CEMEX Construction Materials South, LLC",Operator,0500344,Lyons Cement Plant Cemex Inc,Facility,M,,01/09/2021,01/09/2021,2021,1,2021,2,1145,N,,56.12004,104(a),,Citation,01/09/2021,1500,01/09/2021,1500,01/09/2021,1152,Terminated,,,,,Unlikely,LostDays,1,ModNegligence,N,,N,Primary,,N,03/27/2021,453,453,453,02/09/2021,Paid,03/29/2021,,,N,,50,21
6789299,01/06/2021,01/22/2021,9478008,M09149,Cemex S A,0093625,"CEMEX Construction Materials South, LLC",Operator,0500344,Lyons Cement Plant Cemex Inc,Facility,M,,01/09/2021,01/09/2021,2021,1,2021,2,1205,N,,56.14100(c),104(a),,Citation,01/09/2021,1600,01/11/2021,1000,01/11/2021,1045,Terminated,,,,,Unlikely,LostDays,1,ModNegligence,N,,N,Primary,,N,03/27/2021,453,453,453,02/09/2021,Paid,03/29/2021,,,N,,50,21
6789299,01/06/2021,01/22/2021,9478009,M09149,Cemex S A,0093625,"CEMEX Construction Materials South, LLC",Operator,0500344,Lyons Cement Plant Cemex Inc,Facility,M,,01/09/2021,01/09/2021,2021,1,2021,2,1238,N,,56.13021,104(a),,Citation,01/09/2021,1600,01/09/2021,1600,01/09/2021,1239,Terminated,,,,,Unlikely,LostDays,1,ModNegligence,N,,N,Primary,,N,03/27/2021,453,453,453,02/09/2021,Paid,03/29/2021,,,N,,50,21
6789299,01/06/2021,01/22/2021,9478501,M09149,Cemex S A,0093625,"CEMEX Construction Materials South, LLC",Operator,0500344,Lyons Cement Plant Cemex Inc,Facility,M,,01/09/2021,01/09/2021,2021,1,2021,2,1148,N,,56.12004,104(a),,Citation,01/09/2021,1448,01/09/2021,1448,01/11/2021,1848,Terminated,,,,,Unlikely,LostDays,1,ModNegligence,N,,N,Primary,,N,03/27/2021,453,453,453,02/09/2021,Paid,03/29/2021,,,N,,50,21
6789299,01/06/2021,01/22/2021,9478502,M09149,Cemex S A,0093625,"CEMEX Construction Materials South, LLC",Operator,0500344,Lyons Cement Plant Cemex Inc,Facility,M,,01/09/2021,01/09/2021,2021,1,2021,2,1212,N,,56.12018,104(a),,Citation,01/09/2021,1430,01/09/2021,1430,01/11/2021,1850,Terminated,,,,,Unlikely,LostDays,1,ModNegligence,N,,N,Primary,,N,03/27/2021,453,453,453,02/09/2021,Paid,03/29/2021,,,N,,50,21
6789299,01/06/2021,01/22/2021,9478503,M09149,Cemex S A,0093625,"CEMEX Construction Materials South, LLC",Operator,0500344,Lyons Cement Plant Cemex Inc,Facility,M,,01/09/2021,01/09/2021,2021,1,2021,2,1222,N,,56.12018,104(a),,Citation,01/09/2021,1422,01/09/2021,1422,01/11/2021,1849,Terminated,,,,,Unlikely,LostDays,1,ModNegligence,N,,N,Primary,,N,03/27/2021,453,453,453,02/09/2021,Paid,03/29/2021,,,N,,50,21
6789299,01/06/2021,01/22/2021,9476698,M09149,Cemex S A,0093625,"CEMEX Construction Materials South, LLC",Operator,0500344,Lyons Cement Plant Cemex Inc,Facility,M,,01/09/2021,01/09/2021,2021,1,2021,2,1047,,,56.14107(a),104(b),,Order,,,,,01/09/2021,1503,Terminated,,,9476697,,,,0,,N,,N,Primary,,N,,,,,,,,,,N,,,
6789299,01/06/2021,01/22/2021,9478010,M09149,Cemex S A,0093625,"CEMEX Construction Materials South, LLC",Operator,0500344,Lyons Cement Plant Cemex Inc,Facility,M,,01/09/2021,01/09/2021,2021,1,2021,2,1254,N,,56.12068,104(a),,Citation,01/09/2021,1500,01/09/2021,1500,01/09/2021,1300,Terminated,,,,,Unlikely,Fatal,1,ModNegligence,N,,N,Primary,,N,03/27/2021,1500,1500,1500,02/09/2021,Paid,03/29/2021,,,N,,50,21
6789299,01/06/2021,01/22/2021,9478504,M09149,Cemex S A,0093625,"CEMEX Construction Materials South, LLC",Operator,0500344,Lyons Cement Plant Cemex Inc,Facility,M,,01/11/2021,01/11/2021,2021,1,2021,2,1440,Y,,56.20003(b),104(a),,Citation,01/11/2021,1520,01/12/2021,0800,01/12/2021,1136,Terminated,,,,,Reasonably,LostDays,1,LowNegligence,N,,N,Primary,,N,04/23/2021,791,791,791,03/09/2021,Paid,06/24/2021,,,N,,50,24
6789299,01/06/2021,01/22/2021,9478505,M09149,Cemex S A,0093625,"CEMEX Construction Materials South, LLC",Operator,0500344,Lyons Cement Plant Cemex Inc,Facility,M,,01/11/2021,01/11/2021,2021,1,2021,2,1458,N,,56.12018,104(a),,Citation,01/11/2021,1658,01/11/2021,1658,01/11/2021,1506,Terminated,,,,,Unlikely,LostDays,1,ModNegligence,N,,N,Primary,,N,04/23/2021,355,355,355,03/09/2021,Paid,06/24/2021,,,N,,50,24
6789299,01/06/2021,01/22/2021,9478506,M09149,Cemex S A,0093625,"CEMEX Construction Materials South, LLC",Operator,0500344,Lyons Cement Plant Cemex Inc,Facility,M,,01/11/2021,01/11/2021,2021,1,2021,2,1533,N,,56.14112(b),104(a),,Citation,01/11/2021,1700,01/11/2021,1700,01/12/2021,1148,Terminated,,,,,Unlikely,Permanent,1,LowNegligence,N,,N,Primary,,N,04/23/2021,237,237,237,03/09/2021,Paid,06/24/2021,,,N,,50,24
6789299,01/06/2021,01/22/2021,9478507,M09149,Cemex S A,0093625,"CEMEX Construction Materials South, LLC",Operator,0500344,Lyons Cement Plant Cemex Inc,Facility,M,,01/11/2021,01/11/2021,2021,1,2021,2,1556,N,,56.14112(b),104(a),,Citation,01/11/2021,1756,01/11/2021,1756,01/13/2021,1341,Terminated,,,,,Unlikely,Permanent,1,ModNegligence,N,,N,Primary,,N,04/23/2021,530,530,530,03/09/2021,Paid,06/24/2021,,,N,,50,24
6789299,01/06/2021,01/22/2021,9345902,M09149,Cemex S A,0093625,"CEMEX Construction Materials South, LLC",Operator,0500344,Lyons Cement Plant Cemex Inc,Facility,M,,01/12/2021,01/12/2021,2021,1,2021,2,1253,N,,56.14100(b),104(a),,Citation,01/13/2021,1500,01/19/2021,1613,01/19/2021,1347,Terminated,,,,,Unlikely,LostDays,2,LowNegligence,N,,N,Mill,,N,04/23/2021,136,136,136,03/09/2021,Paid,06/24/2021,,,N,,50,27
6789299,01/06/2021,01/22/2021,9478508,M09149,Cemex S A,0093625,"CEMEX Construction Materials South, LLC",Operator,0500344,Lyons Cement Plant Cemex Inc,Facility,M,,01/12/2021,01/12/2021,2021,1,2021,2,1149,N,,56.11002,104(a),,Citation,01/12/2021,1349,01/12/2021,1349,01/13/2021,1226,Terminated,,,,,Unlikely,Fatal,1,LowNegligence,N,,N,Primary,,N,04/23/2021,416,416,416,03/09/2021,Paid,06/24/2021,,,N,,50,27
6789299,01/06/2021,01/22/2021,9478509,M09149,Cemex S A,0093625,"CEMEX Construction Materials South, LLC",Operator,0500344,Lyons Cement Plant Cemex Inc,Facility,M,,01/12/2021,01/12/2021,2021,1,2021,2,1259,N,,56.14112(b),104(a),,Citation,01/12/2021,1330,01/12/2021,1330,01/12/2021,1324,Terminated,,,,,Unlikely,Permanent,1,HighNegligence,N,,N,Primary,,N,04/23/2021,1385,1385,1385,03/09/2021,Paid,06/24/2021,,,N,,50,27
6789299,01/06/2021,01/22/2021,9478510,M09149,Cemex S A,0093625,"CEMEX Construction Materials South, LLC",Operator,0500344,Lyons Cement Plant Cemex Inc,Facility,M,,01/12/2021,01/12/2021,2021,1,2021,2,1431,N,,56.20003(a),104(a),,Citation,01/12/2021,1731,01/12/2021,1731,,,ReplacedByOrder,,,,9478514,Unlikely,LostDays,1,ModNegligence,N,,N,Primary,,N,04/23/2021,310,310,310,03/09/2021,Paid,06/24/2021,,,N,,50,27
6789299,01/06/2021,01/22/2021,9478511,M09149,Cemex S A,0093625,"CEMEX Construction Materials South, LLC",Operator,0500344,Lyons Cement Plant Cemex Inc,Facility,M,,01/12/2021,01/12/2021,2021,1,2021,2,1344,N,,56.12004,104(a),,Citation,01/12/2021,1544,01/12/2021,1544,01/12/2021,1403,Terminated,,,,,Unlikely,LostDays,1,LowNegligence,N,,N,Primary,,N,04/23/2021,125,125,125,03/09/2021,Paid,06/24/2021,,,N,,50,27
6789299,01/06/2021,01/22/2021,9478512,M09149,Cemex S A,0093625,"CEMEX Construction Materials South, LLC",Operator,0500344,Lyons Cement Plant Cemex Inc,Facility,M,,01/12/2021,01/12/2021,2021,1,2021,2,1343,N,,56.11012,104(a),,Citation,01/13/2021,1413,01/13/2021,1413,01/13/2021,1330,Terminated,,,,,Unlikely,Fatal,1,HighNegligence,N,,N,Primary,,N,04/23/2021,3082,3082,3082,03/09/2021,Paid,06/24/2021,,,N,,50,27
6789299,01/06/2021,01/22/2021,9478516,M09149,Cemex S A,0093625,"CEMEX Construction Materials South, LLC",Operator,0500344,Lyons Cement Plant Cemex Inc,Facility,M,,01/13/2021,01/13/2021,2021,1,2021,2,1537,N,,56.11002,104(a),,Citation,01/13/2021,1837,01/13/2021,1837,01/13/2021,1753,Terminated,,,,,Unlikely,Fatal,1,ModNegligence,N,,N,Primary,,N,04/23/2021,729,729,729,03/09/2021,Paid,06/24/2021,,,N,,50,31
6789299,01/06/2021,01/22/2021,9478518,M09149,Cemex S A,0093625,"CEMEX Construction Materials South, LLC",Operator,0500344,Lyons Cement Plant Cemex Inc,Facility,M,,01/13/2021,01/13/2021,2021,1,2021,2,1716,N,,56.14100(b),104(a),,Citation,01/13/2021,1830,01/13/2021,1830,01/13/2021,1721,Terminated,,,,,Unlikely,LostDays,1,ModNegligence,N,,N,Primary,,N,04/23/2021,220,220,220,03/09/2021,Paid,06/24/2021,,,N,,50,31
6789299,01/06/2021,01/22/2021,9478517,M09149,Cemex S A,0093625,"CEMEX Construction Materials South, LLC",Operator,0500344,Lyons Cement Plant Cemex Inc,Facility,M,,01/13/2021,01/13/2021,2021,1,2021,2,1615,N,,56.12004,104(a),,Citation,01/13/2021,1815,01/13/2021,1815,01/13/2021,1818,Terminated,,,,,Unlikely,LostDays,1,LowNegligence,N,,N,Primary,,N,04/23/2021,125,125,125,03/09/2021,Paid,06/24/2021,,,N,,50,31
6789299,01/06/2021,01/22/2021,9478515,M09149,Cemex S A,0093625,"CEMEX Construction Materials South, LLC",Operator,0500344,Lyons Cement Plant Cemex Inc,Facility,M,,01/13/2021,01/13/2021,2021,1,2021,2,1405,N,,56.20003(a),104(a),,Citation,01/13/2021,1605,01/13/2021,1605,01/13/2021,1936,Terminated,,,,,Unlikely,LostDays,1,ModNegligence,N,,N,Primary,,N,04/23/2021,220,220,220,03/09/2021,Paid,06/24/2021,,,N,,50,31
6789299,01/06/2021,01/22/2021,9478514,M09149,Cemex S A,0093625,"CEMEX Construction Materials South, LLC",Operator,0500344,Lyons Cement Plant Cemex Inc,Facility,M,,01/13/2021,01/13/2021,2021,1,2021,2,1254,,,56.20003(a),104(b),,Order,,,,,01/13/2021,1933,Terminated,,,9478510,,,,0,,N,,N,Primary,,N,,,,,,,,,,N,,,
6789299,01/06/2021,01/22/2021,9478513,M09149,Cemex S A,0093625,"CEMEX Construction Materials South, LLC",Operator,0500344,Lyons Cement Plant Cemex Inc,Facility,M,,01/13/2021,01/13/2021,2021,1,2021,2,1235,Y,,56.14130(g),104(a),,Citation,01/13/2021,1255,01/13/2021,1255,01/13/2021,1240,Terminated,,,,,Reasonably,Fatal,1,LowNegligence,N,,N,Primary,,N,04/23/2021,1624,1624,1624,03/09/2021,Paid,06/24/2021,,,N,,50,31
6789299,01/06/2021,01/22/2021,9478522,M09149,Cemex S A,0093625,"CEMEX Construction Materials South, LLC",Operator,0500344,Lyons Cement Plant Cemex Inc,Facility,M,,01/19/2021,01/19/2021,2021,1,2021,2,1555,N,,56.14100(b),104(a),,Citation,01/19/2021,1655,01/19/2021,1655,01/19/2021,1600,Terminated,,,,,Unlikely,LostDays,1,ModNegligence,N,,N,Primary,,N,04/23/2021,187,187,187,03/09/2021,Paid,06/24/2021,,,N,,50,35
6789299,01/06/2021,01/22/2021,9478519,M09149,Cemex S A,0093625,"CEMEX Construction Materials South, LLC",Operator,0500344,Lyons Cement Plant Cemex Inc,Facility,M,,01/19/2021,01/19/2021,2021,1,2021,2,1407,N,,56.12004,104(a),,Citation,01/19/2021,1707,01/19/2021,1707,01/19/2021,1911,Terminated,,,,,Unlikely,LostDays,1,ModNegligence,N,,N,Primary,,N,04/23/2021,187,187,187,03/09/2021,Paid,06/24/2021,,,N,,50,35
6789299,01/06/2021,01/22/2021,9478520,M09149,Cemex S A,0093625,"CEMEX Construction Materials South, LLC",Operator,0500344,Lyons Cement Plant Cemex Inc,Facility,M,,01/19/2021,01/19/2021,2021,1,2021,2,1439,N,,56.11002,104(a),,Citation,01/19/2021,1739,01/19/2021,1739,01/19/2021,1915,Terminated,,,,,Unlikely,LostDays,1,ModNegligence,N,,N,Primary,,N,04/23/2021,187,187,187,03/09/2021,Paid,06/24/2021,,,N,,50,35
6789299,01/06/2021,01/22/2021,9478521,M09149,Cemex S A,0093625,"CEMEX Construction Materials South, LLC",Operator,0500344,Lyons Cement Plant Cemex Inc,Facility,M,,01/19/2021,01/19/2021,2021,1,2021,2,1451,N,,56.11002,104(a),,Citation,01/19/2021,1751,01/19/2021,1751,01/19/2021,1915,Terminated,,,,,Unlikely,Fatal,1,ModNegligence,N,,N,Primary,,N,04/23/2021,622,622,622,03/09/2021,Paid,06/24/2021,,,N,,50,35
6789299,01/06/2021,01/22/2021,9478523,M09149,Cemex S A,0093625,"CEMEX Construction Materials South, LLC",Operator,0500344,Lyons Cement Plant Cemex Inc,Facility,M,,01/19/2021,01/19/2021,2021,1,2021,2,1900,N,,56.12028,104(a),,Citation,01/22/2021,1700,02/05/2021,1200,02/05/2021,1700,Terminated,,,,,Unlikely,Fatal,1,HighNegligence,N,,N,Primary,,N,04/23/2021,8048,8048,8048,03/09/2021,Paid,06/24/2021,,,N,,50,35
6789299,01/06/2021,01/22/2021,9345908,M09149,Cemex S A,0093625,"CEMEX Construction Materials South, LLC",Operator,0500344,Lyons Cement Plant Cemex Inc,Facility,M,,02/03/2021,01/12/2021,2021,1,2021,2,1056,Y,,56.5001(a)/56.5005,104(a),,Citation,02/10/2021,0500,04/23/2021,1230,04/12/2021,1501,Terminated,,,,,Reasonably,Permanent,1,ModNegligence,N,,N,Primary,,N,04/23/2021,2065,2065,2065,03/09/2021,Paid,06/24/2021,,,N,,50,27
6853739,07/19/2021,07/23/2021,8587110,M09149,Cemex S A,0093625,"CEMEX Construction Materials South, LLC",Operator,0500344,Lyons Cement Plant Cemex Inc,Facility,M,,07/19/2021,07/19/2021,2021,3,2021,4,1420,N,,56.20003(b),104(a),,Citation,07/20/2021,0800,07/20/2021,0800,07/21/2021,1340,Terminated,,,,,Unlikely,LostDays,1,ModNegligence,N,,N,Primary,,N,11/09/2021,453,453,453,09/07/2021,Paid,10/12/2021,,,N,,66,29
6853739,07/19/2021,07/23/2021,9650353,M09149,Cemex S A,0093625,"CEMEX Construction Materials South, LLC",Operator,0500344,Lyons Cement Plant Cemex Inc,Facility,M,,07/19/2021,07/19/2021,2021,3,2021,4,1425,N,,56.20003(a),104(a),,Citation,07/19/2021,1625,07/19/2021,1625,07/20/2021,1224,Terminated,,,,,Unlikely,LostDays,1,ModNegligence,N,,N,Primary,,N,11/09/2021,1500,1500,1500,09/07/2021,Paid,10/12/2021,,,N,,66,29
6853739,07/19/2021,07/23/2021,9650351,M09149,Cemex S A,0093625,"CEMEX Construction Materials South, LLC",Operator,0500344,Lyons Cement Plant Cemex Inc,Facility,M,,07/19/2021,07/19/2021,2021,3,2021,4,1405,N,,56.14100(b),104(a),,Citation,07/19/2021,1605,07/19/2021,1605,07/19/2021,1652,Terminated,,,,,Unlikely,LostDays,1,ModNegligence,N,,N,Primary,,N,11/09/2021,453,453,453,09/07/2021,Paid,10/12/2021,,,N,,66,29
6853739,07/19/2021,07/23/2021,9650349,M09149,Cemex S A,0093625,"CEMEX Construction Materials South, LLC",Operator,0500344,Lyons Cement Plant Cemex Inc,Facility,M,,07/19/2021,07/19/2021,2021,3,2021,4,1236,N,,56.20003(a),104(a),,Citation,07/19/2021,1436,07/19/2021,1436,07/19/2021,1649,Terminated,,,,,Unlikely,LostDays,1,ModNegligence,N,,N,Primary,,N,11/09/2021,1500,1500,1500,09/07/2021,Paid,10/12/2021,,,N,,66,29
6853739,07/19/2021,07/23/2021,9650350,M09149,Cemex S A,0093625,"CEMEX Construction Materials South, LLC",Operator,0500344,Lyons Cement Plant Cemex Inc,Facility,M,,07/19/2021,07/19/2021,2021,3,2021,4,1243,N,,56.11012,104(a),,Citation,07/19/2021,1343,07/19/2021,1343,07/19/2021,1246,Terminated,,,,,Unlikely,Fatal,1,ModNegligence,N,,N,Primary,,N,11/09/2021,1500,1500,1500,09/07/2021,Paid,10/12/2021,,,N,,66,29
6853739,07/19/2021,07/23/2021,9650347,M09149,Cemex S A,0093625,"CEMEX Construction Materials South, LLC",Operator,0500344,Lyons Cement Plant Cemex Inc,Facility,M,,07/19/2021,07/19/2021,2021,3,2021,4,1219,N,,56.14112(b),104(a),,Citation,07/19/2021,1419,07/19/2021,1419,07/19/2021,1313,Terminated,,,,,Unlikely,Permanent,1,ModNegligence,N,,N,Primary,,N,11/09/2021,2626,2626,2626,09/07/2021,Paid,10/12/2021,,,N,,66,29
6853739,07/19/2021,07/23/2021,8587108,M09149,Cemex S A,0093625,"CEMEX Construction Materials South, LLC",Operator,0500344,Lyons Cement Plant Cemex Inc,Facility,M,,07/19/2021,07/19/2021,2021,3,2021,4,1400,N,,56.12032,104(a),,Citation,07/20/2021,0800,07/20/2021,0800,07/21/2021,1355,Terminated,,,,,Unlikely,LostDays,1,ModNegligence,N,,N,Primary,,N,11/09/2021,453,453,453,09/07/2021,Paid,10/12/2021,,,N,,66,29
6853739,07/19/2021,07/23/2021,6459139,M09149,Cemex S A,0093625,"CEMEX Construction Materials South, LLC",Operator,0500344,Lyons Cement Plant Cemex Inc,Facility,M,,07/19/2021,07/19/2021,2021,3,2021,4,1246,N,,56.12028,104(a),,Citation,07/19/2021,1500,07/19/2021,1500,07/19/2021,1430,Terminated,,,,,Unlikely,LostDays,1,ModNegligence,N,,N,Mill,,N,11/09/2021,453,453,453,09/07/2021,Paid,10/12/2021,,,N,,66,29
6853739,07/19/2021,07/23/2021,6459138,M09149,Cemex S A,0093625,"CEMEX Construction Materials South, LLC",Operator,0500344,Lyons Cement Plant Cemex Inc,Facility,M,,07/19/2021,07/19/2021,2021,3,2021,4,1245,N,,56.12008,104(a),,Citation,07/19/2021,1500,07/19/2021,1500,07/19/2021,1440,Terminated,,,,,Unlikely,Fatal,1,ModNegligence,N,,N,Mill,,N,11/09/2021,1500,1500,1500,09/07/2021,Paid,10/12/2021,,,N,,66,29
6853739,07/19/2021,07/23/2021,6459137,,,R5U,Southern Refractories Inc,Contractor,0500344,Lyons Cement Plant Cemex Inc,Facility,M,R5U,07/19/2021,07/19/2021,2021,3,2021,4,1210,Y,,56.20003(a),104(a),,Citation,07/19/2021,1500,07/19/2021,1500,07/19/2021,1430,Terminated,,,,,Reasonably,LostDays,1,ModNegligence,N,,N,Mill,,N,10/10/2021,328,328,328,08/26/2021,Paid,09/02/2021,,,N,,4,0
6853739,07/19/2021,07/23/2021,9650344,M09149,Cemex S A,0093625,"CEMEX Construction Materials South, LLC",Operator,0500344,Lyons Cement Plant Cemex Inc,Facility,M,,07/19/2021,07/19/2021,2021,3,2021,4,1114,N,,56.16006,104(a),,Citation,07/19/2021,1214,07/19/2021,1214,07/19/2021,1117,Terminated,,,,,Unlikely,LostDays,1,ModNegligence,N,,N,Primary,,N,11/09/2021,453,453,453,09/07/2021,Paid,10/12/2021,,,N,,66,29
6853739,07/19/2021,07/23/2021,9650348,M09149,Cemex S A,0093625,"CEMEX Construction Materials South, LLC",Operator,0500344,Lyons Cement Plant Cemex Inc,Facility,M,,07/19/2021,07/19/2021,2021,3,2021,4,1222,N,,56.14107(a),104(a),,Citation,07/19/2021,1422,07/19/2021,1422,07/19/2021,1358,Terminated,,,,,Unlikely,Permanent,1,ModNegligence,N,,N,Primary,,N,11/09/2021,674,674,674,09/07/2021,Paid,10/12/2021,,,N,,66,29
6853739,07/19/2021,07/23/2021,9650346,M09149,Cemex S A,0093625,"CEMEX Construction Materials South, LLC",Operator,0500344,Lyons Cement Plant Cemex Inc,Facility,M,,07/19/2021,07/19/2021,2021,3,2021,4,1213,N,,56.14112(b),104(a),,Citation,07/19/2021,1413,07/19/2021,1413,07/19/2021,1234,Terminated,,,,,Unlikely,Permanent,1,ModNegligence,N,,N,Primary,,N,11/09/2021,2626,2626,2626,09/07/2021,Paid,10/12/2021,,,N,,66,29
6853739,07/19/2021,07/23/2021,9650345,M09149,Cemex S A,0093625,"CEMEX Construction Materials South, LLC",Operator,0500344,Lyons Cement Plant Cemex Inc,Facility,M,,07/19/2021,07/19/2021,2021,3,2021,4,1119,N,,56.12004,104(a),,Citation,07/19/2021,1319,07/19/2021,1319,07/20/2021,1258,Terminated,,,,,Unlikely,LostDays,1,ModNegligence,N,,N,Primary,,N,11/09/2021,1500,1500,1500,09/07/2021,Paid,10/12/2021,,,N,,66,29
6853739,07/19/2021,07/23/2021,9655123,M09149,Cemex S A,0093625,"CEMEX Construction Materials South, LLC",Operator,0500344,Lyons Cement Plant Cemex Inc,Facility,M,,07/19/2021,07/19/2021,2021,3,2021,4,1645,N,,56.14132(b)(1)(i),104(a),,Citation,07/19/2021,1800,07/19/2021,1800,07/19/2021,1700,Terminated,,,,,Unlikely,Fatal,1,ModNegligence,N,,N,Primary,,N,11/09/2021,1500,1500,1500,09/07/2021,Paid,10/12/2021,,,N,,66,29
6853739,07/19/2021,07/23/2021,9655122,M09149,Cemex S A,0093625,"CEMEX Construction Materials South, LLC",Operator,0500344,Lyons Cement Plant Cemex Inc,Facility,M,,07/19/2021,07/19/2021,2021,3,2021,4,1450,N,,56.12004,104(a),,Citation,07/19/2021,1650,07/19/2021,1650,07/19/2021,1630,Terminated,,,,,Unlikely,LostDays,1,ModNegligence,N,,N,Primary,,N,11/09/2021,1500,1500,1500,09/07/2021,Paid,10/12/2021,,,N,,66,29
6853739,07/19/2021,07/23/2021,9655121,M09149,Cemex S A,0093625,"CEMEX Construction Materials South, LLC",Operator,0500344,Lyons Cement Plant Cemex Inc,Facility,M,,07/19/2021,07/19/2021,2021,3,2021,4,1425,N,,56.12032,104(a),,Citation,07/19/2021,1625,07/19/2021,1625,07/21/2021,0845,Terminated,,,,,Unlikely,LostDays,1,ModNegligence,N,,N,Primary,,N,11/09/2021,453,453,453,09/07/2021,Paid,10/12/2021,,,N,,66,29
6853739,07/19/2021,07/23/2021,9655120,M09149,Cemex S A,0093625,"CEMEX Construction Materials South, LLC",Operator,0500344,Lyons Cement Plant Cemex Inc,Facility,M,,07/19/2021,07/19/2021,2021,3,2021,4,1245,N,,56.12028,104(a),,Citation,07/19/2021,1445,07/19/2021,1445,07/19/2021,1335,Terminated,,,,,Unlikely,Fatal,1,ModNegligence,N,,N,Primary,,N,11/09/2021,1500,1500,1500,09/07/2021,Paid,10/12/2021,,,N,,66,29
6853739,07/19/2021,07/23/2021,9655119,M09149,Cemex S A,0093625,"CEMEX Construction Materials South, LLC",Operator,0500344,Lyons Cement Plant Cemex Inc,Facility,M,,07/19/2021,07/19/2021,2021,3,2021,4,1155,N,,56.4200(b)(2),104(a),,Citation,07/19/2021,1400,07/19/2021,1400,07/19/2021,1250,Terminated,,,,,Unlikely,LostDays,1,ModNegligence,N,,N,Primary,,N,11/09/2021,453,453,453,09/07/2021,Paid,10/12/2021,,,N,,66,29
6853739,07/19/2021,07/23/2021,8587109,M09149,Cemex S A,0093625,"CEMEX Construction Materials South, LLC",Operator,0500344,Lyons Cement Plant Cemex Inc,Facility,M,,07/19/2021,07/19/2021,2021,3,2021,4,1405,N,,56.12004,104(a),,Citation,07/20/2021,0800,07/20/2021,0800,07/21/2021,1350,Terminated,,,,,Unlikely,Fatal,1,ModNegligence,N,,N,Primary,,N,11/09/2021,4980,4980,4980,09/07/2021,Paid,10/12/2021,,,N,,66,29
6853739,07/19/2021,07/23/2021,9650352,M09149,Cemex S A,0093625,"CEMEX Construction Materials South, LLC",Operator,0500344,Lyons Cement Plant Cemex Inc,Facility,M,,07/19/2021,07/19/2021,2021,3,2021,4,1406,N,,56.12016,104(a),,Citation,07/19/2021,1430,07/19/2021,1430,07/19/2021,1652,Terminated,,,,,Unlikely,Permanent,1,HighNegligence,N,,N,Primary,,N,11/09/2021,2237,2237,2237,09/07/2021,Paid,10/12/2021,,,N,,66,29
6853740,07/20/2021,07/21/2021,9650356,M09149,Cemex S A,0093625,"CEMEX Construction Materials South, LLC",Operator,0500344,Lyons Cement Plant Cemex Inc,Facility,M,,07/20/2021,07/20/2021,2021,3,2021,4,1740,,,,103(k),,Order,,,,,07/21/2021,1104,Terminated,,,,,,,0,,N,,N,Primary,,N,,,,,,,,,,N,,,
6853739,07/19/2021,07/23/2021,9655125,M09149,Cemex S A,0093625,"CEMEX Construction Materials South, LLC",Operator,0500344,Lyons Cement Plant Cemex Inc,Facility,M,,07/20/2021,07/20/2021,2021,3,2021,4,1020,N,,56.20003(a),104(a),,Citation,07/20/2021,1600,07/20/2021,1600,07/21/2021,0852,Terminated,,,,,Unlikely,LostDays,1,HighNegligence,N,,N,Primary,,N,11/09/2021,3338,3338,3338,09/07/2021,Paid,10/12/2021,,,N,,66,34
6853739,07/19/2021,07/23/2021,9655124,M09149,Cemex S A,0093625,"CEMEX Construction Materials South, LLC",Operator,0500344,Lyons Cement Plant Cemex Inc,Facility,M,,07/20/2021,07/20/2021,2021,3,2021,4,1015,N,,56.20003(a),104(a),,Citation,07/20/2021,1600,07/20/2021,1600,07/21/2021,0850,Terminated,,,,,Unlikely,LostDays,1,HighNegligence,N,,N,Primary,,N,11/09/2021,3338,3338,3338,09/07/2021,Paid,10/12/2021,,,N,,66,34
6853739,07/19/2021,07/23/2021,9650358,M09149,Cemex S A,0093625,"CEMEX Construction Materials South, LLC",Operator,0500344,Lyons Cement Plant Cemex Inc,Facility,M,,07/20/2021,07/20/2021,2021,3,2021,4,1150,N,,56.20003(a),104(a),,Citation,07/20/2021,1350,07/20/2021,1350,07/20/2021,1512,Terminated,,,,,Unlikely,LostDays,1,ModNegligence,N,,N,Primary,,N,11/09/2021,1006,1006,1006,09/07/2021,Paid,10/12/2021,,,N,,66,34
6853739,07/19/2021,07/23/2021,9650357,M09149,Cemex S A,0093625,"CEMEX Construction Materials South, LLC",Operator,0500344,Lyons Cement Plant Cemex Inc,Facility,M,,07/20/2021,07/20/2021,2021,3,2021,4,1147,N,,56.13021,104(a),,Citation,07/20/2021,1347,07/20/2021,1347,07/20/2021,1213,Terminated,,,,,Unlikely,LostDays,1,ModNegligence,N,,N,Primary,,N,11/09/2021,355,355,355,09/07/2021,Paid,10/12/2021,,,N,,66,34
6853739,07/19/2021,07/23/2021,9650355,M09149,Cemex S A,0093625,"CEMEX Construction Materials South, LLC",Operator,0500344,Lyons Cement Plant Cemex Inc,Facility,M,,07/20/2021,07/20/2021,2021,3,2021,4,1127,N,,56.13021,104(a),,Citation,07/20/2021,1327,07/20/2021,1327,07/20/2021,1138,Terminated,,,,,Unlikely,LostDays,1,ModNegligence,N,,N,Primary,,N,11/09/2021,355,355,355,09/07/2021,Paid,10/12/2021,,,N,,66,34
6853739,07/19/2021,07/23/2021,9650354,M09149,Cemex S A,0093625,"CEMEX Construction Materials South, LLC",Operator,0500344,Lyons Cement Plant Cemex Inc,Facility,M,,07/20/2021,07/20/2021,2021,3,2021,4,1118,N,,56.12016,104(a),,Citation,07/20/2021,1318,07/20/2021,1318,07/20/2021,1219,Terminated,,,,,Unlikely,Fatal,1,HighNegligence,N,,N,Primary,,N,11/09/2021,3917,3917,3917,09/07/2021,Paid,10/12/2021,,,N,,66,34
6853739,07/19/2021,07/23/2021,9650359,M09149,Cemex S A,0093625,"CEMEX Construction Materials South, LLC",Operator,0500344,Lyons Cement Plant Cemex Inc,Facility,M,,07/20/2021,07/20/2021,2021,3,2021,4,1242,Y,,56.14100(b),104(a),,Citation,07/20/2021,1301,07/20/2021,1301,07/20/2021,1247,Terminated,,,,,Reasonably,Fatal,1,ModNegligence,N,,N,Primary,,N,11/09/2021,5844,5844,5844,09/07/2021,Paid,10/12/2021,,,N,,66,34
6853739,07/19/2021,07/23/2021,9655128,M09149,Cemex S A,0093625,"CEMEX Construction Materials South, LLC",Operator,0500344,Lyons Cement Plant Cemex Inc,Facility,M,,07/21/2021,07/21/2021,2021,3,2021,4,1050,N,,56.20003(a),104(a),,Citation,07/21/2021,1300,07/21/2021,1300,07/22/2021,0815,Terminated,,,,,Unlikely,LostDays,1,ModNegligence,N,,N,Primary,,N,11/09/2021,729,729,729,09/07/2021,Paid,10/12/2021,,,N,,66,38
6853739,07/19/2021,07/23/2021,9650362,M09149,Cemex S A,0093625,"CEMEX Construction Materials South, LLC",Operator,0500344,Lyons Cement Plant Cemex Inc,Facility,M,,07/21/2021,07/21/2021,2021,3,2021,4,1445,N,,56.12032,104(a),,Citation,07/21/2021,1645,07/21/2021,1645,07/21/2021,1819,Terminated,,,,,Unlikely,Permanent,1,ModNegligence,N,,N,Primary,,N,11/09/2021,416,416,416,09/07/2021,Paid,10/12/2021,,,N,,66,38
6853739,07/19/2021,07/23/2021,9650361,M09149,Cemex S A,0093625,"CEMEX Construction Materials South, LLC",Operator,0500344,Lyons Cement Plant Cemex Inc,Facility,M,,07/21/2021,07/21/2021,2021,3,2021,4,1015,N,,56.14109(a),104(a),,Citation,07/21/2021,1215,07/21/2021,1215,07/21/2021,1055,Terminated,,,,,Unlikely,LostDays,1,LowNegligence,N,,N,Primary,,N,11/09/2021,125,125,125,09/07/2021,Paid,10/12/2021,,,N,,66,38
6853739,07/19/2021,07/23/2021,9650360,M09149,Cemex S A,0093625,"CEMEX Construction Materials South, LLC",Operator,0500344,Lyons Cement Plant Cemex Inc,Facility,M,,07/21/2021,07/21/2021,2021,3,2021,4,1159,N,,56.4203,104(a),,Citation,07/21/2021,1359,07/21/2021,1359,07/21/2021,1250,Terminated,,,,,Unlikely,LostDays,1,ModNegligence,N,,N,Primary,,N,11/09/2021,279,279,279,09/07/2021,Paid,10/12/2021,,,N,,66,38
6853739,07/19/2021,07/23/2021,9650365,M09149,Cemex S A,0093625,"CEMEX Construction Materials South, LLC",Operator,0500344,Lyons Cement Plant Cemex Inc,Facility,M,,07/21/2021,07/21/2021,2021,3,2021,4,1423,N,,56.11002,104(a),,Citation,07/21/2021,1723,07/21/2021,1723,07/22/2021,1238,Terminated,,,,,Unlikely,Fatal,1,LowNegligence,N,,N,Primary,,N,11/09/2021,416,416,416,09/07/2021,Paid,10/12/2021,,,N,,66,38
6853739,07/19/2021,07/23/2021,9650366,M09149,Cemex S A,0093625,"CEMEX Construction Materials South, LLC",Operator,0500344,Lyons Cement Plant Cemex Inc,Facility,M,,07/21/2021,07/21/2021,2021,3,2021,4,1440,N,,56.11002,104(a),,Citation,07/21/2021,1800,08/13/2021,0800,07/29/2021,1700,Terminated,,,,,Unlikely,Fatal,1,LowNegligence,N,,N,Primary,,N,11/09/2021,416,416,416,09/07/2021,Paid,10/12/2021,,,N,,66,38
6853739,07/19/2021,07/23/2021,9650367,M09149,Cemex S A,0093625,"CEMEX Construction Materials South, LLC",Operator,0500344,Lyons Cement Plant Cemex Inc,Facility,M,,07/21/2021,07/21/2021,2021,3,2021,4,1447,N,,56.14112(b),104(a),,Citation,07/21/2021,1647,07/21/2021,1647,07/21/2021,1500,Terminated,,,,,Unlikely,LostDays,1,LowNegligence,N,,N,Primary,,N,11/09/2021,453,453,453,09/07/2021,Paid,10/12/2021,,,N,,66,38
6853739,07/19/2021,07/23/2021,9650368,M09149,Cemex S A,0093625,"CEMEX Construction Materials South, LLC",Operator,0500344,Lyons Cement Plant Cemex Inc,Facility,M,,07/21/2021,07/21/2021,2021,3,2021,4,1508,Y,,56.14107(a),104(a),,Citation,07/21/2021,1538,07/21/2021,1538,07/21/2021,1832,Terminated,,,,,Reasonably,Permanent,1,ModNegligence,N,,N,Primary,,N,11/09/2021,2065,2065,2065,09/07/2021,Paid,10/12/2021,,,N,,66,38
6853739,07/19/2021,07/23/2021,9655126,,,F223,"Personal Touch, Inc.",Contractor,0500344,Lyons Cement Plant Cemex Inc,Facility,M,F223,07/21/2021,07/21/2021,2021,3,2021,4,0905,Y,,56.15006,104(a),,Citation,07/21/2021,1130,07/21/2021,1130,07/21/2021,1600,Terminated,,,,,Reasonably,Permanent,1,ModNegligence,N,,N,Primary,,N,10/26/2021,929,929,929,08/26/2021,Paid,10/04/2021,,,N,,7,0
6853739,07/19/2021,07/23/2021,9655127,M09149,Cemex S A,0093625,"CEMEX Construction Materials South, LLC",Operator,0500344,Lyons Cement Plant Cemex Inc,Facility,M,,07/21/2021,07/21/2021,2021,3,2021,4,0940,N,,56.16006,104(a),,Citation,07/21/2021,1140,07/21/2021,1140,07/21/2021,1130,Terminated,,,,,Unlikely,Fatal,1,ModNegligence,N,,N,Primary,,N,11/09/2021,929,929,929,09/07/2021,Paid,10/12/2021,,,N,,66,38
6853739,07/19/2021,07/23/2021,9655129,M09149,Cemex S A,0093625,"CEMEX Construction Materials South, LLC",Operator,0500344,Lyons Cement Plant Cemex Inc,Facility,M,,07/21/2021,07/21/2021,2021,3,2021,4,1405,N,,56.15001,104(a),,Citation,07/21/2021,1800,07/28/2021,0900,08/03/2021,1030,Terminated,,,,,Unlikely,Permanent,1,ModNegligence,N,,N,Primary,,N,11/09/2021,416,416,416,09/07/2021,Paid,10/12/2021,,,N,,66,38
6853739,07/19/2021,07/23/2021,9650363,M09149,Cemex S A,0093625,"CEMEX Construction Materials South, LLC",Operator,0500344,Lyons Cement Plant Cemex Inc,Facility,M,,07/21/2021,07/21/2021,2021,3,2021,4,1245,N,,56.12032,104(a),,Citation,07/21/2021,1445,07/21/2021,1445,07/21/2021,1250,Terminated,,,,,Unlikely,Fatal,1,ModNegligence,N,,N,Primary,,N,11/09/2021,929,929,929,09/07/2021,Paid,10/12/2021,,,N,,66,38
6853739,07/19/2021,07/23/2021,9650364,M09149,Cemex S A,0093625,"CEMEX Construction Materials South, LLC",Operator,0500344,Lyons Cement Plant Cemex Inc,Facility,M,,07/21/2021,07/21/2021,2021,3,2021,4,1252,N,,56.14112(b),104(a),,Citation,07/21/2021,1552,07/21/2021,1552,07/22/2021,1249,Terminated,,,,,Unlikely,Permanent,1,ModNegligence,N,,N,Primary,,N,11/09/2021,1500,1500,1500,09/07/2021,Paid,10/12/2021,,,N,,66,38
6853569,01/18/2022,01/18/2022,9656611,M09149,Cemex S A,0093625,"CEMEX Construction Materials South, LLC",Operator,0500344,Lyons Cement Plant Cemex Inc,Facility,M,,01/18/2022,01/18/2022,2022,1,2022,2,0900,N,,56.14205,104(a),,Citation,01/21/2022,0700,01/21/2022,0700,01/24/2022,1030,Terminated,,,,,Unlikely,Permanent,1,ModNegligence,N,,N,Primary,,N,04/21/2022,716,716,716,03/08/2022,Paid,04/26/2022,,,N,,82,35
6853570,01/24/2022,02/07/2022,9656616,M09149,Cemex S A,0093625,"CEMEX Construction Materials South, LLC",Operator,0500344,Lyons Cement Plant Cemex Inc,Facility,M,,01/24/2022,01/24/2022,2022,1,2022,2,1440,N,,56.12032,104(a),,Citation,01/25/2022,0700,01/25/2022,0700,01/24/2022,1500,Terminated,,,,,Unlikely,Fatal,1,ModNegligence,N,,N,Primary,,N,04/21/2022,1593,1593,1593,03/08/2022,Paid,04/26/2022,,,N,,82,36
6853570,01/24/2022,02/07/2022,9656612,M09149,Cemex S A,0093625,"CEMEX Construction Materials South, LLC",Operator,0500344,Lyons Cement Plant Cemex Inc,Facility,M,,01/24/2022,01/24/2022,2022,1,2022,2,1100,N,,56.12002,104(a),,Citation,01/25/2022,0700,01/25/2022,0700,01/24/2022,1130,Terminated,,,,,Unlikely,Fatal,1,ModNegligence,N,,N,Primary,,N,04/21/2022,1593,1593,1593,03/08/2022,Paid,04/26/2022,,,N,,82,36
6853570,01/24/2022,02/07/2022,9656613,M09149,Cemex S A,0093625,"CEMEX Construction Materials South, LLC",Operator,0500344,Lyons Cement Plant Cemex Inc,Facility,M,,01/24/2022,01/24/2022,2022,1,2022,2,1200,N,,56.16001,104(a),,Citation,01/25/2022,0700,01/25/2022,0700,01/24/2022,1600,Terminated,,,,,Unlikely,LostDays,1,ModNegligence,N,,N,Primary,,N,04/21/2022,481,481,481,03/08/2022,Paid,04/26/2022,,,N,,82,36
6853570,01/24/2022,02/07/2022,9656614,M09149,Cemex S A,0093625,"CEMEX Construction Materials South, LLC",Operator,0500344,Lyons Cement Plant Cemex Inc,Facility,M,,01/24/2022,01/24/2022,2022,1,2022,2,1400,N,,56.11001,104(a),,Citation,01/25/2022,1600,01/25/2022,1600,01/25/2022,1535,Terminated,,,,,Unlikely,LostDays,1,ModNegligence,N,,N,Primary,,N,04/21/2022,481,481,481,03/08/2022,Paid,04/26/2022,,,N,,82,36
6853570,01/24/2022,02/07/2022,9656615,M09149,Cemex S A,0093625,"CEMEX Construction Materials South, LLC",Operator,0500344,Lyons Cement Plant Cemex Inc,Facility,M,,01/24/2022,01/24/2022,2022,1,2022,2,1430,N,,56.12004,104(a),,Citation,01/25/2022,0700,01/25/2022,0700,01/24/2022,1530,Terminated,,,,,Unlikely,Fatal,1,ModNegligence,N,,N,Primary,,N,04/21/2022,5290,5290,5290,03/08/2022,Paid,04/26/2022,,,N,,82,36
6853570,01/24/2022,02/07/2022,9656626,M09149,Cemex S A,0093625,"CEMEX Construction Materials South, LLC",Operator,0500344,Lyons Cement Plant Cemex Inc,Facility,M,,01/25/2022,01/25/2022,2022,1,2022,2,1700,N,,56.4101,104(a),,Citation,01/26/2022,0700,01/26/2022,0700,01/26/2022,1200,Terminated,,,,,Unlikely,Permanent,1,ModNegligence,N,,N,Primary,,N,04/21/2022,716,716,716,03/08/2022,Paid,04/26/2022,,,N,,82,38
6853570,01/24/2022,02/07/2022,9656624,,,B1515,Mountain West Industrial,Contractor,0500344,Lyons Cement Plant Cemex Inc,Facility,M,B1515,01/25/2022,01/25/2022,2022,1,2022,2,1500,Y,,56.14213(a),104(a),,Citation,01/25/2022,1700,01/25/2022,1700,01/25/2022,1615,Terminated,,,,,Reasonably,Permanent,1,ModNegligence,N,,N,Primary,,N,05/01/2022,840,840,840,03/22/2022,Paid,05/18/2022,,,N,,7,0
6853570,01/24/2022,02/07/2022,9656623,M09149,Cemex S A,0093625,"CEMEX Construction Materials South, LLC",Operator,0500344,Lyons Cement Plant Cemex Inc,Facility,M,,01/25/2022,01/25/2022,2022,1,2022,2,1330,N,,56.12028,104(a),,Citation,01/26/2022,0700,01/26/2022,0700,01/25/2022,1515,Terminated,,,,,Unlikely,Fatal,1,ModNegligence,N,,N,Primary,,N,04/21/2022,1593,1593,1593,03/08/2022,Paid,04/26/2022,,,N,,82,38
6853570,01/24/2022,02/07/2022,9656617,M09149,Cemex S A,0093625,"CEMEX Construction Materials South, LLC",Operator,0500344,Lyons Cement Plant Cemex Inc,Facility,M,,01/25/2022,01/25/2022,2022,1,2022,2,0930,N,,56.12002,104(a),,Citation,01/26/2022,0700,01/26/2022,0700,01/25/2022,0930,Terminated,,,,,Unlikely,Fatal,1,ModNegligence,N,,N,Primary,,N,04/21/2022,1593,1593,1593,03/08/2022,Paid,04/26/2022,,,N,,82,38
6853570,01/24/2022,02/07/2022,9656618,M09149,Cemex S A,0093625,"CEMEX Construction Materials South, LLC",Operator,0500344,Lyons Cement Plant Cemex Inc,Facility,M,,01/25/2022,01/25/2022,2022,1,2022,2,0935,N,,56.12002,104(a),,Citation,01/26/2022,0700,01/26/2022,0700,01/25/2022,1630,Terminated,,,,,Unlikely,Fatal,1,ModNegligence,N,,N,Primary,,N,04/21/2022,1593,1593,1593,03/08/2022,Paid,04/26/2022,,,N,,82,38
6853570,01/24/2022,02/07/2022,9656619,M09149,Cemex S A,0093625,"CEMEX Construction Materials South, LLC",Operator,0500344,Lyons Cement Plant Cemex Inc,Facility,M,,01/25/2022,01/25/2022,2022,1,2022,2,1040,N,,56.12032,104(a),,Citation,01/26/2022,0700,01/26/2022,0700,01/25/2022,1100,Terminated,,,,,Unlikely,Fatal,1,ModNegligence,N,,N,Primary,,N,04/21/2022,1593,1593,1593,03/08/2022,Paid,04/26/2022,,,N,,82,38
6853570,01/24/2022,02/07/2022,9656620,M09149,Cemex S A,0093625,"CEMEX Construction Materials South, LLC",Operator,0500344,Lyons Cement Plant Cemex Inc,Facility,M,,01/25/2022,01/25/2022,2022,1,2022,2,1100,N,,56.4601,104(a),,Citation,01/26/2022,0700,01/26/2022,0700,01/25/2022,1200,Terminated,,,,,Unlikely,Permanent,1,ModNegligence,N,,N,Primary,,N,04/21/2022,716,716,716,03/08/2022,Paid,04/26/2022,,,N,,82,38
6853570,01/24/2022,02/07/2022,9656621,M09149,Cemex S A,0093625,"CEMEX Construction Materials South, LLC",Operator,0500344,Lyons Cement Plant Cemex Inc,Facility,M,,01/25/2022,01/25/2022,2022,1,2022,2,1105,N,,56.4101,104(a),,Citation,01/26/2022,0700,01/26/2022,0700,01/25/2022,1300,Terminated,,,,,Unlikely,Permanent,1,ModNegligence,N,,N,Primary,,N,04/21/2022,716,716,716,03/08/2022,Paid,04/26/2022,,,N,,82,38
6853570,01/24/2022,02/07/2022,9656622,M09149,Cemex S A,0093625,"CEMEX Construction Materials South, LLC",Operator,0500344,Lyons Cement Plant Cemex Inc,Facility,M,,01/25/2022,01/25/2022,2022,1,2022,2,1215,N,,56.11003,104(a),,Citation,01/26/2022,0700,01/26/2022,0700,01/25/2022,1230,Terminated,,,,,Unlikely,LostDays,1,ModNegligence,N,,N,Primary,,N,04/21/2022,481,481,481,03/08/2022,Paid,04/26/2022,,,N,,82,38
6853570,01/24/2022,02/07/2022,9656625,M09149,Cemex S A,0093625,"CEMEX Construction Materials South, LLC",Operator,0500344,Lyons Cement Plant Cemex Inc,Facility,M,,01/25/2022,01/25/2022,2022,1,2022,2,1540,N,,56.11003,104(a),,Citation,01/26/2022,0700,01/26/2022,0700,01/25/2022,1600,Terminated,,,,,Unlikely,LostDays,1,ModNegligence,N,,N,Primary,,N,04/21/2022,481,481,481,03/08/2022,Paid,04/26/2022,,,N,,82,38
6853570,01/24/2022,02/07/2022,9656631,M09149,Cemex S A,0093625,"CEMEX Construction Materials South, LLC",Operator,0500344,Lyons Cement Plant Cemex Inc,Facility,M,,01/26/2022,01/26/2022,2022,1,2022,2,1505,N,,56.16006,104(a),,Citation,01/27/2022,0700,01/27/2022,0700,01/26/2022,1530,Terminated,,,,,Unlikely,Permanent,1,ModNegligence,N,,N,Primary,,N,04/21/2022,563,563,563,03/08/2022,Paid,04/26/2022,,,N,,82,40
6853570,01/24/2022,02/07/2022,9656630,M09149,Cemex S A,0093625,"CEMEX Construction Materials South, LLC",Operator,0500344,Lyons Cement Plant Cemex Inc,Facility,M,,01/26/2022,01/26/2022,2022,1,2022,2,1500,N,,56.16005,104(a),,Citation,01/27/2022,0700,01/27/2022,0700,01/26/2022,1530,Terminated,,,,,Unlikely,Permanent,1,ModNegligence,N,,N,Primary,,N,04/21/2022,563,563,563,03/08/2022,Paid,04/26/2022,,,N,,82,40
6853570,01/24/2022,02/07/2022,9656629,M09149,Cemex S A,0093625,"CEMEX Construction Materials South, LLC",Operator,0500344,Lyons Cement Plant Cemex Inc,Facility,M,,01/26/2022,01/26/2022,2022,1,2022,2,1430,N,,56.12032,104(a),,Citation,01/27/2022,0700,01/27/2022,0700,01/26/2022,1445,Terminated,,,,,Unlikely,Fatal,1,ModNegligence,N,,N,Primary,,N,04/21/2022,1253,1253,1253,03/08/2022,Paid,04/26/2022,,,N,,82,40
6853570,01/24/2022,02/07/2022,9656627,,,C2645,Verdugo construction,Contractor,0500344,Lyons Cement Plant Cemex Inc,Facility,M,C2645,01/26/2022,01/26/2022,2022,1,2022,2,1330,N,,56.4402,104(a),,Citation,01/27/2022,0700,01/27/2022,0700,01/26/2022,1530,Terminated,,,,,Unlikely,Permanent,1,ModNegligence,N,,N,Primary,,N,05/02/2022,133,133,0,03/23/2022,Treasury,08/25/2022,,,N,,0,0
6853570,01/24/2022,02/07/2022,9656628,,,C2645,Verdugo construction,Contractor,0500344,Lyons Cement Plant Cemex Inc,Facility,M,C2645,01/26/2022,01/26/2022,2022,1,2022,2,1335,N,,56.4101,104(a),,Citation,01/27/2022,0700,01/27/2022,0700,01/26/2022,1530,Terminated,,,,,Unlikely,Permanent,1,ModNegligence,N,,N,Primary,,N,05/02/2022,133,133,0,03/23/2022,Treasury,08/25/2022,,,N,,0,0
6853570,01/24/2022,02/07/2022,9656639,M09149,Cemex S A,0093625,"CEMEX Construction Materials South, LLC",Operator,0500344,Lyons Cement Plant Cemex Inc,Facility,M,,01/31/2022,01/31/2022,2022,1,2022,2,1430,N,,56.11026,104(a),,Citation,02/01/2022,1700,02/01/2022,1700,02/07/2022,1050,Terminated,,,,,Unlikely,Fatal,1,ModNegligence,N,,N,Primary,,N,04/21/2022,1253,1253,1253,03/08/2022,Paid,04/26/2022,,,N,,82,42
6853570,01/24/2022,02/07/2022,9656446,M09149,Cemex S A,0093625,"CEMEX Construction Materials South, LLC",Operator,0500344,Lyons Cement Plant Cemex Inc,Facility,M,,01/31/2022,01/31/2022,2022,1,2022,2,1415,N,,56.14100(b),104(a),,Citation,01/31/2022,1615,01/31/2022,1615,02/02/2022,1200,Terminated,,,,,Unlikely,LostDays,1,ModNegligence,N,,N,Primary,,N,04/21/2022,987,987,987,03/08/2022,Paid,04/26/2022,,,N,,82,42
6853570,01/24/2022,02/07/2022,9656632,M09149,Cemex S A,0093625,"CEMEX Construction Materials South, LLC",Operator,0500344,Lyons Cement Plant Cemex Inc,Facility,M,,01/31/2022,01/31/2022,2022,1,2022,2,0940,N,,56.12004,104(a),,Citation,02/01/2022,0700,02/01/2022,0700,01/31/2022,1000,Terminated,,,,,Unlikely,Fatal,1,ModNegligence,N,,N,Primary,,N,04/21/2022,3841,3841,3841,03/08/2022,Paid,04/26/2022,,,N,,82,42
6853570,01/24/2022,02/07/2022,9656633,M09149,Cemex S A,0093625,"CEMEX Construction Materials South, LLC",Operator,0500344,Lyons Cement Plant Cemex Inc,Facility,M,,01/31/2022,01/31/2022,2022,1,2022,2,0941,N,,56.14107(a),104(a),,Citation,02/01/2022,0700,02/01/2022,0700,01/31/2022,1300,Terminated,,,,,Unlikely,Permanent,1,ModNegligence,N,,N,Primary,,N,04/21/2022,563,563,563,03/08/2022,Paid,04/26/2022,,,N,,82,42
6853570,01/24/2022,02/07/2022,9656634,M09149,Cemex S A,0093625,"CEMEX Construction Materials South, LLC",Operator,0500344,Lyons Cement Plant Cemex Inc,Facility,M,,01/31/2022,01/31/2022,2022,1,2022,2,1000,N,,56.12023,104(a),,Citation,02/01/2022,1000,02/01/2022,1000,01/31/2022,1030,Terminated,,,,,Unlikely,Fatal,1,ModNegligence,N,,N,Primary,,N,04/21/2022,1253,1253,1253,03/08/2022,Paid,04/26/2022,,,N,,82,42
6853570,01/24/2022,02/07/2022,9656635,M09149,Cemex S A,0093625,"CEMEX Construction Materials South, LLC",Operator,0500344,Lyons Cement Plant Cemex Inc,Facility,M,,01/31/2022,01/31/2022,2022,1,2022,2,1050,N,,56.12002,104(a),,Citation,02/01/2022,0700,02/01/2022,0700,01/31/2022,1315,Terminated,,,,,Unlikely,Fatal,1,ModNegligence,N,,N,Primary,,N,04/21/2022,1253,1253,1253,03/08/2022,Paid,04/26/2022,,,N,,82,42
6853570,01/24/2022,02/07/2022,9656638,M09149,Cemex S A,0093625,"CEMEX Construction Materials South, LLC",Operator,0500344,Lyons Cement Plant Cemex Inc,Facility,M,,01/31/2022,01/31/2022,2022,1,2022,2,1410,N,,56.4101,104(a),,Citation,02/01/2022,0700,02/01/2022,0700,01/31/2022,1415,Terminated,,,,,Unlikely,Permanent,1,ModNegligence,N,,N,Primary,,N,04/21/2022,563,563,563,03/08/2022,Paid,04/26/2022,,,N,,82,42
6853570,01/24/2022,02/07/2022,9656637,M09149,Cemex S A,0093625,"CEMEX Construction Materials South, LLC",Operator,0500344,Lyons Cement Plant Cemex Inc,Facility,M,,01/31/2022,01/31/2022,2022,1,2022,2,1400,N,,56.12002,104(a),,Citation,02/01/2022,0700,02/01/2022,0700,02/01/2022,1600,Terminated,,,,,Unlikely,Fatal,1,ModNegligence,N,,N,Primary,,N,04/21/2022,1253,1253,1253,03/08/2022,Paid,04/26/2022,,,N,,82,42
6853570,01/24/2022,02/07/2022,9656366,M09149,Cemex S A,0093625,"CEMEX Construction Materials South, LLC",Operator,0500344,Lyons Cement Plant Cemex Inc,Facility,M,,01/31/2022,01/31/2022,2022,1,2022,2,1635,N,,56.14205,104(a),,Citation,02/02/2022,1000,02/02/2022,1000,02/01/2022,1110,Terminated,,,,,Unlikely,LostDays,1,ModNegligence,N,,N,Primary,,N,04/21/2022,378,378,378,03/08/2022,Paid,04/26/2022,,,N,,82,42
6853570,01/24/2022,02/07/2022,9656365,M09149,Cemex S A,0093625,"CEMEX Construction Materials South, LLC",Operator,0500344,Lyons Cement Plant Cemex Inc,Facility,M,,01/31/2022,01/31/2022,2022,1,2022,2,1531,N,,56.12004,104(a),,Citation,01/31/2022,1630,01/31/2022,1630,01/31/2022,1540,Terminated,,,,,Unlikely,LostDays,1,ModNegligence,N,,N,Primary,,N,04/21/2022,1156,1156,1156,03/08/2022,Paid,04/26/2022,,,N,,82,42
6853570,01/24/2022,02/07/2022,9656636,M09149,Cemex S A,0093625,"CEMEX Construction Materials South, LLC",Operator,0500344,Lyons Cement Plant Cemex Inc,Facility,M,,01/31/2022,01/31/2022,2022,1,2022,2,1115,N,,56.13021,104(a),,Citation,02/01/2022,0700,02/01/2022,0700,01/31/2022,1130,Terminated,,,,,Unlikely,LostDays,1,ModNegligence,N,,N,Primary,,N,04/21/2022,378,378,378,03/08/2022,Paid,04/26/2022,,,N,,82,42
6853570,01/24/2022,02/07/2022,9656370,M09149,Cemex S A,0093625,"CEMEX Construction Materials South, LLC",Operator,0500344,Lyons Cement Plant Cemex Inc,Facility,M,,02/01/2022,02/01/2022,2022,1,2022,2,1535,N,,56.12030,104(a),,Citation,02/01/2022,1600,02/02/2022,1200,02/02/2022,1045,Terminated,,,,,Unlikely,LostDays,1,ModNegligence,N,,N,Primary,,N,04/21/2022,296,296,296,03/08/2022,Paid,04/26/2022,,,N,,82,44
6853570,01/24/2022,02/07/2022,9656369,M09149,Cemex S A,0093625,"CEMEX Construction Materials South, LLC",Operator,0500344,Lyons Cement Plant Cemex Inc,Facility,M,,02/01/2022,02/01/2022,2022,1,2022,2,1430,N,,56.12032,104(a),,Citation,02/01/2022,1530,02/01/2022,1530,02/01/2022,1500,Terminated,,,,,Unlikely,LostDays,1,ModNegligence,N,,N,Primary,,N,04/21/2022,296,296,296,03/08/2022,Paid,04/26/2022,,,N,,82,44
6853570,01/24/2022,02/07/2022,9656368,M09149,Cemex S A,0093625,"CEMEX Construction Materials South, LLC",Operator,0500344,Lyons Cement Plant Cemex Inc,Facility,M,,02/01/2022,02/01/2022,2022,1,2022,2,1220,N,,56.20003(a),104(a),,Citation,02/01/2022,1600,02/01/2022,1600,02/02/2022,1100,Terminated,,,,,Unlikely,LostDays,1,ModNegligence,N,,N,Primary,,N,04/21/2022,987,987,987,03/08/2022,Paid,04/26/2022,,,N,,82,44
6853570,01/24/2022,02/07/2022,9656640,M09149,Cemex S A,0093625,"CEMEX Construction Materials South, LLC",Operator,0500344,Lyons Cement Plant Cemex Inc,Facility,M,,02/01/2022,02/01/2022,2022,1,2022,2,1115,N,,56.12032,104(a),,Citation,02/02/2022,0700,02/02/2022,0700,02/01/2022,1630,Terminated,,,,,Unlikely,Fatal,1,ModNegligence,N,,N,Primary,,N,04/21/2022,987,987,987,03/08/2022,Paid,04/26/2022,,,N,,82,44
6853570,01/24/2022,02/07/2022,9656641,M09149,Cemex S A,0093625,"CEMEX Construction Materials South, LLC",Operator,0500344,Lyons Cement Plant Cemex Inc,Facility,M,,02/01/2022,02/01/2022,2022,1,2022,2,1310,N,,56.20003(a),104(a),,Citation,02/02/2022,0700,02/02/2022,0700,02/01/2022,1620,Terminated,,,,,Unlikely,LostDays,1,ModNegligence,N,,N,Primary,,N,04/21/2022,987,987,987,03/08/2022,Paid,04/26/2022,,,N,,82,44
6853570,01/24/2022,02/07/2022,9656645,M09149,Cemex S A,0093625,"CEMEX Construction Materials South, LLC",Operator,0500344,Lyons Cement Plant Cemex Inc,Facility,M,,02/01/2022,02/01/2022,2022,1,2022,2,1440,N,,56.12018,104(a),,Citation,02/02/2022,0700,02/02/2022,0700,02/01/2022,1645,Terminated,,,,,Unlikely,Fatal,1,ModNegligence,N,,N,Primary,,N,04/21/2022,987,987,987,03/08/2022,Paid,04/26/2022,,,N,,82,44
6853570,01/24/2022,02/07/2022,9656644,M09149,Cemex S A,0093625,"CEMEX Construction Materials South, LLC",Operator,0500344,Lyons Cement Plant Cemex Inc,Facility,M,,02/01/2022,02/01/2022,2022,1,2022,2,1435,N,,56.12008,104(a),,Citation,02/02/2022,0700,02/02/2022,0700,02/01/2022,1640,Terminated,,,,,Unlikely,Fatal,1,ModNegligence,N,,N,Primary,,N,04/21/2022,987,987,987,03/08/2022,Paid,04/26/2022,,,N,,82,44
6853570,01/24/2022,02/07/2022,9656642,M09149,Cemex S A,0093625,"CEMEX Construction Materials South, LLC",Operator,0500344,Lyons Cement Plant Cemex Inc,Facility,M,,02/01/2022,02/01/2022,2022,1,2022,2,1400,N,,56.12004,104(a),,Citation,02/02/2022,0700,02/02/2022,0700,02/01/2022,1650,Terminated,,,,,Unlikely,Fatal,1,ModNegligence,N,,N,Primary,,N,04/21/2022,3022,3022,3022,03/08/2022,Paid,04/26/2022,,,N,,82,44
6853570,01/24/2022,02/07/2022,9656367,M09149,Cemex S A,0093625,"CEMEX Construction Materials South, LLC",Operator,0500344,Lyons Cement Plant Cemex Inc,Facility,M,,02/01/2022,02/01/2022,2022,1,2022,2,1135,Y,,56.16001,104(a),,Citation,02/01/2022,1215,02/01/2022,1215,02/01/2022,1215,Terminated,,,,,Reasonably,Permanent,1,ModNegligence,N,,N,Primary,,N,04/21/2022,2194,2194,2194,03/08/2022,Paid,04/26/2022,,,N,,82,44
6853570,01/24/2022,02/07/2022,9656643,M09149,Cemex S A,0093625,"CEMEX Construction Materials South, LLC",Operator,0500344,Lyons Cement Plant Cemex Inc,Facility,M,,02/01/2022,02/01/2022,2022,1,2022,2,1430,N,,56.12004,104(a),,Citation,02/02/2022,0700,02/02/2022,0700,02/01/2022,1635,Terminated,,,,,Unlikely,Fatal,1,ModNegligence,N,,N,Primary,,N,04/21/2022,3022,3022,3022,03/08/2022,Paid,04/26/2022,,,N,,82,44
6853570,01/24/2022,02/07/2022,9656646,M09149,Cemex S A,0093625,"CEMEX Construction Materials South, LLC",Operator,0500344,Lyons Cement Plant Cemex Inc,Facility,M,,02/02/2022,02/02/2022,2022,1,2022,2,1125,N,,56.4104,104(a),,Citation,02/03/2022,0700,02/03/2022,0700,02/02/2022,1145,Terminated,,,,,Unlikely,Permanent,1,ModNegligence,N,,N,Primary,,N,04/21/2022,442,442,442,03/08/2022,Paid,04/26/2022,,,N,,82,46
6853570,01/24/2022,02/07/2022,9656647,M09149,Cemex S A,0093625,"CEMEX Construction Materials South, LLC",Operator,0500344,Lyons Cement Plant Cemex Inc,Facility,M,,02/02/2022,02/02/2022,2022,1,2022,2,1130,N,,56.4430(b)(1),104(a),,Citation,02/04/2022,0700,02/04/2022,0700,02/07/2022,1110,Terminated,,,,,Unlikely,Permanent,1,ModNegligence,N,,N,Primary,,N,04/21/2022,442,442,442,03/08/2022,Paid,04/26/2022,,,N,,82,46
6853570,01/24/2022,02/07/2022,9656648,M09149,Cemex S A,0093625,"CEMEX Construction Materials South, LLC",Operator,0500344,Lyons Cement Plant Cemex Inc,Facility,M,,02/02/2022,02/02/2022,2022,1,2022,2,1200,N,,56.12013(b),104(a),,Citation,02/03/2022,0700,02/03/2022,0700,02/02/2022,1230,Terminated,,,,,Unlikely,Fatal,1,ModNegligence,N,,N,Primary,,N,04/21/2022,987,987,987,03/08/2022,Paid,04/26/2022,,,N,,82,46
6853570,01/24/2022,02/07/2022,9656649,M09149,Cemex S A,0093625,"CEMEX Construction Materials South, LLC",Operator,0500344,Lyons Cement Plant Cemex Inc,Facility,M,,02/02/2022,02/02/2022,2022,1,2022,2,1300,N,,56.12032,104(a),,Citation,02/03/2022,0700,02/03/2022,0700,02/02/2022,1600,Terminated,,,,,Unlikely,Fatal,1,ModNegligence,N,,N,Primary,,N,04/21/2022,987,987,987,03/08/2022,Paid,04/26/2022,,,N,,82,46
6853570,01/24/2022,02/07/2022,9656447,M09149,Cemex S A,0093625,"CEMEX Construction Materials South, LLC",Operator,0500344,Lyons Cement Plant Cemex Inc,Facility,M,,02/02/2022,02/02/2022,2022,1,2022,2,1320,N,,56.9300(b),104(a),,Citation,02/02/2022,1520,02/02/2022,1520,02/02/2022,1350,Terminated,,,,,Unlikely,Fatal,1,ModNegligence,N,,N,Primary,,N,04/21/2022,987,987,987,03/08/2022,Paid,04/26/2022,,,N,,82,46
6853570,01/24/2022,02/07/2022,9656652,M09149,Cemex S A,0093625,"CEMEX Construction Materials South, LLC",Operator,0500344,Lyons Cement Plant Cemex Inc,Facility,M,,02/02/2022,02/02/2022,2022,1,2022,2,1515,N,,56.12032,104(a),,Citation,02/03/2022,0700,02/03/2022,0700,02/02/2022,1535,Terminated,,,,,Unlikely,Fatal,1,ModNegligence,N,,N,Primary,,N,04/21/2022,987,987,987,03/08/2022,Paid,04/26/2022,,,N,,82,46
6853570,01/24/2022,02/07/2022,9656650,M09149,Cemex S A,0093625,"CEMEX Construction Materials South, LLC",Operator,0500344,Lyons Cement Plant Cemex Inc,Facility,M,,02/02/2022,02/02/2022,2022,1,2022,2,1400,N,,56.12004,104(a),,Citation,02/03/2022,0700,02/03/2022,0700,02/02/2022,1420,Terminated,,,,,Unlikely,Fatal,1,ModNegligence,N,,N,Primary,,N,04/21/2022,2790,2790,2790,03/08/2022,Paid,04/26/2022,,,N,,82,46
6853570,01/24/2022,02/07/2022,9656651,M09149,Cemex S A,0093625,"CEMEX Construction Materials South, LLC",Operator,0500344,Lyons Cement Plant Cemex Inc,Facility,M,,02/02/2022,02/02/2022,2022,1,2022,2,1510,N,,56.12032,104(a),,Citation,02/03/2022,0700,02/03/2022,0700,02/02/2022,1530,Terminated,,,,,Unlikely,Fatal,1,ModNegligence,N,,N,Primary,,N,04/21/2022,987,987,987,03/08/2022,Paid,04/26/2022,,,N,,82,46
6853570,01/24/2022,02/07/2022,9656375,M09149,Cemex S A,0093625,"CEMEX Construction Materials South, LLC",Operator,0500344,Lyons Cement Plant Cemex Inc,Facility,M,,02/02/2022,02/02/2022,2022,1,2022,2,1530,N,,56.12004,104(a),,Citation,02/02/2022,1630,02/02/2022,1630,02/02/2022,1600,Terminated,,,,,Unlikely,LostDays,1,ModNegligence,N,,N,Primary,,N,04/21/2022,840,840,840,03/08/2022,Paid,04/26/2022,,,N,,82,46
6853570,01/24/2022,02/07/2022,9656371,M09149,Cemex S A,0093625,"CEMEX Construction Materials South, LLC",Operator,0500344,Lyons Cement Plant Cemex Inc,Facility,M,,02/02/2022,02/02/2022,2022,1,2022,2,1410,N,,56.4200(b)(2),104(a),,Citation,02/02/2022,1510,02/02/2022,1510,02/02/2022,1415,Terminated,,,,,Unlikely,LostDays,1,ModNegligence,N,,N,Primary,,N,04/21/2022,296,296,296,03/08/2022,Paid,04/26/2022,,,N,,82,46
6853570,01/24/2022,02/07/2022,9656372,M09149,Cemex S A,0093625,"CEMEX Construction Materials South, LLC",Operator,0500344,Lyons Cement Plant Cemex Inc,Facility,M,,02/02/2022,02/02/2022,2022,1,2022,2,1420,N,,56.14112(b),104(a),,Citation,02/02/2022,1500,02/02/2022,1500,02/02/2022,1700,Terminated,,,,,Unlikely,Permanent,1,ModNegligence,N,,N,Primary,,N,04/21/2022,1593,1593,1593,03/08/2022,Paid,04/26/2022,,,N,,82,46
6853570,01/24/2022,02/07/2022,9656373,M09149,Cemex S A,0093625,"CEMEX Construction Materials South, LLC",Operator,0500344,Lyons Cement Plant Cemex Inc,Facility,M,,02/02/2022,02/02/2022,2022,1,2022,2,1425,N,,56.20003(a),104(a),,Citation,02/02/2022,1700,02/02/2022,1700,02/02/2022,1700,Terminated,,,,,Unlikely,LostDays,1,ModNegligence,N,,N,Primary,,N,04/21/2022,987,987,987,03/08/2022,Paid,04/26/2022,,,N,,82,46
6853570,01/24/2022,02/07/2022,9656374,M09149,Cemex S A,0093625,"CEMEX Construction Materials South, LLC",Operator,0500344,Lyons Cement Plant Cemex Inc,Facility,M,,02/02/2022,02/02/2022,2022,1,2022,2,1430,N,,56.14112(b),104(a),,Citation,02/02/2022,1500,02/02/2022,1500,02/02/2022,1500,Terminated,,,,,Unlikely,Permanent,1,ModNegligence,N,,N,Primary,,N,04/21/2022,1593,1593,1593,03/08/2022,Paid,04/26/2022,,,N,,82,46
6853570,01/24/2022,02/07/2022,9656448,M09149,Cemex S A,0093625,"CEMEX Construction Materials South, LLC",Operator,0500344,Lyons Cement Plant Cemex Inc,Facility,M,,02/03/2022,02/03/2022,2022,1,2022,2,1130,Y,,56.14112(b),104(a),,Citation,02/03/2022,1330,02/03/2022,1330,02/03/2022,1150,Terminated,,,,,Reasonably,Permanent,1,ModNegligence,N,,N,Primary,,N,04/21/2022,6208,6208,6208,03/08/2022,Paid,04/26/2022,,,N,,82,49
6853700,05/02/2022,05/16/2022,9657717,M09149,Cemex S A,0093625,"CEMEX Construction Materials South, LLC",Operator,0500344,Lyons Cement Plant Cemex Inc,Facility,M,,05/02/2022,05/02/2022,2022,2,2022,3,1345,N,,56.11003,104(a),,Citation,05/02/2022,1545,05/02/2022,1545,05/03/2022,1100,Terminated,,,,,Unlikely,LostDays,1,ModNegligence,N,,N,Primary,,N,07/28/2022,481,481,481,06/07/2022,Paid,08/09/2022,,,N,,135,33
6853700,05/02/2022,05/16/2022,9657720,M09149,Cemex S A,0093625,"CEMEX Construction Materials South, LLC",Operator,0500344,Lyons Cement Plant Cemex Inc,Facility,M,,05/02/2022,05/02/2022,2022,2,2022,3,1620,Y,,56.20003(a),104(a),,Citation,05/02/2022,1820,05/02/2022,1820,05/03/2022,1045,Terminated,,,,,Reasonably,LostDays,1,ModNegligence,N,,N,Primary,,N,07/28/2022,10034,10034,10034,06/07/2022,Paid,08/09/2022,,,N,,135,33
6853700,05/02/2022,05/16/2022,9657719,M09149,Cemex S A,0093625,"CEMEX Construction Materials South, LLC",Operator,0500344,Lyons Cement Plant Cemex Inc,Facility,M,,05/02/2022,05/02/2022,2022,2,2022,3,1605,N,,56.13021,104(a),,Citation,05/02/2022,1805,05/02/2022,1805,05/02/2022,1620,Terminated,,,,,Unlikely,LostDays,1,ModNegligence,N,,N,Primary,,N,07/28/2022,481,481,481,06/07/2022,Paid,08/09/2022,,,N,,135,33
6853700,05/02/2022,05/16/2022,9657718,M09149,Cemex S A,0093625,"CEMEX Construction Materials South, LLC",Operator,0500344,Lyons Cement Plant Cemex Inc,Facility,M,,05/02/2022,05/02/2022,2022,2,2022,3,1600,N,,56.4101,104(a),,Citation,05/02/2022,1800,05/02/2022,1800,05/03/2022,1055,Terminated,,,,,Unlikely,LostDays,1,ModNegligence,N,,N,Primary,,N,07/28/2022,481,481,481,06/07/2022,Paid,08/09/2022,,,N,,135,33
6853700,05/02/2022,05/16/2022,9657724,M09149,Cemex S A,0093625,"CEMEX Construction Materials South, LLC",Operator,0500344,Lyons Cement Plant Cemex Inc,Facility,M,,05/03/2022,05/03/2022,2022,2,2022,3,1545,N,,56.14112(a)(1),104(a),,Citation,05/03/2022,1745,05/03/2022,1745,05/04/2022,1310,Terminated,,,,,Unlikely,Permanent,1,ModNegligence,N,,N,Primary,,N,07/28/2022,716,716,716,06/07/2022,Paid,08/09/2022,,,N,,135,34
6853700,05/02/2022,05/16/2022,9657721,M09149,Cemex S A,0093625,"CEMEX Construction Materials South, LLC",Operator,0500344,Lyons Cement Plant Cemex Inc,Facility,M,,05/03/2022,05/03/2022,2022,2,2022,3,1350,N,,56.12034,104(a),,Citation,05/03/2022,1550,05/03/2022,1550,05/03/2022,1600,Terminated,,,,,Unlikely,LostDays,1,ModNegligence,N,,N,Primary,,N,07/28/2022,481,481,481,06/07/2022,Paid,08/09/2022,,,N,,135,34
6853700,05/02/2022,05/16/2022,9657723,M09149,Cemex S A,0093625,"CEMEX Construction Materials South, LLC",Operator,0500344,Lyons Cement Plant Cemex Inc,Facility,M,,05/03/2022,05/03/2022,2022,2,2022,3,1530,Y,,56.20003(a),104(a),,Citation,05/03/2022,1730,05/03/2022,1730,05/03/2022,1545,Terminated,,,,,Reasonably,LostDays,1,ModNegligence,N,,N,Primary,,N,07/28/2022,10034,10034,10034,06/07/2022,Paid,08/09/2022,,,N,,135,34
6853700,05/02/2022,05/16/2022,9656767,M09149,Cemex S A,0093625,"CEMEX Construction Materials South, LLC",Operator,0500344,Lyons Cement Plant Cemex Inc,Facility,M,,05/03/2022,05/03/2022,2022,2,2022,3,1430,N,,47.41(a),104(a),,Citation,05/04/2022,0900,05/04/2022,0900,05/04/2022,0850,Terminated,,,,,Unlikely,LostDays,1,ModNegligence,N,,N,Primary,,N,07/28/2022,481,481,481,06/07/2022,Paid,08/09/2022,,,N,,135,34
6853700,05/02/2022,05/16/2022,9657722,M09149,Cemex S A,0093625,"CEMEX Construction Materials South, LLC",Operator,0500344,Lyons Cement Plant Cemex Inc,Facility,M,,05/03/2022,05/03/2022,2022,2,2022,3,1410,N,,56.12004,104(a),,Citation,05/03/2022,1615,05/03/2022,1615,05/03/2022,1430,Terminated,,,,,Unlikely,LostDays,1,ModNegligence,N,,N,Primary,,N,07/28/2022,2025,2025,2025,06/07/2022,Paid,08/09/2022,,,N,,135,34
6853700,05/02/2022,05/16/2022,9657725,M09149,Cemex S A,0093625,"CEMEX Construction Materials South, LLC",Operator,0500344,Lyons Cement Plant Cemex Inc,Facility,M,,05/04/2022,05/04/2022,2022,2,2022,3,1325,N,,47.41(a),104(a),,Citation,05/04/2022,1525,05/04/2022,1525,05/04/2022,1400,Terminated,,,,,Unlikely,LostDays,1,ModNegligence,N,,N,Primary,,N,07/28/2022,481,481,481,06/07/2022,Paid,08/09/2022,,,N,,135,36
6853700,05/02/2022,05/16/2022,9657726,M09149,Cemex S A,0093625,"CEMEX Construction Materials South, LLC",Operator,0500344,Lyons Cement Plant Cemex Inc,Facility,M,,05/04/2022,05/04/2022,2022,2,2022,3,1420,Y,,56.20003(a),104(a),,Citation,05/04/2022,1620,05/04/2022,1620,05/09/2022,1035,Terminated,,,,,Reasonably,LostDays,1,ModNegligence,N,,N,Primary,,N,07/28/2022,9261,9261,9261,06/07/2022,Paid,08/09/2022,,,N,,135,36
6853700,05/02/2022,05/16/2022,9656769,M09149,Cemex S A,0093625,"CEMEX Construction Materials South, LLC",Operator,0500344,Lyons Cement Plant Cemex Inc,Facility,M,,05/04/2022,05/04/2022,2022,2,2022,3,1407,N,,56.12028,104(a),,Citation,05/05/2022,1000,05/05/2022,1000,05/05/2022,1000,Terminated,,,,,Unlikely,LostDays,1,ModNegligence,N,,N,Primary,,N,07/28/2022,481,481,481,06/07/2022,Paid,08/09/2022,,,N,,135,36
6853700,05/02/2022,05/16/2022,9656768,M09149,Cemex S A,0093625,"CEMEX Construction Materials South, LLC",Operator,0500344,Lyons Cement Plant Cemex Inc,Facility,M,,05/04/2022,05/04/2022,2022,2,2022,3,1130,N,,56.14100(a),104(a),,Citation,05/04/2022,1400,05/04/2022,1400,05/04/2022,1200,Terminated,,,,,Unlikely,LostDays,1,ModNegligence,N,,N,Primary,,N,07/28/2022,481,481,481,06/07/2022,Paid,08/09/2022,,,N,,135,36
6853700,05/02/2022,05/16/2022,9656770,M09149,Cemex S A,0093625,"CEMEX Construction Materials South, LLC",Operator,0500344,Lyons Cement Plant Cemex Inc,Facility,M,,05/05/2022,05/05/2022,2022,2,2022,3,1057,N,,56.9300(a),104(a),,Citation,05/05/2022,1600,05/05/2022,1600,05/05/2022,1405,Terminated,,,,,Unlikely,Permanent,1,ModNegligence,N,,N,Primary,,N,07/28/2022,716,716,716,06/07/2022,Paid,08/09/2022,,,N,,135,38
6853700,05/02/2022,05/16/2022,9657641,,,C3576,413 Mechanical LLC,Contractor,0500344,Lyons Cement Plant Cemex Inc,Facility,M,C3576,05/09/2022,05/09/2022,2022,2,2022,3,1412,N,,56.14205,104(a),,Citation,05/10/2022,0700,05/10/2022,0700,05/10/2022,1210,Terminated,,,,,Unlikely,Permanent,1,HighNegligence,N,,N,Primary,,N,08/07/2022,133,133,133,06/23/2022,Paid,07/18/2022,,,N,,0,0
6853700,05/02/2022,05/16/2022,9657729,M09149,Cemex S A,0093625,"CEMEX Construction Materials South, LLC",Operator,0500344,Lyons Cement Plant Cemex Inc,Facility,M,,05/09/2022,05/09/2022,2022,2,2022,3,1045,N,,56.13021,104(a),,Citation,05/09/2022,1245,05/09/2022,1245,05/09/2022,1050,Terminated,,,,,Unlikely,LostDays,1,ModNegligence,N,,N,Primary,,N,08/12/2022,481,481,481,07/05/2022,Paid,08/25/2022,,,N,,135,40
6853700,05/02/2022,05/16/2022,9657730,M09149,Cemex S A,0093625,"CEMEX Construction Materials South, LLC",Operator,0500344,Lyons Cement Plant Cemex Inc,Facility,M,,05/09/2022,05/09/2022,2022,2,2022,3,1110,N,,56.12032,104(a),,Citation,05/09/2022,1310,05/09/2022,1310,05/09/2022,1125,Terminated,,,,,Unlikely,LostDays,1,ModNegligence,N,,N,Primary,,N,08/12/2022,1725,1725,1725,07/05/2022,Paid,08/25/2022,,,N,,135,40
6853700,05/02/2022,05/16/2022,9657731,M09149,Cemex S A,0093625,"CEMEX Construction Materials South, LLC",Operator,0500344,Lyons Cement Plant Cemex Inc,Facility,M,,05/09/2022,05/09/2022,2022,2,2022,3,1125,N,,56.12004,104(a),,Citation,05/09/2022,1325,05/09/2022,1325,05/09/2022,1205,Terminated,,,,,Unlikely,LostDays,1,ModNegligence,N,,N,Primary,,N,08/12/2022,1869,1869,1869,07/05/2022,Paid,08/25/2022,,,N,,135,40
6853700,05/02/2022,05/16/2022,9656773,M09149,Cemex S A,0093625,"CEMEX Construction Materials South, LLC",Operator,0500344,Lyons Cement Plant Cemex Inc,Facility,M,,05/09/2022,05/09/2022,2022,2,2022,3,1508,N,,56.15020,104(a),,Citation,05/10/2022,0800,05/10/2022,0800,05/10/2022,0755,Terminated,,,,,Unlikely,Fatal,1,ModNegligence,N,,N,Primary,,N,08/12/2022,1593,1593,1593,07/05/2022,Paid,08/25/2022,,,N,,135,40
6853700,05/02/2022,05/16/2022,9656772,M09149,Cemex S A,0093625,"CEMEX Construction Materials South, LLC",Operator,0500344,Lyons Cement Plant Cemex Inc,Facility,M,,05/09/2022,05/09/2022,2022,2,2022,3,1354,N,,56.20003(a),104(a),,Citation,05/10/2022,0800,05/10/2022,0800,05/10/2022,0800,Terminated,,,,,Unlikely,LostDays,1,ModNegligence,N,,N,Primary,,N,08/12/2022,1869,1869,1869,07/05/2022,Paid,08/25/2022,,,N,,135,40
6853700,05/02/2022,05/16/2022,9656771,M09149,Cemex S A,0093625,"CEMEX Construction Materials South, LLC",Operator,0500344,Lyons Cement Plant Cemex Inc,Facility,M,,05/09/2022,05/09/2022,2022,2,2022,3,1344,N,,56.12008,104(a),,Citation,05/09/2022,1800,05/09/2022,1800,05/09/2022,1413,Terminated,,,,,Unlikely,LostDays,1,ModNegligence,N,,N,Primary,,N,08/12/2022,481,481,481,07/05/2022,Paid,08/25/2022,,,N,,135,40
6853700,05/02/2022,05/16/2022,9657639,M09149,Cemex S A,0093625,"CEMEX Construction Materials South, LLC",Operator,0500344,Lyons Cement Plant Cemex Inc,Facility,M,,05/09/2022,05/09/2022,2022,2,2022,3,1200,N,,56.14107(a),104(a),,Citation,05/10/2022,0900,05/10/2022,0900,05/09/2022,1230,Terminated,,,,,Unlikely,Permanent,1,ModNegligence,N,,N,Primary,,N,08/12/2022,716,716,716,07/05/2022,Paid,08/25/2022,,,N,,135,40
6853700,05/02/2022,05/16/2022,9657640,,,C3576,413 Mechanical LLC,Contractor,0500344,Lyons Cement Plant Cemex Inc,Facility,M,C3576,05/09/2022,05/09/2022,2022,2,2022,3,1410,N,,56.12004,104(a),,Citation,05/10/2022,0900,05/10/2022,0900,05/10/2022,1210,Terminated,,,,,Unlikely,Fatal,1,ModNegligence,N,,N,Primary,,N,08/07/2022,133,133,133,06/23/2022,Paid,07/18/2022,,,N,,0,0
6853700,05/02/2022,05/16/2022,9657635,M09149,Cemex S A,0093625,"CEMEX Construction Materials South, LLC",Operator,0500344,Lyons Cement Plant Cemex Inc,Facility,M,,05/09/2022,05/09/2022,2022,2,2022,3,0915,N,,56.14112(a)(1),104(a),,Citation,05/10/2022,1200,05/10/2022,1200,05/10/2022,1540,Terminated,,,,,Unlikely,Permanent,1,ModNegligence,N,,N,Primary,,N,08/12/2022,716,716,716,07/05/2022,Paid,08/25/2022,,,N,,135,40
6853700,05/02/2022,05/16/2022,9657636,M09149,Cemex S A,0093625,"CEMEX Construction Materials South, LLC",Operator,0500344,Lyons Cement Plant Cemex Inc,Facility,M,,05/09/2022,05/09/2022,2022,2,2022,3,1000,N,,56.12032,104(a),,Citation,05/10/2022,1200,05/10/2022,1200,05/09/2022,1030,Terminated,,,,,Unlikely,Fatal,1,ModNegligence,N,,N,Primary,,N,08/12/2022,5731,5731,5731,07/05/2022,Paid,08/25/2022,,,N,,135,40
6853700,05/02/2022,05/16/2022,9657642,,,C3576,413 Mechanical LLC,Contractor,0500344,Lyons Cement Plant Cemex Inc,Facility,M,C3576,05/09/2022,05/09/2022,2022,2,2022,3,1414,N,,56.14205,104(a),,Citation,05/10/2022,0700,05/10/2022,0700,05/10/2022,1210,Terminated,,,,,Unlikely,Permanent,1,HighNegligence,N,,N,Primary,,N,08/07/2022,133,133,133,06/23/2022,Paid,07/18/2022,,,N,,0,0
6853700,05/02/2022,05/16/2022,9657637,M09149,Cemex S A,0093625,"CEMEX Construction Materials South, LLC",Operator,0500344,Lyons Cement Plant Cemex Inc,Facility,M,,05/09/2022,05/09/2022,2022,2,2022,3,1005,N,,56.14107(a),104(a),,Citation,05/10/2022,1212,05/10/2022,1212,05/10/2022,1545,Terminated,,,,,Unlikely,Permanent,1,ModNegligence,N,,N,Primary,,N,08/12/2022,716,716,716,07/05/2022,Paid,08/25/2022,,,N,,135,40
6853700,05/02/2022,05/16/2022,9657638,M09149,Cemex S A,0093625,"CEMEX Construction Materials South, LLC",Operator,0500344,Lyons Cement Plant Cemex Inc,Facility,M,,05/09/2022,05/09/2022,2022,2,2022,3,1150,N,,56.4101,104(a),,Citation,05/10/2022,0900,05/10/2022,0900,05/09/2022,1200,Terminated,,,,,Unlikely,Permanent,1,ModNegligence,N,,N,Primary,,N,08/12/2022,716,716,716,07/05/2022,Paid,08/25/2022,,,N,,135,40
6853700,05/02/2022,05/16/2022,9657643,,,C3576,413 Mechanical LLC,Contractor,0500344,Lyons Cement Plant Cemex Inc,Facility,M,C3576,05/09/2022,05/09/2022,2022,2,2022,3,1415,N,,56.14205,104(a),,Citation,05/10/2022,0700,05/10/2022,0700,05/10/2022,1215,Terminated,,,,,Unlikely,Permanent,1,HighNegligence,N,,N,Primary,,N,08/07/2022,133,133,133,06/23/2022,Paid,07/18/2022,,,N,,0,0
6853700,05/02/2022,05/16/2022,9656775,M09149,Cemex S A,0093625,"CEMEX Construction Materials South, LLC",Operator,0500344,Lyons Cement Plant Cemex Inc,Facility,M,,05/10/2022,05/10/2022,2022,2,2022,3,1109,N,,56.20003(a),104(a),,Citation,05/10/2022,1600,05/10/2022,1600,05/10/2022,1354,Terminated,,,,,Unlikely,LostDays,1,ModNegligence,N,,N,Primary,,N,08/12/2022,1869,1869,1869,07/05/2022,Paid,08/25/2022,,,N,,135,44
6853700,05/02/2022,05/16/2022,9657644,M09149,Cemex S A,0093625,"CEMEX Construction Materials South, LLC",Operator,0500344,Lyons Cement Plant Cemex Inc,Facility,M,,05/10/2022,05/10/2022,2022,2,2022,3,1230,N,,56.12032,104(a),,Citation,05/11/2022,0700,05/11/2022,0700,05/10/2022,1245,Terminated,,,,,Unlikely,Fatal,1,ModNegligence,N,,N,Primary,,N,08/12/2022,5731,5731,5731,07/05/2022,Paid,08/25/2022,,,N,,135,44
6853700,05/02/2022,05/16/2022,9657645,M09149,Cemex S A,0093625,"CEMEX Construction Materials South, LLC",Operator,0500344,Lyons Cement Plant Cemex Inc,Facility,M,,05/10/2022,05/10/2022,2022,2,2022,3,1235,N,,56.12028,104(a),,Citation,05/11/2022,0700,05/11/2022,0700,05/10/2022,1300,Terminated,,,,,Unlikely,Fatal,1,ModNegligence,N,,N,Primary,,N,08/12/2022,1593,1593,1593,07/05/2022,Paid,08/25/2022,,,N,,135,44
6853700,05/02/2022,05/16/2022,9657646,M09149,Cemex S A,0093625,"CEMEX Construction Materials South, LLC",Operator,0500344,Lyons Cement Plant Cemex Inc,Facility,M,,05/10/2022,05/10/2022,2022,2,2022,3,1320,N,,56.12004,104(a),,Citation,05/11/2022,0700,05/11/2022,0700,05/10/2022,1330,Terminated,,,,,Unlikely,Fatal,1,ModNegligence,N,,N,Primary,,N,08/12/2022,6208,6208,6208,07/05/2022,Paid,08/25/2022,,,N,,135,44
6853700,05/02/2022,05/16/2022,9656774,M09149,Cemex S A,0093625,"CEMEX Construction Materials South, LLC",Operator,0500344,Lyons Cement Plant Cemex Inc,Facility,M,,05/10/2022,05/10/2022,2022,2,2022,3,1304,Y,,56.14109(a),104(a),,Citation,05/10/2022,1330,05/10/2022,1800,05/10/2022,1640,Terminated,,,,,Reasonably,Permanent,1,ModNegligence,N,,N,Primary,,N,08/12/2022,3546,3546,3546,07/05/2022,Paid,08/25/2022,,,N,,135,44
6853700,05/02/2022,05/16/2022,9656777,M09149,Cemex S A,0093625,"CEMEX Construction Materials South, LLC",Operator,0500344,Lyons Cement Plant Cemex Inc,Facility,M,,05/10/2022,05/10/2022,2022,2,2022,3,1546,N,,47.41(a),104(a),,Citation,05/10/2022,1800,05/10/2022,1800,05/10/2022,1549,Terminated,,,,,Unlikely,LostDays,1,ModNegligence,N,,N,Primary,,N,08/12/2022,481,481,481,07/05/2022,Paid,08/25/2022,,,N,,135,44
6853700,05/02/2022,05/16/2022,9657647,M09149,Cemex S A,0093625,"CEMEX Construction Materials South, LLC",Operator,0500344,Lyons Cement Plant Cemex Inc,Facility,M,,05/10/2022,05/10/2022,2022,2,2022,3,1325,N,,56.12004,104(a),,Citation,05/11/2022,0700,05/11/2022,0700,05/10/2022,1330,Terminated,,,,,Unlikely,Fatal,1,HighNegligence,N,,N,Primary,,N,08/12/2022,20612,20612,20612,07/05/2022,Paid,08/25/2022,,,N,,135,44
6853700,05/02/2022,05/16/2022,9657648,M09149,Cemex S A,0093625,"CEMEX Construction Materials South, LLC",Operator,0500344,Lyons Cement Plant Cemex Inc,Facility,M,,05/10/2022,05/10/2022,2022,2,2022,3,1400,N,,56.16005,104(a),,Citation,05/11/2022,0700,05/11/2022,0700,05/10/2022,1405,Terminated,,,,,Unlikely,Permanent,1,ModNegligence,N,,N,Primary,,N,08/12/2022,716,716,716,07/05/2022,Paid,08/25/2022,,,N,,135,44
6853700,05/02/2022,05/16/2022,9657650,M09149,Cemex S A,0093625,"CEMEX Construction Materials South, LLC",Operator,0500344,Lyons Cement Plant Cemex Inc,Facility,M,,05/10/2022,05/10/2022,2022,2,2022,3,1425,N,,56.14112(b),104(a),,Citation,05/11/2022,0900,05/11/2022,0900,05/11/2022,1530,Terminated,,,,,Unlikely,Permanent,1,ModNegligence,N,,N,Primary,,N,08/12/2022,2790,2790,2790,07/05/2022,Paid,08/25/2022,,,N,,135,44
6853700,05/02/2022,05/16/2022,9657649,M09149,Cemex S A,0093625,"CEMEX Construction Materials South, LLC",Operator,0500344,Lyons Cement Plant Cemex Inc,Facility,M,,05/10/2022,05/10/2022,2022,2,2022,3,1420,N,,56.14112(b),104(a),,Citation,05/11/2022,0900,05/11/2022,0900,05/11/2022,1530,Terminated,,,,,Unlikely,Permanent,1,ModNegligence,N,,N,Primary,,N,08/12/2022,2790,2790,2790,07/05/2022,Paid,08/25/2022,,,N,,135,44
6853700,05/02/2022,05/16/2022,9657732,M09149,Cemex S A,0093625,"CEMEX Construction Materials South, LLC",Operator,0500344,Lyons Cement Plant Cemex Inc,Facility,M,,05/10/2022,05/10/2022,2022,2,2022,3,1135,Y,,56.14112(b),104(a),,Citation,05/10/2022,1335,05/10/2022,1335,05/10/2022,1335,Terminated,,,,,Reasonably,Permanent,1,ModNegligence,N,,N,Primary,,N,08/12/2022,13816,13816,13816,07/05/2022,Paid,08/25/2022,,,N,,135,44
6853700,05/02/2022,05/16/2022,9656776,M09149,Cemex S A,0093625,"CEMEX Construction Materials South, LLC",Operator,0500344,Lyons Cement Plant Cemex Inc,Facility,M,,05/10/2022,05/10/2022,2022,2,2022,3,1513,N,,56.20003(a),104(a),,Citation,05/10/2022,1800,05/10/2022,1800,05/10/2022,1625,Terminated,,,,,Unlikely,LostDays,1,ModNegligence,N,,N,Primary,,N,08/12/2022,1869,1869,1869,07/05/2022,Paid,08/25/2022,,,N,,135,44
6853700,05/02/2022,05/16/2022,9657735,,,C3576,413 Mechanical LLC,Contractor,0500344,Lyons Cement Plant Cemex Inc,Facility,M,C3576,05/11/2022,05/11/2022,2022,2,2022,3,1040,N,,46.7(a),104(g)(1),,Order,,,,,05/16/2022,0930,Terminated,,,,,Unlikely,LostDays,1,ModNegligence,N,,N,Primary,,N,08/07/2022,148,148,148,06/23/2022,Paid,07/18/2022,,,N,,0,0
6853700,05/02/2022,05/16/2022,9656781,M09149,Cemex S A,0093625,"CEMEX Construction Materials South, LLC",Operator,0500344,Lyons Cement Plant Cemex Inc,Facility,M,,05/11/2022,05/11/2022,2022,2,2022,3,1443,N,,56.11001,104(a),,Citation,05/12/2022,1200,05/12/2022,1200,05/12/2022,1002,Terminated,,,,,Unlikely,LostDays,1,ModNegligence,N,,N,Primary,,N,08/12/2022,481,481,481,07/05/2022,Paid,08/25/2022,,,N,,135,48
6853700,05/02/2022,05/16/2022,9657738,M09149,Cemex S A,0093625,"CEMEX Construction Materials South, LLC",Operator,0500344,Lyons Cement Plant Cemex Inc,Facility,M,,05/11/2022,05/11/2022,2022,2,2022,3,1105,N,,56.14132(a),104(a),,Citation,05/11/2022,1300,05/11/2022,1300,05/11/2022,1515,Terminated,,,,,Unlikely,Fatal,1,ModNegligence,N,,N,Primary,,N,08/12/2022,1593,1593,1593,07/05/2022,Paid,08/25/2022,,,N,,135,48
6853700,05/02/2022,05/16/2022,9657737,,,C3576,413 Mechanical LLC,Contractor,0500344,Lyons Cement Plant Cemex Inc,Facility,M,C3576,05/11/2022,05/11/2022,2022,2,2022,3,1100,N,,56.14132(a),104(a),,Citation,05/11/2022,1300,05/11/2022,1300,05/11/2022,1515,Terminated,,,,,Unlikely,Fatal,1,ModNegligence,N,,N,Primary,,N,08/07/2022,133,133,133,06/23/2022,Paid,07/18/2022,,,N,,0,0
6853700,05/02/2022,05/16/2022,9657736,,,C3576,413 Mechanical LLC,Contractor,0500344,Lyons Cement Plant Cemex Inc,Facility,M,C3576,05/11/2022,05/11/2022,2022,2,2022,3,1050,N,,46.7(a),104(g)(1),,Order,,,,,05/16/2022,0930,Terminated,,,,,Unlikely,LostDays,1,ModNegligence,N,,N,Primary,,N,08/07/2022,148,148,148,06/23/2022,Paid,07/18/2022,,,N,,0,0
6853700,05/02/2022,05/16/2022,9657734,,,C3576,413 Mechanical LLC,Contractor,0500344,Lyons Cement Plant Cemex Inc,Facility,M,C3576,05/11/2022,05/11/2022,2022,2,2022,3,1030,N,,56.14100(a),104(a),,Citation,05/11/2022,1600,05/11/2022,1600,05/16/2022,0900,Terminated,,,,,Unlikely,Fatal,1,ModNegligence,N,,N,Primary,,N,08/07/2022,133,133,133,06/23/2022,Paid,07/18/2022,,,N,,0,0
6853700,05/02/2022,05/16/2022,9656778,M09149,Cemex S A,0093625,"CEMEX Construction Materials South, LLC",Operator,0500344,Lyons Cement Plant Cemex Inc,Facility,M,,05/11/2022,05/11/2022,2022,2,2022,3,1024,N,,56.16006,104(a),,Citation,05/11/2022,1200,05/11/2022,1200,05/11/2022,1028,Terminated,,,,,Unlikely,Permanent,1,ModNegligence,N,,N,Primary,,N,08/12/2022,716,716,716,07/05/2022,Paid,08/25/2022,,,N,,135,48
6853700,05/02/2022,05/16/2022,9656779,M09149,Cemex S A,0093625,"CEMEX Construction Materials South, LLC",Operator,0500344,Lyons Cement Plant Cemex Inc,Facility,M,,05/11/2022,05/11/2022,2022,2,2022,3,1055,N,,56.16006,104(a),,Citation,05/11/2022,1200,05/11/2022,1200,05/11/2022,1116,Terminated,,,,,Unlikely,Permanent,1,ModNegligence,N,,N,Primary,,N,08/12/2022,716,716,716,07/05/2022,Paid,08/25/2022,,,N,,135,48
6853700,05/02/2022,05/16/2022,9656780,M09149,Cemex S A,0093625,"CEMEX Construction Materials South, LLC",Operator,0500344,Lyons Cement Plant Cemex Inc,Facility,M,,05/11/2022,05/11/2022,2022,2,2022,3,1120,N,,56.14100(b),104(a),,Citation,05/11/2022,1800,05/11/2022,1800,05/11/2022,1351,Terminated,,,,,Unlikely,Permanent,1,ModNegligence,N,,N,Primary,,N,08/12/2022,1869,1869,1869,07/05/2022,Paid,08/25/2022,,,N,,135,48
6853700,05/02/2022,05/16/2022,9657733,M09149,Cemex S A,0093625,"CEMEX Construction Materials South, LLC",Operator,0500344,Lyons Cement Plant Cemex Inc,Facility,M,,05/11/2022,05/11/2022,2022,2,2022,3,1000,N,,56.12004,104(a),,Citation,05/11/2022,1200,05/11/2022,1200,05/11/2022,1500,Terminated,,,,,Unlikely,Fatal,1,ModNegligence,N,,N,Primary,,N,08/12/2022,6208,6208,6208,07/05/2022,Paid,08/25/2022,,,N,,135,48
6853700,05/02/2022,05/16/2022,9656782,M09149,Cemex S A,0093625,"CEMEX Construction Materials South, LLC",Operator,0500344,Lyons Cement Plant Cemex Inc,Facility,M,,05/11/2022,05/11/2022,2022,2,2022,3,1214,N,,56.14132(a),104(a),,Citation,05/11/2022,1800,05/11/2022,1800,05/11/2022,1356,Terminated,,,,,Unlikely,Permanent,1,ModNegligence,N,,N,Primary,,N,08/12/2022,716,716,716,07/05/2022,Paid,08/25/2022,,,N,,135,48
6941022,09/20/2022,09/20/2022,9729024,M09149,Cemex S A,0093625,"CEMEX Construction Materials South, LLC",Operator,0500344,Lyons Cement Plant Cemex Inc,Facility,M,,09/20/2022,09/20/2022,2022,3,2022,4,1410,N,,56.16005,104(a),,Citation,09/20/2022,1700,09/20/2022,1700,09/20/2022,1430,Terminated,,,,,Unlikely,LostDays,1,ModNegligence,N,,N,Primary,,N,12/16/2022,481,481,481,11/08/2022,Paid,12/07/2022,,,N,,136,51
6858255,01/09/2023,01/09/2023,9728527,M09149,Cemex S A,0093625,"CEMEX Construction Materials South, LLC",Operator,0500344,Lyons Cement Plant Cemex Inc,Facility,M,,01/09/2023,01/09/2023,2023,1,2023,2,0959,Y,,56.11016,104(a),,Citation,01/09/2023,1200,01/09/2023,1200,01/09/2023,1128,Terminated,,,,,Reasonably,LostDays,1,ModNegligence,N,,N,Primary,,N,04/21/2023,2561,2561,2561,03/07/2023,Paid,04/26/2023,,,N,,137,38
6853836,02/26/2023,03/20/2023,9151944,M09149,Cemex S A,0093625,"CEMEX Construction Materials South, LLC",Operator,0500344,Lyons Cement Plant Cemex Inc,Facility,M,,02/26/2023,02/26/2023,2023,1,2023,2,1310,N,,56.4101,104(a),,Citation,02/26/2023,1500,02/26/2023,1500,02/26/2023,1315,Terminated,,,,,Unlikely,LostDays,1,LowNegligence,N,,N,Mill,,N,05/19/2023,232,232,232,04/04/2023,Paid,06/01/2023,,,N,,98,38
6853836,02/26/2023,03/20/2023,9151943,M09149,Cemex S A,0093625,"CEMEX Construction Materials South, LLC",Operator,0500344,Lyons Cement Plant Cemex Inc,Facility,M,,02/26/2023,02/26/2023,2023,1,2023,2,1140,N,,56.4104,104(a),,Citation,02/27/2023,1600,02/27/2023,1600,02/27/2023,1355,Terminated,,,,,Unlikely,LostDays,1,ModNegligence,N,,N,Mill,,N,05/19/2023,518,518,518,04/04/2023,Paid,06/01/2023,,,N,,98,38
6853836,02/26/2023,03/20/2023,9151942,M09149,Cemex S A,0093625,"CEMEX Construction Materials South, LLC",Operator,0500344,Lyons Cement Plant Cemex Inc,Facility,M,,02/26/2023,02/26/2023,2023,1,2023,2,1055,N,,56.14100(b),104(a),,Citation,02/26/2023,1200,02/26/2023,1200,02/26/2023,1120,Terminated,,,,,Unlikely,Permanent,1,ModNegligence,N,,N,Mill,,N,05/19/2023,772,772,772,04/04/2023,Paid,06/01/2023,,,N,,98,38
6853836,02/26/2023,03/20/2023,9151941,M09149,Cemex S A,0093625,"CEMEX Construction Materials South, LLC",Operator,0500344,Lyons Cement Plant Cemex Inc,Facility,M,,02/26/2023,02/26/2023,2023,1,2023,2,1035,N,,56.12028,104(a),,Citation,02/27/2023,0800,02/27/2023,0800,02/27/2023,0650,Terminated,,,,,Unlikely,LostDays,1,ModNegligence,N,,N,Mill,,N,05/19/2023,518,518,518,04/04/2023,Paid,06/01/2023,,,N,,98,38
6853836,02/26/2023,03/20/2023,9151940,M09149,Cemex S A,0093625,"CEMEX Construction Materials South, LLC",Operator,0500344,Lyons Cement Plant Cemex Inc,Facility,M,,02/26/2023,02/26/2023,2023,1,2023,2,1005,N,,56.12028,104(a),,Citation,02/26/2023,1600,02/26/2023,1600,02/26/2023,1420,Terminated,,,,,Unlikely,LostDays,1,ModNegligence,N,,N,Mill,,N,05/19/2023,518,518,518,04/04/2023,Paid,06/01/2023,,,N,,98,38
6853836,02/26/2023,03/20/2023,9151946,M09149,Cemex S A,0093625,"CEMEX Construction Materials South, LLC",Operator,0500344,Lyons Cement Plant Cemex Inc,Facility,M,,02/27/2023,02/27/2023,2023,1,2023,2,0930,N,,56.12028,104(a),,Citation,02/27/2023,1200,02/27/2023,1200,02/27/2023,1035,Terminated,,,,,Unlikely,Permanent,1,ModNegligence,N,,N,Mill,,N,05/19/2023,772,772,772,04/04/2023,Paid,06/01/2023,,,N,,98,39
6853836,02/26/2023,03/20/2023,9151945,M09149,Cemex S A,0093625,"CEMEX Construction Materials South, LLC",Operator,0500344,Lyons Cement Plant Cemex Inc,Facility,M,,02/27/2023,02/27/2023,2023,1,2023,2,0730,N,,56.4201(a)(1),104(a),,Citation,02/27/2023,0800,02/27/2023,0800,02/27/2023,0735,Terminated,,,,,Unlikely,LostDays,1,ModNegligence,N,,N,Mill,,N,05/19/2023,518,518,518,04/04/2023,Paid,06/01/2023,,,N,,98,39
6853836,02/26/2023,03/20/2023,9151947,M09149,Cemex S A,0093625,"CEMEX Construction Materials South, LLC",Operator,0500344,Lyons Cement Plant Cemex Inc,Facility,M,,02/27/2023,02/27/2023,2023,1,2023,2,1300,N,,56.12019,104(a),,Citation,02/27/2023,1330,02/27/2023,1330,02/27/2023,1310,Terminated,,,,,Unlikely,LostDays,1,ModNegligence,N,,N,Mill,,N,05/19/2023,518,518,518,04/04/2023,Paid,06/01/2023,,,N,,98,39
6853836,02/26/2023,03/20/2023,9151948,M09149,Cemex S A,0093625,"CEMEX Construction Materials South, LLC",Operator,0500344,Lyons Cement Plant Cemex Inc,Facility,M,,02/27/2023,02/27/2023,2023,1,2023,2,1330,N,,56.20003(a),104(a),,Citation,02/28/2023,1200,02/28/2023,1200,02/28/2023,1235,Terminated,,,,,Unlikely,LostDays,1,ModNegligence,N,,N,Mill,,N,05/19/2023,1717,1717,1717,04/04/2023,Paid,06/01/2023,,,N,,98,39
6853836,02/26/2023,03/20/2023,9151949,M09149,Cemex S A,0093625,"CEMEX Construction Materials South, LLC",Operator,0500344,Lyons Cement Plant Cemex Inc,Facility,M,,02/28/2023,02/28/2023,2023,1,2023,2,0940,N,,56.18002(b),104(a),,Citation,02/28/2023,1030,02/28/2023,1030,02/28/2023,1010,Terminated,,,,,NoLikelihood,NoLostDays,1,NoNegligence,N,,N,Mill,,N,05/19/2023,143,143,143,04/04/2023,Paid,06/01/2023,,,N,,98,41
6853836,02/26/2023,03/20/2023,9151950,,,F223,"Personal Touch, Inc.",Contractor,0500344,Lyons Cement Plant Cemex Inc,Facility,M,F223,02/28/2023,02/28/2023,2023,1,2023,2,0945,N,,56.18002(b),104(a),,Citation,02/28/2023,1030,02/28/2023,1030,02/28/2023,1010,Terminated,,,,,NoLikelihood,NoLostDays,1,NoNegligence,N,,N,Mill,,N,06/04/2023,143,143,143,04/20/2023,Paid,05/04/2023,,,N,,9,0
6853836,02/26/2023,03/20/2023,9151951,M09149,Cemex S A,0093625,"CEMEX Construction Materials South, LLC",Operator,0500344,Lyons Cement Plant Cemex Inc,Facility,M,,03/01/2023,03/01/2023,2023,1,2023,2,0930,N,,56.16005,104(a),,Citation,03/01/2023,1000,03/01/2023,1000,03/01/2023,0940,Terminated,,,,,Unlikely,LostDays,1,ModNegligence,N,,N,Mill,,N,05/19/2023,518,518,518,04/04/2023,Paid,06/01/2023,,,N,,98,43
6853836,02/26/2023,03/20/2023,9535861,M09149,Cemex S A,0093625,"CEMEX Construction Materials South, LLC",Operator,0500344,Lyons Cement Plant Cemex Inc,Facility,M,,03/06/2023,03/06/2023,2023,1,2023,2,1430,N,,56.16005,104(a),,Citation,03/06/2023,1515,03/06/2023,1515,03/06/2023,1440,Terminated,,,,,Unlikely,LostDays,1,ModNegligence,N,,N,Primary,,N,06/18/2023,518,518,518,05/10/2023,Paid,01/29/2025,,,N,,98,44
6853836,02/26/2023,03/20/2023,9535860,M09149,Cemex S A,0093625,"CEMEX Construction Materials South, LLC",Operator,0500344,Lyons Cement Plant Cemex Inc,Facility,M,,03/06/2023,03/06/2023,2023,1,2023,2,1230,N,,56.14205,104(a),,Citation,03/06/2023,1330,03/06/2023,1330,03/06/2023,1250,Terminated,,,,,Unlikely,Permanent,1,ModNegligence,N,,N,Primary,,N,06/18/2023,772,772,772,05/10/2023,Paid,01/29/2025,,,N,,98,44
6853836,02/26/2023,03/20/2023,9535859,M09149,Cemex S A,0093625,"CEMEX Construction Materials South, LLC",Operator,0500344,Lyons Cement Plant Cemex Inc,Facility,M,,03/06/2023,03/06/2023,2023,1,2023,2,1100,N,,56.20003(a),104(a),,Citation,03/07/2023,1000,03/07/2023,1000,03/07/2023,0845,Terminated,,,,,Unlikely,LostDays,1,ModNegligence,N,,N,Primary,,N,06/18/2023,1717,1717,1717,05/10/2023,Paid,01/29/2025,,,N,,98,44
6853836,02/26/2023,03/20/2023,9535858,M09149,Cemex S A,0093625,"CEMEX Construction Materials South, LLC",Operator,0500344,Lyons Cement Plant Cemex Inc,Facility,M,,03/06/2023,03/06/2023,2023,1,2023,2,1045,N,,56.4104,104(a),,Citation,03/06/2023,1215,03/06/2023,1215,03/06/2023,1100,Terminated,,,,,Unlikely,LostDays,1,ModNegligence,N,,N,Primary,,N,06/18/2023,518,518,518,05/10/2023,Paid,01/29/2025,,,N,,98,44
6853836,02/26/2023,03/20/2023,9535857,M09149,Cemex S A,0093625,"CEMEX Construction Materials South, LLC",Operator,0500344,Lyons Cement Plant Cemex Inc,Facility,M,,03/06/2023,03/06/2023,2023,1,2023,2,1015,N,,56.20003(c),104(a),,Citation,03/06/2023,1200,03/06/2023,1200,03/06/2023,1030,Terminated,,,,,Unlikely,LostDays,1,ModNegligence,N,,N,Primary,,N,06/18/2023,518,518,518,05/10/2023,Paid,01/29/2025,,,N,,98,44
6853836,02/26/2023,03/20/2023,9535775,M09149,Cemex S A,0093625,"CEMEX Construction Materials South, LLC",Operator,0500344,Lyons Cement Plant Cemex Inc,Facility,M,,03/06/2023,03/06/2023,2023,1,2023,2,1049,N,,56.12028,104(a),,Citation,03/07/2023,1030,03/07/2023,1030,03/07/2023,0808,Terminated,,,,,Unlikely,Fatal,1,ModNegligence,N,,N,Primary,,N,06/18/2023,1717,1717,1717,05/10/2023,Paid,01/29/2025,,,N,,98,44
6853836,02/26/2023,03/20/2023,9535776,M09149,Cemex S A,0093625,"CEMEX Construction Materials South, LLC",Operator,0500344,Lyons Cement Plant Cemex Inc,Facility,M,,03/06/2023,03/06/2023,2023,1,2023,2,1230,N,,56.12032,104(a),,Citation,03/06/2023,1240,03/06/2023,1240,03/06/2023,1237,Terminated,,,,,Unlikely,Fatal,1,ModNegligence,N,,N,Primary,,N,06/18/2023,5699,5699,5699,05/10/2023,Paid,01/29/2025,,,N,,98,44
6853836,02/26/2023,03/20/2023,9535856,M09149,Cemex S A,0093625,"CEMEX Construction Materials South, LLC",Operator,0500344,Lyons Cement Plant Cemex Inc,Facility,M,,03/06/2023,03/06/2023,2023,1,2023,2,0940,N,,56.12028,104(a),,Citation,03/06/2023,1100,03/06/2023,1100,03/06/2023,1000,Terminated,,,,,Unlikely,LostDays,1,ModNegligence,N,,N,Primary,,N,06/18/2023,518,518,518,05/10/2023,Paid,01/29/2025,,,N,,98,44
6853836,02/26/2023,03/20/2023,9535770,M09149,Cemex S A,0093625,"CEMEX Construction Materials South, LLC",Operator,0500344,Lyons Cement Plant Cemex Inc,Facility,M,,03/06/2023,03/06/2023,2023,1,2023,2,0914,N,,56.14100(b),104(a),,Citation,03/06/2023,0920,03/06/2023,0920,03/06/2023,0918,Terminated,,,,,Unlikely,LostDays,1,ModNegligence,N,,N,Primary,,N,06/18/2023,518,518,518,05/10/2023,Paid,01/29/2025,,,N,,98,44
6853836,02/26/2023,03/20/2023,9535771,,,B7692,Sikes Electric Corp Inc,Contractor,0500344,Lyons Cement Plant Cemex Inc,Facility,M,B7692,03/06/2023,03/06/2023,2023,1,2023,2,0925,Y,,56.12017,104(a),,Citation,03/06/2023,1525,03/06/2023,1525,03/06/2023,1530,Terminated,,,,,Reasonably,Fatal,1,ModNegligence,N,,N,Primary,,N,06/02/2023,346,346,346,04/18/2023,Paid,05/02/2023,,,N,,0,0
6853836,02/26/2023,03/20/2023,9535772,M09149,Cemex S A,0093625,"CEMEX Construction Materials South, LLC",Operator,0500344,Lyons Cement Plant Cemex Inc,Facility,M,,03/06/2023,03/06/2023,2023,1,2023,2,0959,N,,56.14130(g),104(a),,Citation,03/06/2023,1130,03/06/2023,1130,03/06/2023,1117,Terminated,,,,,Unlikely,Fatal,1,LowNegligence,N,,N,Primary,,N,06/18/2023,772,772,772,05/10/2023,Paid,01/29/2025,,,N,,98,44
6853836,02/26/2023,03/20/2023,9535773,M09149,Cemex S A,0093625,"CEMEX Construction Materials South, LLC",Operator,0500344,Lyons Cement Plant Cemex Inc,Facility,M,,03/06/2023,03/06/2023,2023,1,2023,2,1038,N,,56.14100(b),104(a),,Citation,03/06/2023,1500,03/06/2023,1500,03/06/2023,1450,Terminated,,,,,Unlikely,LostDays,1,ModNegligence,N,,N,Primary,,N,06/18/2023,518,518,518,05/10/2023,Paid,01/29/2025,,,N,,98,44
6853836,02/26/2023,03/20/2023,9535855,M09149,Cemex S A,0093625,"CEMEX Construction Materials South, LLC",Operator,0500344,Lyons Cement Plant Cemex Inc,Facility,M,,03/06/2023,03/06/2023,2023,1,2023,2,0930,N,,56.12030,104(a),,Citation,03/06/2023,1130,03/06/2023,1130,03/06/2023,1045,Terminated,,,,,Unlikely,LostDays,1,ModNegligence,N,,N,Primary,,N,06/18/2023,518,518,518,05/10/2023,Paid,01/29/2025,,,N,,98,44
6853836,02/26/2023,03/20/2023,9535854,,,8EP,Quality Belt Service Inc,Contractor,0500344,Lyons Cement Plant Cemex Inc,Facility,M,8EP,03/06/2023,03/06/2023,2023,1,2023,2,0900,N,,56.14207,104(a),,Citation,03/06/2023,0915,03/06/2023,0915,03/06/2023,0905,Terminated,,,,,Unlikely,Permanent,3,ModNegligence,N,,N,Primary,,N,05/26/2023,143,143,109.66,04/20/2023,Treasury,09/14/2023,,,N,,0,0
6853836,02/26/2023,03/20/2023,9535774,M09149,Cemex S A,0093625,"CEMEX Construction Materials South, LLC",Operator,0500344,Lyons Cement Plant Cemex Inc,Facility,M,,03/06/2023,03/06/2023,2023,1,2023,2,1040,N,,56.12032,104(a),,Citation,03/06/2023,1050,03/06/2023,1050,03/06/2023,1045,Terminated,,,,,Unlikely,Fatal,1,ModNegligence,N,,N,Primary,,N,06/18/2023,5699,5699,5699,05/10/2023,Paid,01/29/2025,,,N,,98,44
6853836,02/26/2023,03/20/2023,9535779,M09149,Cemex S A,0093625,"CEMEX Construction Materials South, LLC",Operator,0500344,Lyons Cement Plant Cemex Inc,Facility,M,,03/06/2023,03/06/2023,2023,1,2023,2,1515,N,,56.13021,104(a),,Citation,03/06/2023,1600,03/06/2023,1600,03/06/2023,1517,Terminated,,,,,Unlikely,LostDays,1,ModNegligence,N,,N,Primary,,N,06/18/2023,518,518,518,05/10/2023,Paid,01/29/2025,,,N,,98,44
6853836,02/26/2023,03/20/2023,9535778,M09149,Cemex S A,0093625,"CEMEX Construction Materials South, LLC",Operator,0500344,Lyons Cement Plant Cemex Inc,Facility,M,,03/06/2023,03/06/2023,2023,1,2023,2,1250,N,,56.12028,104(a),,Citation,03/06/2023,1300,03/06/2023,1300,03/06/2023,1253,Terminated,,,,,Unlikely,Fatal,1,ModNegligence,N,,N,Primary,,N,06/18/2023,1717,1717,1717,05/10/2023,Paid,01/29/2025,,,N,,98,44
6853836,02/26/2023,03/20/2023,9535777,M09149,Cemex S A,0093625,"CEMEX Construction Materials South, LLC",Operator,0500344,Lyons Cement Plant Cemex Inc,Facility,M,,03/06/2023,03/06/2023,2023,1,2023,2,1245,Y,,56.14100(c),104(a),,Citation,03/08/2023,1300,03/08/2023,1300,03/06/2023,1625,Terminated,,,,,Reasonably,Fatal,1,ModNegligence,N,,N,Primary,,N,06/18/2023,8501,8501,8501,05/10/2023,Paid,01/29/2025,,,N,,98,44
6853836,02/26/2023,03/20/2023,9535769,M09149,Cemex S A,0093625,"CEMEX Construction Materials South, LLC",Operator,0500344,Lyons Cement Plant Cemex Inc,Facility,M,,03/06/2023,03/06/2023,2023,1,2023,2,0849,N,,56.12028,104(a),,Citation,03/06/2023,0900,03/06/2023,0900,03/06/2023,0952,Terminated,,,,,Unlikely,Fatal,1,ModNegligence,N,,N,Primary,,N,06/18/2023,1717,1717,1717,05/10/2023,Paid,01/29/2025,,,N,,98,44
6853836,02/26/2023,03/20/2023,9535862,M09149,Cemex S A,0093625,"CEMEX Construction Materials South, LLC",Operator,0500344,Lyons Cement Plant Cemex Inc,Facility,M,,03/07/2023,03/07/2023,2023,1,2023,2,0920,N,,56.14206(b),104(a),,Citation,03/07/2023,0930,03/07/2023,0930,03/07/2023,0925,Terminated,,,,,Unlikely,Permanent,1,ModNegligence,N,,N,Primary,,N,06/18/2023,606,606,606,05/10/2023,Paid,01/29/2025,,,N,,98,48
6853836,02/26/2023,03/20/2023,9535863,M09149,Cemex S A,0093625,"CEMEX Construction Materials South, LLC",Operator,0500344,Lyons Cement Plant Cemex Inc,Facility,M,,03/07/2023,03/07/2023,2023,1,2023,2,1120,N,,56.14112,104(a),,Citation,03/08/2023,1200,03/08/2023,1200,03/08/2023,1015,Terminated,,,,,Unlikely,LostDays,1,ModNegligence,N,,N,Primary,,N,06/18/2023,407,407,407,05/10/2023,Paid,01/29/2025,,,N,,98,48
6853836,02/26/2023,03/20/2023,9535780,M09149,Cemex S A,0093625,"CEMEX Construction Materials South, LLC",Operator,0500344,Lyons Cement Plant Cemex Inc,Facility,M,,03/07/2023,03/07/2023,2023,1,2023,2,0832,N,,56.12028,104(a),,Citation,03/07/2023,1130,03/07/2023,1130,03/07/2023,1115,Terminated,,,,,Unlikely,Fatal,1,ModNegligence,N,,N,Primary,,N,06/18/2023,1350,1350,1350,05/10/2023,Paid,01/29/2025,,,N,,98,48
6853836,02/26/2023,03/20/2023,9535864,M09149,Cemex S A,0093625,"CEMEX Construction Materials South, LLC",Operator,0500344,Lyons Cement Plant Cemex Inc,Facility,M,,03/08/2023,03/08/2023,2023,1,2023,2,1000,N,,56.15001,104(a),,Citation,03/08/2023,1030,03/08/2023,1030,03/08/2023,1015,Terminated,,,,,Unlikely,LostDays,1,ModNegligence,N,,N,Primary,,N,06/18/2023,407,407,407,05/10/2023,Paid,01/29/2025,,,N,,98,51
6973021,08/05/2023,08/28/2023,9705016,M09149,Cemex S A,0093625,"CEMEX Construction Materials South, LLC",Operator,0500344,Lyons Cement Plant Cemex Inc,Facility,M,,08/05/2023,08/05/2023,2023,3,2023,4,0845,N,,56.14209(b),104(a),,Citation,08/05/2023,1000,08/05/2023,1000,08/05/2023,1007,Terminated,,,,,Unlikely,LostDays,1,ModNegligence,N,,N,Primary,,N,10/18/2023,518,518,518,09/05/2023,Paid,10/26/2023,,,N,,78,34
6973021,08/05/2023,08/28/2023,9705017,M09149,Cemex S A,0093625,"CEMEX Construction Materials South, LLC",Operator,0500344,Lyons Cement Plant Cemex Inc,Facility,M,,08/07/2023,08/07/2023,2023,3,2023,4,1005,N,,56.20003(a),104(a),,Citation,08/07/2023,1230,08/07/2023,1230,08/07/2023,1120,Terminated,,,,,Unlikely,LostDays,1,ModNegligence,N,,N,Primary,,N,11/17/2023,1717,1717,1717,10/10/2023,Paid,12/19/2023,,,N,,78,36
6973021,08/05/2023,08/28/2023,9705018,M09149,Cemex S A,0093625,"CEMEX Construction Materials South, LLC",Operator,0500344,Lyons Cement Plant Cemex Inc,Facility,M,,08/08/2023,08/08/2023,2023,3,2023,4,1130,Y,,56.20003(a),104(a),,Citation,08/08/2023,1230,08/09/2023,0900,08/09/2023,0740,Terminated,,,,,Reasonably,LostDays,1,ModNegligence,N,,N,Primary,,N,11/17/2023,6688,6688,6688,10/10/2023,Paid,12/19/2023,,,N,,78,38
6973021,08/05/2023,08/28/2023,9729459,M09149,Cemex S A,0093625,"CEMEX Construction Materials South, LLC",Operator,0500344,Lyons Cement Plant Cemex Inc,Facility,M,,08/25/2023,08/25/2023,2023,3,2023,4,0830,N,,56.4601,104(a),,Citation,08/26/2023,0830,08/26/2023,0830,08/25/2023,1010,Terminated,,,,,Unlikely,Permanent,1,ModNegligence,N,,N,Primary,,N,11/17/2023,772,772,772,10/10/2023,Paid,12/19/2023,,,N,,78,28
6973021,08/05/2023,08/28/2023,9729460,M09149,Cemex S A,0093625,"CEMEX Construction Materials South, LLC",Operator,0500344,Lyons Cement Plant Cemex Inc,Facility,M,,08/25/2023,08/25/2023,2023,3,2023,4,1025,N,,56.14112(a)(1),104(a),,Citation,08/26/2023,1025,08/26/2023,1025,08/25/2023,1045,Terminated,,,,,Unlikely,Permanent,1,ModNegligence,N,,N,Primary,,N,11/17/2023,772,772,772,10/10/2023,Paid,12/19/2023,,,N,,78,28
6973021,08/05/2023,08/28/2023,9729462,M09149,Cemex S A,0093625,"CEMEX Construction Materials South, LLC",Operator,0500344,Lyons Cement Plant Cemex Inc,Facility,M,,08/25/2023,08/25/2023,2023,3,2023,4,1140,N,,56.12004,104(a),,Citation,08/26/2023,1140,08/26/2023,1140,08/25/2023,1200,Terminated,,,,,Unlikely,Fatal,1,ModNegligence,N,,N,Primary,,N,11/17/2023,1717,1717,1717,10/10/2023,Paid,12/19/2023,,,N,,78,28
6973021,08/05/2023,08/28/2023,9902106,M09149,Cemex S A,0093625,"CEMEX Construction Materials South, LLC",Operator,0500344,Lyons Cement Plant Cemex Inc,Facility,M,,08/25/2023,08/25/2023,2023,3,2023,4,0811,N,,56.12004,104(a),,Citation,08/25/2023,1011,08/25/2023,1011,08/25/2023,1220,Terminated,,,,,Unlikely,LostDays,1,ModNegligence,N,,N,Primary,,N,11/17/2023,518,518,518,10/10/2023,Paid,12/19/2023,,,N,,78,28
6973021,08/05/2023,08/28/2023,9902107,M09149,Cemex S A,0093625,"CEMEX Construction Materials South, LLC",Operator,0500344,Lyons Cement Plant Cemex Inc,Facility,M,,08/25/2023,08/25/2023,2023,3,2023,4,0839,N,,56.12004,104(a),,Citation,08/25/2023,1039,08/25/2023,1039,08/25/2023,1004,Terminated,,,,,Unlikely,Fatal,1,ModNegligence,N,,N,Primary,,N,11/17/2023,1717,1717,1717,10/10/2023,Paid,12/19/2023,,,N,,78,28
6973021,08/05/2023,08/28/2023,9729461,M09149,Cemex S A,0093625,"CEMEX Construction Materials South, LLC",Operator,0500344,Lyons Cement Plant Cemex Inc,Facility,M,,08/25/2023,08/25/2023,2023,3,2023,4,1035,N,,56.13021,104(a),,Citation,08/26/2023,1035,08/26/2023,1035,08/25/2023,1045,Terminated,,,,,Unlikely,LostDays,1,ModNegligence,N,,N,Primary,,N,11/17/2023,518,518,518,10/10/2023,Paid,12/19/2023,,,N,,78,28
6973021,08/05/2023,08/28/2023,9902108,M09149,Cemex S A,0093625,"CEMEX Construction Materials South, LLC",Operator,0500344,Lyons Cement Plant Cemex Inc,Facility,M,,08/25/2023,08/25/2023,2023,3,2023,4,1040,N,,56.14107(a),104(a),,Citation,08/25/2023,1240,08/25/2023,1240,08/25/2023,1218,Terminated,,,,,Unlikely,Permanent,1,ModNegligence,N,,N,Primary,,N,11/17/2023,772,772,772,10/10/2023,Paid,12/19/2023,,,N,,78,28
6973021,08/05/2023,08/28/2023,9729464,,,C4269,"EZ Refractories, LLC",Contractor,0500344,Lyons Cement Plant Cemex Inc,Facility,M,C4269,08/28/2023,08/28/2023,2023,3,2023,4,1555,Y,,56.14213,104(a),,Citation,08/29/2023,1555,08/29/2023,1555,08/29/2023,1500,Terminated,,,,,Reasonably,Permanent,1,ModNegligence,N,,N,Primary,,N,11/29/2023,155,155,155,10/25/2023,Paid,11/27/2023,,,N,,0,0
6973021,08/05/2023,08/28/2023,9729463,M09149,Cemex S A,0093625,"CEMEX Construction Materials South, LLC",Operator,0500344,Lyons Cement Plant Cemex Inc,Facility,M,,08/28/2023,08/28/2023,2023,3,2023,4,1110,N,,56.14112(a)(1),104(a),,Citation,08/29/2023,1110,08/29/2023,1110,08/28/2023,1550,Terminated,,,,,Unlikely,Permanent,1,ModNegligence,N,,N,Primary,,N,11/17/2023,772,772,772,10/10/2023,Paid,12/19/2023,,,N,,78,31
6947756,11/30/2023,11/30/2023,9902628,,,A8824,"Transpro, Inc",Contractor,0500344,Lyons Cement Plant Cemex Inc,Facility,M,A8824,11/30/2023,11/30/2023,2023,4,2024,1,1100,N,,56.14132(a),104(a),,Citation,12/01/2023,1100,12/01/2023,1100,11/30/2023,1545,Terminated,,,,,Unlikely,Permanent,1,ModNegligence,N,,N,Primary,,N,03/12/2024,147,147,147,01/25/2024,Paid,04/03/2024,,,N,,0,0
6947942,02/05/2024,02/14/2024,9902905,M09149,Cemex S A,0093625,"CEMEX Construction Materials South, LLC",Operator,0500344,Lyons Cement Plant Cemex Inc,Facility,M,,02/05/2024,02/05/2024,2024,1,2024,2,1410,Y,,56.9300(b),104(a),,Citation,02/05/2024,1610,02/05/2024,1610,02/05/2024,1434,Terminated,,,,,Reasonably,Fatal,1,ModNegligence,N,,N,Primary,,N,05/17/2024,3944,3944,3944,04/09/2024,Paid,05/13/2024,,,N,,45,33
6947942,02/05/2024,02/14/2024,9903045,M09149,Cemex S A,0093625,"CEMEX Construction Materials South, LLC",Operator,0500344,Lyons Cement Plant Cemex Inc,Facility,M,,02/05/2024,02/05/2024,2024,1,2024,2,1428,N,,47.41(a),104(a),,Citation,02/05/2024,1630,02/05/2024,1630,02/05/2024,1443,Terminated,,,,,Unlikely,LostDays,1,ModNegligence,N,,N,Mill,,N,05/17/2024,239,239,239,04/09/2024,Paid,05/13/2024,,,N,,45,33
6947942,02/05/2024,02/14/2024,9903046,M09149,Cemex S A,0093625,"CEMEX Construction Materials South, LLC",Operator,0500344,Lyons Cement Plant Cemex Inc,Facility,M,,02/05/2024,02/05/2024,2024,1,2024,2,1502,N,,56.14132(a),104(a),,Citation,02/07/2024,1500,02/07/2024,1500,02/06/2024,1320,Terminated,,,,,Unlikely,LostDays,1,ModNegligence,N,,N,Mill,,N,05/17/2024,239,239,239,04/09/2024,Paid,05/13/2024,,,N,,45,33
6947942,02/05/2024,02/14/2024,9902907,M09149,Cemex S A,0093625,"CEMEX Construction Materials South, LLC",Operator,0500344,Lyons Cement Plant Cemex Inc,Facility,M,,02/06/2024,02/06/2024,2024,1,2024,2,1057,N,,56.12004,104(a),,Citation,02/06/2024,1257,02/06/2024,1257,02/06/2024,1444,Terminated,,,,,Unlikely,LostDays,1,ModNegligence,N,,N,Primary,,N,05/17/2024,239,239,239,04/09/2024,Paid,05/13/2024,,,N,,45,34
6947942,02/05/2024,02/14/2024,9902908,,,C4269,"EZ Refractories, LLC",Contractor,0500344,Lyons Cement Plant Cemex Inc,Facility,M,C4269,02/06/2024,02/06/2024,2024,1,2024,2,1322,N,,56.20003(a),104(a),,Citation,02/06/2024,1522,02/06/2024,1522,02/06/2024,1349,Terminated,,,,,Unlikely,LostDays,1,ModNegligence,N,,N,Primary,,N,04/22/2024,147,147,147,03/20/2024,Paid,04/10/2024,,,N,,1,0
6947942,02/05/2024,02/14/2024,9902909,M09149,Cemex S A,0093625,"CEMEX Construction Materials South, LLC",Operator,0500344,Lyons Cement Plant Cemex Inc,Facility,M,,02/06/2024,02/06/2024,2024,1,2024,2,1353,N,,56.12032,104(a),,Citation,02/06/2024,1553,02/06/2024,1553,02/06/2024,1356,Terminated,,,,,Unlikely,LostDays,1,ModNegligence,N,,N,Primary,,N,05/17/2024,239,239,239,04/09/2024,Paid,05/13/2024,,,N,,45,34
6947942,02/05/2024,02/14/2024,9903047,M09149,Cemex S A,0093625,"CEMEX Construction Materials South, LLC",Operator,0500344,Lyons Cement Plant Cemex Inc,Facility,M,,02/06/2024,02/06/2024,2024,1,2024,2,0935,N,,56.14112(b),104(a),,Citation,02/08/2024,0800,02/08/2024,0800,02/07/2024,0957,Terminated,,,,,Unlikely,Permanent,1,ModNegligence,N,,N,Mill,,N,05/17/2024,357,357,357,04/09/2024,Paid,05/13/2024,,,N,,45,34
6947942,02/05/2024,02/14/2024,9903049,M09149,Cemex S A,0093625,"CEMEX Construction Materials South, LLC",Operator,0500344,Lyons Cement Plant Cemex Inc,Facility,M,,02/06/2024,02/06/2024,2024,1,2024,2,1331,N,,56.12006,104(a),,Citation,02/06/2024,1530,02/06/2024,1530,02/06/2024,1451,Terminated,,,,,Unlikely,Fatal,1,ModNegligence,N,,N,Mill,,N,05/17/2024,797,797,797,04/09/2024,Paid,05/13/2024,,,N,,45,34
6947942,02/05/2024,02/14/2024,9902906,M09149,Cemex S A,0093625,"CEMEX Construction Materials South, LLC",Operator,0500344,Lyons Cement Plant Cemex Inc,Facility,M,,02/06/2024,02/06/2024,2024,1,2024,2,0845,Y,,56.14112(b),104(a),,Citation,02/06/2024,1045,02/06/2024,1045,02/06/2024,1048,Terminated,,,,,Reasonably,Permanent,1,ModNegligence,N,,N,Primary,,N,05/17/2024,1773,1773,1773,04/09/2024,Paid,05/13/2024,,,N,,45,34
6947942,02/05/2024,02/14/2024,9903048,M09149,Cemex S A,0093625,"CEMEX Construction Materials South, LLC",Operator,0500344,Lyons Cement Plant Cemex Inc,Facility,M,,02/06/2024,02/06/2024,2024,1,2024,2,1116,Y,,56.9300(b),104(a),,Citation,02/06/2024,1130,02/06/2024,1130,02/06/2024,1327,Terminated,,,,,Reasonably,LostDays,1,ModNegligence,N,,N,Mill,,N,05/17/2024,1188,1188,1188,04/09/2024,Paid,05/13/2024,,,N,,45,34
6947942,02/05/2024,02/14/2024,9903050,M09149,Cemex S A,0093625,"CEMEX Construction Materials South, LLC",Operator,0500344,Lyons Cement Plant Cemex Inc,Facility,M,,02/06/2024,02/06/2024,2024,1,2024,2,1424,N,,56.14107(a),104(a),,Citation,02/07/2024,1500,02/07/2024,1500,02/07/2024,0957,Terminated,,,,,Unlikely,Permanent,1,ModNegligence,N,,N,Mill,,N,05/17/2024,357,357,357,04/09/2024,Paid,05/13/2024,,,N,,45,34
6947942,02/05/2024,02/14/2024,9902911,M09149,Cemex S A,0093625,"CEMEX Construction Materials South, LLC",Operator,0500344,Lyons Cement Plant Cemex Inc,Facility,M,,02/07/2024,02/07/2024,2024,1,2024,2,1145,N,,56.12032,104(a),,Citation,02/07/2024,1345,02/07/2024,1345,02/07/2024,1205,Terminated,,,,,Unlikely,LostDays,1,ModNegligence,N,,N,Primary,,N,05/17/2024,204,204,204,04/09/2024,Paid,05/13/2024,,,N,,45,37
6947942,02/05/2024,02/14/2024,9902910,M09149,Cemex S A,0093625,"CEMEX Construction Materials South, LLC",Operator,0500344,Lyons Cement Plant Cemex Inc,Facility,M,,02/07/2024,02/07/2024,2024,1,2024,2,1105,N,,56.12032,104(a),,Citation,02/07/2024,1305,02/07/2024,1305,02/07/2024,1512,Terminated,,,,,Unlikely,LostDays,1,ModNegligence,N,,N,Primary,,N,05/17/2024,204,204,204,04/09/2024,Paid,05/13/2024,,,N,,45,37
6947942,02/05/2024,02/14/2024,9903051,M09149,Cemex S A,0093625,"CEMEX Construction Materials South, LLC",Operator,0500344,Lyons Cement Plant Cemex Inc,Facility,M,,02/07/2024,02/07/2024,2024,1,2024,2,1036,N,,56.20003(a),104(a),,Citation,02/07/2024,1200,02/07/2024,1200,02/08/2024,0845,Terminated,,,,,Unlikely,LostDays,1,ModNegligence,N,,N,Mill,,N,05/17/2024,204,204,204,04/09/2024,Paid,05/13/2024,,,N,,45,37
6947942,02/05/2024,02/14/2024,9902912,M09149,Cemex S A,0093625,"CEMEX Construction Materials South, LLC",Operator,0500344,Lyons Cement Plant Cemex Inc,Facility,M,,02/07/2024,02/07/2024,2024,1,2024,2,1431,N,,56.14112(b),104(a),,Citation,02/07/2024,1631,02/07/2024,1631,02/07/2024,1518,Terminated,,,,,Unlikely,Permanent,1,ModNegligence,N,,N,Primary,,N,05/17/2024,305,305,305,04/09/2024,Paid,05/13/2024,,,N,,45,37
6947942,02/05/2024,02/14/2024,9903052,M09149,Cemex S A,0093625,"CEMEX Construction Materials South, LLC",Operator,0500344,Lyons Cement Plant Cemex Inc,Facility,M,,02/08/2024,02/08/2024,2024,1,2024,2,1145,N,,56.13011,104(a),,Citation,02/09/2024,1200,02/09/2024,1200,02/09/2024,0822,Terminated,,,,,Unlikely,LostDays,1,ModNegligence,N,,N,Mill,,N,05/17/2024,204,204,204,04/09/2024,Paid,05/13/2024,,,N,,45,40
6947942,02/05/2024,02/14/2024,9903053,M09149,Cemex S A,0093625,"CEMEX Construction Materials South, LLC",Operator,0500344,Lyons Cement Plant Cemex Inc,Facility,M,,02/09/2024,02/09/2024,2024,1,2024,2,0844,Y,,56.11002,104(a),,Citation,02/09/2024,0900,02/09/2024,0900,02/09/2024,1453,Terminated,,,,,Reasonably,LostDays,1,ModNegligence,N,,N,Mill,,N,05/17/2024,861,861,861,04/09/2024,Paid,05/13/2024,,,N,,45,41
6947942,02/05/2024,02/14/2024,9903055,M09149,Cemex S A,0093625,"CEMEX Construction Materials South, LLC",Operator,0500344,Lyons Cement Plant Cemex Inc,Facility,M,,02/09/2024,02/09/2024,2024,1,2024,2,1145,N,,56.12032,104(a),,Citation,02/09/2024,1400,02/09/2024,1400,02/09/2024,1217,Terminated,,,,,Unlikely,LostDays,1,ModNegligence,N,,N,Mill,,N,05/17/2024,172,172,172,04/09/2024,Paid,05/13/2024,,,N,,45,41
6947942,02/05/2024,02/14/2024,9903054,M09149,Cemex S A,0093625,"CEMEX Construction Materials South, LLC",Operator,0500344,Lyons Cement Plant Cemex Inc,Facility,M,,02/09/2024,02/09/2024,2024,1,2024,2,0945,N,,56.12032,104(a),,Citation,02/09/2024,1200,02/09/2024,1200,02/09/2024,0954,Terminated,,,,,Unlikely,LostDays,1,ModNegligence,N,,N,Mill,,N,05/17/2024,172,172,172,04/09/2024,Paid,05/13/2024,,,N,,45,41
6947942,02/05/2024,02/14/2024,9903056,M09149,Cemex S A,0093625,"CEMEX Construction Materials South, LLC",Operator,0500344,Lyons Cement Plant Cemex Inc,Facility,M,,02/12/2024,02/08/2024,2024,1,2024,2,0846,N,,47.41(a),104(a),,Citation,02/12/2024,1000,02/12/2024,1000,02/12/2024,0907,Terminated,,,,,Unlikely,LostDays,1,ModNegligence,N,,N,Mill,,N,05/17/2024,204,204,204,04/09/2024,Paid,05/13/2024,,,N,,45,40
6947894,05/20/2024,05/30/2024,9902800,M09149,Cemex S A,0093625,"CEMEX Construction Materials South, LLC",Operator,0500344,Lyons Cement Plant Cemex Inc,Facility,M,,05/20/2024,05/20/2024,2024,2,2024,3,1250,N,,56.12004,104(a),,Citation,05/20/2024,1600,05/20/2024,1600,05/20/2024,1254,Terminated,,,,,Unlikely,LostDays,1,ModNegligence,N,,N,Primary,,N,12/23/2024,239,239,239,07/09/2024,Paid,01/28/2025,,,N,,63,48
6947894,05/20/2024,05/30/2024,9821402,M09149,Cemex S A,0093625,"CEMEX Construction Materials South, LLC",Operator,0500344,Lyons Cement Plant Cemex Inc,Facility,M,,05/20/2024,05/20/2024,2024,2,2024,3,1448,N,,56.12028,104(a),,Citation,05/20/2024,1515,05/20/2024,1515,05/20/2024,1454,Terminated,,,,,Unlikely,LostDays,1,ModNegligence,N,,N,Primary,,N,12/23/2024,679,679,679,07/09/2024,Paid,01/28/2025,,,N,,63,48
6947894,05/20/2024,05/30/2024,9821401,M09149,Cemex S A,0093625,"CEMEX Construction Materials South, LLC",Operator,0500344,Lyons Cement Plant Cemex Inc,Facility,M,,05/20/2024,05/20/2024,2024,2,2024,3,1329,N,,56.16003,104(a),,Citation,05/20/2024,1615,05/20/2024,1615,05/20/2024,1332,Terminated,,,,,Unlikely,LostDays,1,ModNegligence,N,,N,Primary,,N,12/23/2024,239,239,239,07/09/2024,Paid,01/28/2025,,,N,,63,48
6947894,05/20/2024,05/30/2024,9821404,M09149,Cemex S A,0093625,"CEMEX Construction Materials South, LLC",Operator,0500344,Lyons Cement Plant Cemex Inc,Facility,M,,05/21/2024,05/21/2024,2024,2,2024,3,1028,N,,56.14112(b),104(a),,Citation,05/21/2024,1400,05/21/2024,1400,05/21/2024,1036,Terminated,,,,,Unlikely,Permanent,1,ModNegligence,N,,N,Mill,,N,12/23/2024,305,305,305,07/09/2024,Paid,01/28/2025,,,N,,63,49
6947894,05/20/2024,05/30/2024,9340007,M09149,Cemex S A,0093625,"CEMEX Construction Materials South, LLC",Operator,0500344,Lyons Cement Plant Cemex Inc,Facility,M,,05/21/2024,05/21/2024,2024,2,2024,3,1125,Y,,56.11002,104(a),,Citation,05/21/2024,1500,05/21/2024,1500,05/21/2024,1245,Terminated,,,,,Reasonably,Fatal,1,ModNegligence,N,,N,Mill,,N,12/23/2024,3361,3361,3361,07/09/2024,Paid,01/28/2025,,,N,,63,49
6947894,05/20/2024,05/30/2024,9340006,M09149,Cemex S A,0093625,"CEMEX Construction Materials South, LLC",Operator,0500344,Lyons Cement Plant Cemex Inc,Facility,M,,05/21/2024,05/21/2024,2024,2,2024,3,1050,N,,56.12004,104(a),,Citation,05/22/2024,1050,05/22/2024,1050,05/21/2024,1143,Terminated,,,,,Unlikely,Fatal,1,ModNegligence,N,,N,Mill,,N,12/23/2024,679,679,679,07/09/2024,Paid,01/28/2025,,,N,,63,49
6947894,05/20/2024,05/30/2024,9821405,M09149,Cemex S A,0093625,"CEMEX Construction Materials South, LLC",Operator,0500344,Lyons Cement Plant Cemex Inc,Facility,M,,05/21/2024,05/21/2024,2024,2,2024,3,1131,N,,56.12028,104(a),,Citation,05/21/2024,1415,05/21/2024,1415,05/21/2024,1151,Terminated,,,,,Unlikely,LostDays,1,ModNegligence,N,,N,Mill,,N,12/23/2024,576,576,576,07/09/2024,Paid,01/28/2025,,,N,,63,49
6947894,05/20/2024,05/30/2024,9821407,M09149,Cemex S A,0093625,"CEMEX Construction Materials South, LLC",Operator,0500344,Lyons Cement Plant Cemex Inc,Facility,M,,05/21/2024,05/21/2024,2024,2,2024,3,1416,N,,56.4201(a)(1),104(a),,Citation,05/21/2024,1430,05/21/2024,1430,05/21/2024,1419,Terminated,,,,,Unlikely,LostDays,1,ModNegligence,N,,N,Mill,,N,12/23/2024,204,204,204,07/09/2024,Paid,01/28/2025,,,N,,63,49
6947894,05/20/2024,05/30/2024,9902975,M09149,Cemex S A,0093625,"CEMEX Construction Materials South, LLC",Operator,0500344,Lyons Cement Plant Cemex Inc,Facility,M,,05/21/2024,05/21/2024,2024,2,2024,3,1040,N,,56.20003(a),104(a),,Citation,05/21/2024,1240,05/21/2024,1240,05/21/2024,1331,Terminated,,,,,Unlikely,LostDays,1,ModNegligence,N,,N,Primary,,N,12/23/2024,204,204,204,07/09/2024,Paid,01/28/2025,,,N,,63,49
6947894,05/20/2024,05/30/2024,9902974,M09149,Cemex S A,0093625,"CEMEX Construction Materials South, LLC",Operator,0500344,Lyons Cement Plant Cemex Inc,Facility,M,,05/21/2024,05/21/2024,2024,2,2024,3,1038,N,,56.20003(a),104(a),,Citation,05/21/2024,1238,05/21/2024,1238,05/21/2024,1324,Terminated,,,,,Unlikely,LostDays,1,ModNegligence,N,,N,Primary,,N,12/23/2024,204,204,204,07/09/2024,Paid,01/28/2025,,,N,,63,49
6947894,05/20/2024,05/30/2024,9902973,M09149,Cemex S A,0093625,"CEMEX Construction Materials South, LLC",Operator,0500344,Lyons Cement Plant Cemex Inc,Facility,M,,05/21/2024,05/21/2024,2024,2,2024,3,1002,N,,47.41(a),104(a),,Citation,05/21/2024,1202,05/21/2024,1202,05/21/2024,1055,Terminated,,,,,Unlikely,LostDays,1,ModNegligence,N,,N,Primary,,N,12/23/2024,204,204,204,07/09/2024,Paid,01/28/2025,,,N,,63,49
6947894,05/20/2024,05/30/2024,9340005,M09149,Cemex S A,0093625,"CEMEX Construction Materials South, LLC",Operator,0500344,Lyons Cement Plant Cemex Inc,Facility,M,,05/21/2024,05/21/2024,2024,2,2024,3,1000,N,,56.14132(a),104(a),,Citation,05/22/2024,1000,05/22/2024,1000,05/21/2024,1205,Terminated,,,,,Unlikely,Fatal,1,ModNegligence,N,,N,Mill,,N,12/23/2024,679,679,679,07/09/2024,Paid,01/28/2025,,,N,,63,49
6947894,05/20/2024,05/30/2024,9821406,M09149,Cemex S A,0093625,"CEMEX Construction Materials South, LLC",Operator,0500344,Lyons Cement Plant Cemex Inc,Facility,M,,05/21/2024,05/21/2024,2024,2,2024,3,1336,Y,,56.20003(a),104(a),,Citation,05/23/2024,1200,05/23/2024,1200,05/24/2024,0720,Terminated,,,,,Reasonably,LostDays,1,ModNegligence,N,,N,Mill,,N,12/23/2024,1011,1011,1011,07/09/2024,Paid,01/28/2025,,,N,,63,49
6947894,05/20/2024,05/30/2024,9902976,,,C6995,DG Coleman,Contractor,0500344,Lyons Cement Plant Cemex Inc,Facility,M,C6995,05/28/2024,05/28/2024,2024,2,2024,3,1243,N,,46.7(a),104(g)(1),,Order,,,,,06/11/2024,0600,Terminated,,,,,Unlikely,Fatal,2,ModNegligence,N,,N,Primary,,N,11/29/2024,164,164,164,10/24/2024,Paid,11/01/2024,,,N,,0,0
6947894,05/20/2024,05/30/2024,9821409,M09149,Cemex S A,0093625,"CEMEX Construction Materials South, LLC",Operator,0500344,Lyons Cement Plant Cemex Inc,Facility,M,,05/28/2024,05/28/2024,2024,2,2024,3,1419,N,,56.12028,104(a),,Citation,05/28/2024,1600,05/28/2024,1600,05/28/2024,1422,Terminated,,,,,Unlikely,LostDays,1,ModNegligence,N,,N,Primary,,N,12/23/2024,535,535,535,07/09/2024,Paid,01/28/2025,,,N,,63,50
6947894,05/20/2024,05/30/2024,9902979,M09149,Cemex S A,0093625,"CEMEX Construction Materials South, LLC",Operator,0500344,Lyons Cement Plant Cemex Inc,Facility,M,,05/29/2024,05/29/2024,2024,2,2024,3,1107,Y,,56.20003(a),104(a),,Citation,05/29/2024,1207,05/29/2024,1207,05/30/2024,1107,Terminated,,,,,Reasonably,LostDays,1,HighNegligence,N,,N,Primary,,N,12/23/2024,3361,3361,3361,07/09/2024,Paid,01/28/2025,,,N,,63,52
6947894,05/20/2024,05/30/2024,9821410,M09149,Cemex S A,0093625,"CEMEX Construction Materials South, LLC",Operator,0500344,Lyons Cement Plant Cemex Inc,Facility,M,,05/29/2024,05/29/2024,2024,2,2024,3,1432,N,,56.12032,104(a),,Citation,05/29/2024,1600,05/29/2024,1600,05/29/2024,1459,Terminated,,,,,Unlikely,LostDays,1,ModNegligence,N,,N,Primary,,N,12/23/2024,492,492,492,07/09/2024,Paid,01/28/2025,,,N,,63,52
6947894,05/20/2024,05/30/2024,9902977,M09149,Cemex S A,0093625,"CEMEX Construction Materials South, LLC",Operator,0500344,Lyons Cement Plant Cemex Inc,Facility,M,,05/29/2024,05/29/2024,2024,2,2024,3,0946,N,,56.11012,104(a),,Citation,05/29/2024,1146,05/29/2024,1146,05/29/2024,1322,Terminated,,,,,Unlikely,LostDays,1,ModNegligence,N,,N,Primary,,N,12/23/2024,204,204,204,07/09/2024,Paid,01/28/2025,,,N,,63,52
6947894,05/20/2024,05/30/2024,9902978,,,C4269,"EZ Refractories, LLC",Contractor,0500344,Lyons Cement Plant Cemex Inc,Facility,M,C4269,05/29/2024,05/29/2024,2024,2,2024,3,1020,N,,56.12005,104(a),,Citation,05/29/2024,1220,05/29/2024,1220,05/29/2024,1058,Terminated,,,,,Unlikely,LostDays,1,ModNegligence,N,,N,Primary,,N,11/28/2024,147,147,147,10/23/2024,Paid,11/22/2024,,,N,,2,0
6947894,05/20/2024,05/30/2024,9902980,M09149,Cemex S A,0093625,"CEMEX Construction Materials South, LLC",Operator,0500344,Lyons Cement Plant Cemex Inc,Facility,M,,05/29/2024,05/29/2024,2024,2,2024,3,1139,N,,56.12004,104(a),,Citation,05/29/2024,1339,05/29/2024,1339,05/29/2024,1200,Terminated,,,,,Unlikely,LostDays,1,ModNegligence,N,,N,Primary,,N,12/23/2024,204,204,204,07/09/2024,Paid,01/28/2025,,,N,,63,52
6947894,05/20/2024,05/30/2024,9902981,M09149,Cemex S A,0093625,"CEMEX Construction Materials South, LLC",Operator,0500344,Lyons Cement Plant Cemex Inc,Facility,M,,05/30/2024,05/30/2024,2024,2,2024,3,0854,N,,56.14205,104(a),,Citation,05/30/2024,1054,05/30/2024,1054,05/30/2024,0910,Terminated,,,,,Unlikely,LostDays,1,ModNegligence,N,,N,Primary,,N,12/23/2024,204,204,204,07/09/2024,Paid,01/28/2025,,,N,,63,55
6947894,05/20/2024,05/30/2024,9821411,M09149,Cemex S A,0093625,"CEMEX Construction Materials South, LLC",Operator,0500344,Lyons Cement Plant Cemex Inc,Facility,M,,05/30/2024,05/30/2024,2024,2,2024,3,1025,N,,56.12032,104(a),,Citation,05/30/2024,1430,05/30/2024,1430,05/30/2024,1042,Terminated,,,,,Unlikely,LostDays,1,ModNegligence,N,,N,Primary,,N,12/23/2024,492,492,492,07/09/2024,Paid,01/28/2025,,,N,,63,55
F015001,01/06/2025,01/13/2025,9829617,M09149,Cemex S A,0093625,"CEMEX Construction Materials South, LLC",Operator,0500344,Lyons Cement Plant Cemex Inc,Facility,M,,01/06/2025,01/06/2025,2025,1,2025,2,1352,N,,56.16005,104(a),,Citation,01/06/2025,1600,01/06/2025,1600,01/06/2025,1400,Terminated,,,,,Unlikely,Permanent,1,ModNegligence,N,,N,Primary,,N,04/10/2025,432,432,432,03/04/2025,Paid,04/08/2025,,,N,,50,30
F015001,01/06/2025,01/13/2025,9908595,M09149,Cemex S A,0093625,"CEMEX Construction Materials South, LLC",Operator,0500344,Lyons Cement Plant Cemex Inc,Facility,M,,01/06/2025,01/06/2025,2025,1,2025,2,1305,N,,56.13021,104(a),,Citation,01/06/2025,1500,01/06/2025,1500,01/06/2025,1311,Terminated,,,,,Unlikely,LostDays,1,ModNegligence,N,,N,Primary,,N,04/10/2025,288,288,288,03/04/2025,Paid,04/08/2025,,,N,,50,30
F015001,01/06/2025,01/13/2025,9908596,M09149,Cemex S A,0093625,"CEMEX Construction Materials South, LLC",Operator,0500344,Lyons Cement Plant Cemex Inc,Facility,M,,01/06/2025,01/06/2025,2025,1,2025,2,1319,N,,56.12004,104(a),,Citation,01/06/2025,1500,01/06/2025,1500,01/06/2025,1427,Terminated,,,,,Unlikely,Fatal,1,ModNegligence,N,,N,Primary,,N,04/10/2025,3184,3184,3184,03/04/2025,Paid,04/08/2025,,,N,,50,30
F015001,01/06/2025,01/13/2025,9822678,M09149,Cemex S A,0093625,"CEMEX Construction Materials South, LLC",Operator,0500344,Lyons Cement Plant Cemex Inc,Facility,M,,01/07/2025,01/07/2025,2025,1,2025,2,1455,Y,,56.20003(a),104(a),,Citation,01/07/2025,1655,01/07/2025,1655,01/07/2025,1527,Terminated,,,,,Reasonably,LostDays,1,ModNegligence,N,,N,Primary,,N,04/10/2025,4749,4749,4749,03/04/2025,Paid,04/08/2025,,,N,,50,32
F015001,01/06/2025,01/13/2025,9829618,M09149,Cemex S A,0093625,"CEMEX Construction Materials South, LLC",Operator,0500344,Lyons Cement Plant Cemex Inc,Facility,M,,01/07/2025,01/07/2025,2025,1,2025,2,1124,N,,56.14107(a),104(a),,Citation,01/07/2025,1400,01/07/2025,1400,01/07/2025,1140,Terminated,,,,,Unlikely,Permanent,1,ModNegligence,N,,N,Primary,,N,04/10/2025,432,432,432,03/04/2025,Paid,04/08/2025,,,N,,50,32
F015001,01/06/2025,01/13/2025,9829619,M09149,Cemex S A,0093625,"CEMEX Construction Materials South, LLC",Operator,0500344,Lyons Cement Plant Cemex Inc,Facility,M,,01/07/2025,01/07/2025,2025,1,2025,2,1423,N,,56.14112(b),104(a),,Citation,01/07/2025,1630,01/07/2025,1630,01/07/2025,1451,Terminated,,,,,Unlikely,Permanent,1,ModNegligence,N,,N,Primary,,N,04/10/2025,432,432,432,03/04/2025,Paid,04/08/2025,,,N,,50,32
F015001,01/06/2025,01/13/2025,9908597,M09149,Cemex S A,0093625,"CEMEX Construction Materials South, LLC",Operator,0500344,Lyons Cement Plant Cemex Inc,Facility,M,,01/07/2025,01/07/2025,2025,1,2025,2,1453,N,,56.12032,104(a),,Citation,01/07/2025,1600,01/07/2025,1600,01/07/2025,1457,Terminated,,,,,Unlikely,LostDays,1,ModNegligence,N,,N,Primary,,N,04/10/2025,959,959,959,03/04/2025,Paid,04/08/2025,,,N,,50,32
F015001,01/06/2025,01/13/2025,9822679,M09149,Cemex S A,0093625,"CEMEX Construction Materials South, LLC",Operator,0500344,Lyons Cement Plant Cemex Inc,Facility,M,,01/08/2025,01/08/2025,2025,1,2025,2,1008,N,,56.12004,104(a),,Citation,01/08/2025,1208,01/08/2025,1208,01/13/2025,0935,Terminated,,,,,Unlikely,LostDays,1,ModNegligence,N,,N,Primary,,N,04/10/2025,755,755,755,03/04/2025,Paid,04/08/2025,,,N,,50,36
F015001,01/06/2025,01/13/2025,9908598,M09149,Cemex S A,0093625,"CEMEX Construction Materials South, LLC",Operator,0500344,Lyons Cement Plant Cemex Inc,Facility,M,,01/08/2025,01/08/2025,2025,1,2025,2,1136,N,,56.4201(a)(2),104(a),,Citation,01/08/2025,1500,01/08/2025,1500,01/08/2025,1146,Terminated,,,,,Unlikely,Permanent,1,ModNegligence,N,,N,Primary,,N,04/10/2025,366,366,366,03/04/2025,Paid,04/08/2025,,,N,,50,36
F015001,01/06/2025,01/13/2025,9829620,M09149,Cemex S A,0093625,"CEMEX Construction Materials South, LLC",Operator,0500344,Lyons Cement Plant Cemex Inc,Facility,M,,01/08/2025,01/08/2025,2025,1,2025,2,1110,N,,56.4201(a)(2),104(a),,Citation,01/08/2025,1430,01/08/2025,1430,01/08/2025,1206,Terminated,,,,,Unlikely,LostDays,1,ModNegligence,N,,N,Primary,,N,04/10/2025,245,245,245,03/04/2025,Paid,04/08/2025,,,N,,50,36
F015001,01/06/2025,01/13/2025,9829621,M09149,Cemex S A,0093625,"CEMEX Construction Materials South, LLC",Operator,0500344,Lyons Cement Plant Cemex Inc,Facility,M,,01/08/2025,01/08/2025,2025,1,2025,2,1153,N,,56.14112(a)(1),104(a),,Citation,01/08/2025,1600,01/08/2025,1600,01/08/2025,1157,Terminated,,,,,Unlikely,Permanent,1,ModNegligence,N,,N,Primary,,N,04/10/2025,366,366,366,03/04/2025,Paid,04/08/2025,,,N,,50,36
F01500C,02/13/2025,03/07/2025,9829633,M09149,Cemex S A,0093625,"CEMEX Construction Materials South, LLC",Operator,0500344,Lyons Cement Plant Cemex Inc,Facility,M,,02/13/2025,02/13/2025,2025,1,2025,2,1511,,,,103(k),,Order,,,,,02/28/2025,1820,Terminated,,,,,,,0,,N,,N,Mill,,N,,,,,,,,,,N,,,
F01500C,02/13/2025,03/07/2025,9829635,M09149,Cemex S A,0093625,"CEMEX Construction Materials South, LLC",Operator,0500344,Lyons Cement Plant Cemex Inc,Facility,M,,02/18/2025,02/18/2025,2025,1,2025,2,1222,Y,,56.14100(c),104(a),,Citation,02/26/2025,1300,02/26/2025,1300,02/28/2025,1813,Terminated,,,,,Occurred,LostDays,2,ModNegligence,N,,N,Mill,,N,11/09/2025,15768,12000,12000,06/10/2025,Paid,10/12/2025,,,N,,39,42
F015013,03/03/2025,03/03/2025,9829639,M09149,Cemex S A,0093625,"CEMEX Construction Materials South, LLC",Operator,0500344,Lyons Cement Plant Cemex Inc,Facility,M,,03/03/2025,03/03/2025,2025,1,2025,2,0938,N,,46.7(a),104(g)(1),,Citation,,,,,03/03/2025,1037,Terminated,,,,,Reasonably,LostDays,11,ModNegligence,N,,N,Primary,,N,11/09/2025,3263,2993,2993,04/08/2025,Paid,10/12/2025,,,N,,39,44
F015955,07/08/2025,07/21/2025,5051493,M09149,Cemex S A,0093625,"CEMEX Construction Materials South, LLC",Operator,0500344,Lyons Cement Plant Cemex Inc,Facility,M,,07/08/2025,07/08/2025,2025,3,2025,4,1434,N,,56.12004,104(a),,Citation,07/08/2025,1634,07/08/2025,1634,07/09/2025,0924,Terminated,,,,,Unlikely,LostDays,1,ModNegligence,N,,N,Primary,,N,10/24/2025,1219,1219,1219,09/09/2025,Paid,10/16/2025,,,N,,50,28
F015955,07/08/2025,07/21/2025,5051494,M09149,Cemex S A,0093625,"CEMEX Construction Materials South, LLC",Operator,0500344,Lyons Cement Plant Cemex Inc,Facility,M,,07/08/2025,07/08/2025,2025,3,2025,4,1450,N,,56.4201(a)(1),104(a),,Citation,07/08/2025,1650,07/08/2025,1650,07/08/2025,1500,Terminated,,,,,Unlikely,LostDays,1,ModNegligence,N,,N,Primary,,N,10/24/2025,366,366,366,09/09/2025,Paid,10/16/2025,,,N,,50,28
F015955,07/08/2025,07/21/2025,5051492,M09149,Cemex S A,0093625,"CEMEX Construction Materials South, LLC",Operator,0500344,Lyons Cement Plant Cemex Inc,Facility,M,,07/08/2025,07/08/2025,2025,3,2025,4,1421,N,,56.12004,104(a),,Citation,07/08/2025,1621,07/08/2025,1621,07/09/2025,0924,Terminated,,,,,Unlikely,LostDays,1,ModNegligence,N,,N,Primary,,N,10/24/2025,1219,1219,1219,09/09/2025,Paid,10/16/2025,,,N,,50,28
F015955,07/08/2025,07/21/2025,5051495,M09149,Cemex S A,0093625,"CEMEX Construction Materials South, LLC",Operator,0500344,Lyons Cement Plant Cemex Inc,Facility,M,,07/09/2025,07/09/2025,2025,3,2025,4,1046,N,,56.20003(a),104(a),,Citation,07/09/2025,1246,07/09/2025,1246,07/09/2025,1443,Terminated,,,,,Unlikely,LostDays,1,ModNegligence,N,,N,Primary,,N,10/24/2025,1219,1219,1219,09/09/2025,Paid,10/16/2025,,,N,,50,29
F015955,07/08/2025,07/21/2025,5051496,M09149,Cemex S A,0093625,"CEMEX Construction Materials South, LLC",Operator,0500344,Lyons Cement Plant Cemex Inc,Facility,M,,07/09/2025,07/09/2025,2025,3,2025,4,1428,N,,56.12023,104(a),,Citation,07/09/2025,1528,07/16/2025,1400,07/16/2025,1357,Terminated,,,,,Unlikely,LostDays,1,ModNegligence,N,,N,Primary,,N,10/24/2025,366,366,366,09/09/2025,Paid,10/16/2025,,,N,,50,29
F015955,07/08/2025,07/21/2025,5051499,M09149,Cemex S A,0093625,"CEMEX Construction Materials South, LLC",Operator,0500344,Lyons Cement Plant Cemex Inc,Facility,M,,07/11/2025,07/11/2025,2025,3,2025,4,1413,N,,56.14112(b),104(a),,Citation,07/11/2025,1613,07/11/2025,1613,07/12/2025,0818,Terminated,,,,,Unlikely,Permanent,1,ModNegligence,N,,N,Primary,,N,10/24/2025,432,432,432,09/09/2025,Paid,10/16/2025,,,N,,50,31
F015955,07/08/2025,07/21/2025,5051497,M09149,Cemex S A,0093625,"CEMEX Construction Materials South, LLC",Operator,0500344,Lyons Cement Plant Cemex Inc,Facility,M,,07/11/2025,07/11/2025,2025,3,2025,4,0949,N,,56.12034,104(a),,Citation,07/11/2025,1149,07/11/2025,1149,07/11/2025,1128,Terminated,,,,,Unlikely,LostDays,1,ModNegligence,N,,N,Primary,,N,10/24/2025,288,288,288,09/09/2025,Paid,10/16/2025,,,N,,50,31
F015955,07/08/2025,07/21/2025,5051498,M09149,Cemex S A,0093625,"CEMEX Construction Materials South, LLC",Operator,0500344,Lyons Cement Plant Cemex Inc,Facility,M,,07/11/2025,07/11/2025,2025,3,2025,4,1142,N,,56.4201(a)(2),104(a),,Citation,07/11/2025,1342,07/11/2025,1342,07/11/2025,1155,Terminated,,,,,Unlikely,LostDays,1,ModNegligence,N,,N,Primary,,N,10/24/2025,288,288,288,09/09/2025,Paid,10/16/2025,,,N,,50,31
F015955,07/08/2025,07/21/2025,5056903,M09149,Cemex S A,0093625,"CEMEX Construction Materials South, LLC",Operator,0500344,Lyons Cement Plant Cemex Inc,Facility,M,,07/12/2025,07/12/2025,2025,3,2025,4,1017,N,,56.20003(a),104(a),,Citation,07/12/2025,1217,07/12/2025,1217,07/12/2025,1019,Terminated,,,,,Unlikely,LostDays,1,ModNegligence,N,,N,Primary,,N,10/24/2025,883,883,883,09/09/2025,Paid,10/17/2025,,,N,,50,32
F015955,07/08/2025,07/21/2025,5056905,M09149,Cemex S A,0093625,"CEMEX Construction Materials South, LLC",Operator,0500344,Lyons Cement Plant Cemex Inc,Facility,M,,07/12/2025,07/12/2025,2025,3,2025,4,1350,N,,56.14113,104(a),,Citation,07/12/2025,1550,07/12/2025,1550,07/13/2025,0910,Terminated,,,,,Unlikely,Permanent,1,ModNegligence,N,,N,Primary,,N,10/24/2025,432,432,432,09/09/2025,Paid,10/17/2025,,,N,,50,32
F015955,07/08/2025,07/21/2025,5056906,M09149,Cemex S A,0093625,"CEMEX Construction Materials South, LLC",Operator,0500344,Lyons Cement Plant Cemex Inc,Facility,M,,07/12/2025,07/12/2025,2025,3,2025,4,1415,N,,56.14201(b),104(a),,Citation,07/12/2025,1615,07/12/2025,1615,07/13/2025,1252,Terminated,,,,,Unlikely,Permanent,1,ModNegligence,N,,N,Primary,,N,10/24/2025,432,432,432,09/09/2025,Paid,10/17/2025,,,N,,50,32
F015955,07/08/2025,07/21/2025,5056901,M09149,Cemex S A,0093625,"CEMEX Construction Materials South, LLC",Operator,0500344,Lyons Cement Plant Cemex Inc,Facility,M,,07/12/2025,07/12/2025,2025,3,2025,4,0835,N,,56.20003(a),104(a),,Citation,07/12/2025,1035,07/12/2025,1035,07/13/2025,0905,Terminated,,,,,Unlikely,LostDays,1,ModNegligence,N,,N,Primary,,N,10/24/2025,883,883,883,09/09/2025,Paid,10/16/2025,,,N,,50,32
F015955,07/08/2025,07/21/2025,5056902,M09149,Cemex S A,0093625,"CEMEX Construction Materials South, LLC",Operator,0500344,Lyons Cement Plant Cemex Inc,Facility,M,,07/12/2025,07/12/2025,2025,3,2025,4,0845,Y,,56.14112(b),104(a),,Citation,07/12/2025,1045,07/12/2025,1045,07/13/2025,0903,Terminated,,,,,Reasonably,Permanent,1,HighNegligence,N,,N,Primary,,N,10/24/2025,7084,7084,7084,09/09/2025,Paid,10/17/2025,,,N,,50,32
F015955,07/08/2025,07/21/2025,5051500,M09149,Cemex S A,0093625,"CEMEX Construction Materials South, LLC",Operator,0500344,Lyons Cement Plant Cemex Inc,Facility,M,,07/12/2025,07/12/2025,2025,3,2025,4,0832,Y,,56.20003(a),104(a),,Citation,07/12/2025,1032,07/12/2025,1032,07/13/2025,0900,Terminated,,,,,Reasonably,LostDays,1,HighNegligence,N,,N,Primary,,N,10/24/2025,14557,14557,14557,09/09/2025,Paid,10/16/2025,,,N,,50,32
F015955,07/08/2025,07/21/2025,5056904,M09149,Cemex S A,0093625,"CEMEX Construction Materials South, LLC",Operator,0500344,Lyons Cement Plant Cemex Inc,Facility,M,,07/12/2025,07/12/2025,2025,3,2025,4,1036,N,,56.20003(a),104(a),,Citation,07/12/2025,1236,07/12/2025,1236,07/12/2025,1041,Terminated,,,,,Unlikely,LostDays,1,ModNegligence,N,,N,Primary,,N,10/24/2025,883,883,883,09/09/2025,Paid,10/17/2025,,,N,,50,32
F015955,07/08/2025,07/21/2025,5056907,M09149,Cemex S A,0093625,"CEMEX Construction Materials South, LLC",Operator,0500344,Lyons Cement Plant Cemex Inc,Facility,M,,07/13/2025,07/13/2025,2025,3,2025,4,0943,N,,56.14112(b),104(a),,Citation,07/13/2025,1143,07/13/2025,1143,07/13/2025,1029,Terminated,,,,,Unlikely,Permanent,1,ModNegligence,N,,N,Primary,,N,10/24/2025,366,366,366,09/09/2025,Paid,10/17/2025,,,N,,50,34
F015955,07/08/2025,07/21/2025,5056908,M09149,Cemex S A,0093625,"CEMEX Construction Materials South, LLC",Operator,0500344,Lyons Cement Plant Cemex Inc,Facility,M,,07/14/2025,07/14/2025,2025,3,2025,4,0700,N,,56.20003(a),104(a),,Citation,07/14/2025,0900,07/14/2025,0900,07/15/2025,0828,Terminated,,,,,Unlikely,LostDays,1,HighNegligence,N,,N,Primary,,N,10/24/2025,2312,2312,2312,09/09/2025,Paid,10/17/2025,,,N,,50,36
F015955,07/08/2025,07/21/2025,5056909,M09149,Cemex S A,0093625,"CEMEX Construction Materials South, LLC",Operator,0500344,Lyons Cement Plant Cemex Inc,Facility,M,,07/14/2025,07/14/2025,2025,3,2025,4,1350,N,,56.18002(b),104(a),,Citation,07/14/2025,1550,07/14/2025,1550,07/16/2025,1430,Terminated,,,,,NoLikelihood,NoLostDays,0,ModNegligence,N,,N,Primary,,N,10/24/2025,151,151,151,09/09/2025,Paid,10/17/2025,,,N,,50,36
F015955,07/08/2025,07/21/2025,5056722,M09149,Cemex S A,0093625,"CEMEX Construction Materials South, LLC",Operator,0500344,Lyons Cement Plant Cemex Inc,Facility,M,,07/15/2025,07/15/2025,2025,3,2025,4,1345,N,,56.20003(a),104(a),,Citation,07/16/2025,1600,07/16/2025,1600,07/16/2025,1604,Terminated,,,,,Unlikely,LostDays,1,ModNegligence,N,,N,Primary,,N,10/24/2025,697,697,697,09/09/2025,Paid,10/17/2025,,,N,,50,36
F015955,07/08/2025,07/21/2025,5056781,M09149,Cemex S A,0093625,"CEMEX Construction Materials South, LLC",Operator,0500344,Lyons Cement Plant Cemex Inc,Facility,M,,07/15/2025,07/15/2025,2025,3,2025,4,1119,Y,,56.14132(a),104(a),,Citation,07/15/2025,1145,07/17/2025,0800,07/16/2025,1035,Terminated,,,,,Reasonably,Fatal,1,ModNegligence,N,,N,Mill,,N,10/24/2025,4047,4047,4047,09/09/2025,Paid,10/17/2025,,,N,,50,36
F015955,07/08/2025,07/21/2025,5056721,M09149,Cemex S A,0093625,"CEMEX Construction Materials South, LLC",Operator,0500344,Lyons Cement Plant Cemex Inc,Facility,M,,07/15/2025,07/15/2025,2025,3,2025,4,1209,N,,56.16003,104(a),,Citation,07/15/2025,1230,07/15/2025,1230,07/15/2025,1212,Terminated,,,,,Unlikely,LostDays,1,ModNegligence,N,,N,Primary,,N,10/24/2025,245,245,245,09/09/2025,Paid,10/17/2025,,,N,,50,36
F015955,07/08/2025,07/21/2025,5056782,M09149,Cemex S A,0093625,"CEMEX Construction Materials South, LLC",Operator,0500344,Lyons Cement Plant Cemex Inc,Facility,M,,07/16/2025,07/15/2025,2025,3,2025,4,0748,N,,50.30(a),104(a),,Citation,07/16/2025,1400,07/16/2025,1400,07/16/2025,1316,Terminated,,,,,NoLikelihood,NoLostDays,0,ModNegligence,N,,N,Mill,,N,10/24/2025,151,151,151,09/09/2025,Paid,10/17/2025,,,N,,50,36
F015955,07/08/2025,07/21/2025,5056912,,,C4269,"EZ Refractories, LLC",Contractor,0500344,Lyons Cement Plant Cemex Inc,Facility,M,C4269,07/21/2025,07/16/2025,2025,3,2025,4,0802,Y,,62.130,104(a),,Citation,08/04/2025,1200,09/15/2025,1200,09/25/2025,0841,Terminated,,,,,Reasonably,Permanent,1,ModNegligence,N,,N,Mill,,N,10/31/2025,432,432,432,09/24/2025,Paid,10/11/2025,,,N,,4,0
F015955,07/08/2025,07/21/2025,5056911,,,B1515,Mountain West Industrial,Contractor,0500344,Lyons Cement Plant Cemex Inc,Facility,M,B1515,07/21/2025,07/16/2025,2025,3,2025,4,0801,Y,,62.130,104(a),,Citation,08/04/2025,1200,08/04/2025,1200,08/04/2025,0900,Terminated,,,,,Reasonably,Permanent,1,ModNegligence,N,,N,Mill,,N,10/29/2025,959,959,959,09/23/2025,Paid,10/27/2025,,,N,,7,0
F015955,07/08/2025,07/21/2025,5056910,,,B1515,Mountain West Industrial,Contractor,0500344,Lyons Cement Plant Cemex Inc,Facility,M,B1515,07/21/2025,07/16/2025,2025,3,2025,4,0800,Y,,62.130,104(a),,Citation,08/04/2025,1200,08/04/2025,1200,08/04/2025,0900,Terminated,,,,,Reasonably,Permanent,1,ModNegligence,N,,N,Mill,,N,10/29/2025,959,959,959,09/23/2025,Paid,10/27/2025,,,N,,7,0
F015955,07/08/2025,07/21/2025,5056916,M09149,Cemex S A,0093625,"CEMEX Construction Materials South, LLC",Operator,0500344,Lyons Cement Plant Cemex Inc,Facility,M,,08/04/2025,07/16/2025,2025,3,2025,4,0700,N,,56.5001(a)/56.5005,104(a),,Citation,08/11/2025,1700,10/10/2025,1700,10/09/2025,0800,Terminated,,,,,Unlikely,Permanent,1,ModNegligence,N,,N,Mill,,N,10/24/2025,313,313,313,09/09/2025,Paid,10/17/2025,,,N,,50,41
F00425E,11/10/2025,11/20/2025,5053829,,,B9871,Pro Millwright & Welding LLC,Contractor,0500344,Lyons Cement Plant Cemex Inc,Facility,M,B9871,11/12/2025,11/12/2025,2025,4,2026,1,1445,N,,56.4200(a)(2),104(a),,Citation,11/12/2025,1800,11/12/2025,1800,11/12/2025,1515,Terminated,,,,,Unlikely,LostDays,1,ModNegligence,N,,N,Mill,,N,02/02/2026,151,151,151,12/26/2025,Paid,01/18/2026,,,N,,3,0
F00425E,11/10/2025,11/20/2025,8713862,M09149,Cemex S A,0093625,"CEMEX Construction Materials South, LLC",Operator,0500344,Lyons Cement Plant Cemex Inc,Facility,M,,11/12/2025,11/12/2025,2025,4,2026,1,1641,N,,56.14112(b),104(a),,Citation,11/12/2025,1841,11/12/2025,1841,11/12/2025,1800,Terminated,,,,,Unlikely,Permanent,1,ModNegligence,N,,N,Primary,,N,03/07/2026,432,432,432,01/06/2026,Paid,02/28/2026,,,N,,56,36
F00425E,11/10/2025,11/20/2025,8713863,M09149,Cemex S A,0093625,"CEMEX Construction Materials South, LLC",Operator,0500344,Lyons Cement Plant Cemex Inc,Facility,M,,11/12/2025,11/12/2025,2025,4,2026,1,1645,N,,56.20003(a),104(a),,Citation,11/12/2025,1845,11/12/2025,1845,11/20/2025,1154,Terminated,,,,,Unlikely,LostDays,1,ModNegligence,N,,N,Mill,,N,03/07/2026,1126,1126,1126,01/06/2026,Paid,02/28/2026,,,N,,56,36
F00425E,11/10/2025,11/20/2025,5053825,M09149,Cemex S A,0093625,"CEMEX Construction Materials South, LLC",Operator,0500344,Lyons Cement Plant Cemex Inc,Facility,M,,11/12/2025,11/12/2025,2025,4,2026,1,0955,N,,56.4101,104(a),,Citation,11/12/2025,1400,11/12/2025,1400,11/12/2025,1105,Terminated,,,,,Unlikely,LostDays,1,ModNegligence,N,,N,Mill,,N,03/07/2026,288,288,288,01/06/2026,Paid,02/28/2026,,,N,,56,36
F00425E,11/10/2025,11/20/2025,5053826,M09149,Cemex S A,0093625,"CEMEX Construction Materials South, LLC",Operator,0500344,Lyons Cement Plant Cemex Inc,Facility,M,,11/12/2025,11/12/2025,2025,4,2026,1,1035,N,,56.12018,104(a),,Citation,11/12/2025,1400,11/12/2025,1400,11/12/2025,1125,Terminated,,,,,Unlikely,LostDays,1,ModNegligence,N,,N,Mill,,N,03/07/2026,288,288,288,01/06/2026,Paid,02/28/2026,,,N,,56,36
F00425E,11/10/2025,11/20/2025,5053827,,,B9871,Pro Millwright & Welding LLC,Contractor,0500344,Lyons Cement Plant Cemex Inc,Facility,M,B9871,11/12/2025,11/12/2025,2025,4,2026,1,1435,N,,56.20011,104(a),,Citation,11/12/2025,1600,11/12/2025,1600,11/12/2025,1445,Terminated,,,,,Unlikely,LostDays,1,ModNegligence,N,,N,Mill,,N,02/02/2026,151,151,151,12/26/2025,Paid,01/18/2026,,,N,,3,0
F00425E,11/10/2025,11/20/2025,5053828,,,B9871,Pro Millwright & Welding LLC,Contractor,0500344,Lyons Cement Plant Cemex Inc,Facility,M,B9871,11/12/2025,11/12/2025,2025,4,2026,1,1440,N,,56.4200(a)(1),104(a),,Citation,11/12/2025,1800,11/12/2025,1800,11/12/2025,1515,Terminated,,,,,Unlikely,LostDays,1,ModNegligence,N,,N,Mill,,N,02/02/2026,151,151,151,12/26/2025,Paid,01/18/2026,,,N,,3,0
F00425E,11/10/2025,11/20/2025,5053824,M09149,Cemex S A,0093625,"CEMEX Construction Materials South, LLC",Operator,0500344,Lyons Cement Plant Cemex Inc,Facility,M,,11/12/2025,11/12/2025,2025,4,2026,1,0950,N,,56.4402,104(a),,Citation,11/12/2025,1400,11/12/2025,1400,11/12/2025,1100,Terminated,,,,,Unlikely,LostDays,1,ModNegligence,N,,N,Mill,,N,03/07/2026,288,288,288,01/06/2026,Paid,02/28/2026,,,N,,56,36
F00425E,11/10/2025,11/20/2025,8713861,M09149,Cemex S A,0093625,"CEMEX Construction Materials South, LLC",Operator,0500344,Lyons Cement Plant Cemex Inc,Facility,M,,11/12/2025,11/12/2025,2025,4,2026,1,1209,N,,56.4200(b)(2),104(a),,Citation,11/12/2025,1409,11/12/2025,1409,11/12/2025,1300,Terminated,,,,,Unlikely,LostDays,1,ModNegligence,N,,N,Primary,,N,03/07/2026,288,288,288,01/06/2026,Paid,02/28/2026,,,N,,56,36
F00425E,11/10/2025,11/20/2025,5053830,M09149,Cemex S A,0093625,"CEMEX Construction Materials South, LLC",Operator,0500344,Lyons Cement Plant Cemex Inc,Facility,M,,11/13/2025,11/13/2025,2025,4,2026,1,1015,N,,56.4602,104(a),,Citation,11/13/2025,1400,11/13/2025,1400,11/13/2025,1045,Terminated,,,,,Unlikely,LostDays,1,ModNegligence,N,,N,Mill,,N,03/07/2026,245,245,245,01/06/2026,Paid,02/28/2026,,,N,,56,39
F00425E,11/10/2025,11/20/2025,5056884,M09149,Cemex S A,0093625,"CEMEX Construction Materials South, LLC",Operator,0500344,Lyons Cement Plant Cemex Inc,Facility,M,,11/17/2025,11/17/2025,2025,4,2026,1,1252,Y,,56.14112(b),104(a),,Citation,11/17/2025,1330,11/18/2025,0700,11/17/2025,1606,Terminated,,,,,Reasonably,Permanent,1,ModNegligence,N,,N,Mill,,N,03/07/2026,1818,1818,1818,01/06/2026,Paid,02/28/2026,,,N,,56,40
F00425E,11/10/2025,11/20/2025,5056885,M09149,Cemex S A,0093625,"CEMEX Construction Materials South, LLC",Operator,0500344,Lyons Cement Plant Cemex Inc,Facility,M,,11/17/2025,11/17/2025,2025,4,2026,1,1335,N,,56.14107(a),104(a),,Citation,11/17/2025,1530,11/17/2025,1530,11/17/2025,1522,Terminated,,,,,Unlikely,Permanent,1,ModNegligence,N,,N,Mill,,N,03/07/2026,366,366,366,01/06/2026,Paid,02/28/2026,,,N,,56,40
F00425E,11/10/2025,11/20/2025,5056886,M09149,Cemex S A,0093625,"CEMEX Construction Materials South, LLC",Operator,0500344,Lyons Cement Plant Cemex Inc,Facility,M,,11/17/2025,11/17/2025,2025,4,2026,1,1350,N,,56.14205,104(a),,Citation,11/17/2025,1600,11/17/2025,1600,11/17/2025,1353,Terminated,,,,,Unlikely,LostDays,1,ModNegligence,N,,N,Mill,,N,03/07/2026,245,245,245,01/06/2026,Paid,02/28/2026,,,N,,56,40
F0345B6,07/15/2026,08/04/2026,5213127,M09149,Cemex S A,0093625,"CEMEX Construction Materials South, LLC",Operator,0500344,Lyons Cement Plant Cemex Inc,Facility,M,,07/15/2026,07/15/2026,2026,3,2026,4,1134,N,,56.14107(a),104(a),,Citation,07/16/2026,1200,07/16/2026,1200,07/16/2026,1138,Terminated,,,,,Unlikely,Permanent,1,ModNegligence,N,,N,Primary,,N,10/17/2026,366,366,0,09/10/2026,Proposed,09/10/2026,,,N,,35,26
F0345B6,07/15/2026,08/04/2026,5213128,M09149,Cemex S A,0093625,"CEMEX Construction Materials South, LLC",Operator,0500344,Lyons Cement Plant Cemex Inc,Facility,M,,07/15/2026,07/15/2026,2026,3,2026,4,1313,Y,,56.20003(a),104(a),,Citation,07/16/2026,1215,07/16/2026,1215,07/16/2026,1131,Terminated,,,,,Reasonably,LostDays,1,ModNegligence,N,,N,Primary,,N,10/17/2026,4749,4749,0,09/10/2026,Proposed,09/10/2026,,,N,,35,26
F0345B6,07/15/2026,08/04/2026,5213129,M09149,Cemex S A,0093625,"CEMEX Construction Materials South, LLC",Operator,0500344,Lyons Cement Plant Cemex Inc,Facility,M,,07/15/2026,07/15/2026,2026,3,2026,4,1340,Y,,56.20003(a),104(a),,Citation,07/16/2026,1225,07/16/2026,1225,07/16/2026,1134,Terminated,,,,,Reasonably,LostDays,1,ModNegligence,N,,N,Primary,,N,10/17/2026,4749,4749,0,09/10/2026,Proposed,09/10/2026,,,N,,35,26
F0345B6,07/15/2026,08/04/2026,5213141,M09149,Cemex S A,0093625,"CEMEX Construction Materials South, LLC",Operator,0500344,Lyons Cement Plant Cemex Inc,Facility,M,,07/16/2026,07/16/2026,2026,3,2026,4,1300,Y,,56.14100(b),104(d)(1),,Citation,07/16/2026,1300,07/28/2026,1200,08/04/2026,1207,Terminated,,,,,Reasonably,Fatal,2,HighNegligence,N,,N,Mill,,N,10/17/2026,12403,12403,0,09/10/2026,Proposed,09/10/2026,,,N,,35,27
F0345B6,07/15/2026,08/04/2026,5213130,M09149,Cemex S A,0093625,"CEMEX Construction Materials South, LLC",Operator,0500344,Lyons Cement Plant Cemex Inc,Facility,M,,07/16/2026,07/16/2026,2026,3,2026,4,1154,N,,56.14115(a),104(a),,Citation,07/20/2026,1200,07/20/2026,1200,07/21/2026,0950,Terminated,,,,,Unlikely,Permanent,1,ModNegligence,N,,N,Primary,,N,10/17/2026,313,313,0,09/10/2026,Proposed,09/10/2026,,,N,,35,27
F0345B6,07/15/2026,08/04/2026,5213131,M09149,Cemex S A,0093625,"CEMEX Construction Materials South, LLC",Operator,0500344,Lyons Cement Plant Cemex Inc,Facility,M,,07/16/2026,07/16/2026,2026,3,2026,4,1206,N,,56.12028,104(a),,Citation,07/16/2026,1300,07/16/2026,1300,07/16/2026,1208,Terminated,,,,,Unlikely,LostDays,1,ModNegligence,N,,N,Primary,,N,10/17/2026,209,209,0,09/10/2026,Proposed,09/10/2026,,,N,,35,27
F0345B6,07/15/2026,08/04/2026,5213134,M09149,Cemex S A,0093625,"CEMEX Construction Materials South, LLC",Operator,0500344,Lyons Cement Plant Cemex Inc,Facility,M,,07/17/2026,07/17/2026,2026,3,2026,4,1443,Y,,56.18002(a),104(a),,Citation,07/27/2026,1230,08/07/2026,1200,08/04/2026,1212,Terminated,,,,,Reasonably,LostDays,1,HighNegligence,N,,N,Primary,,N,10/17/2026,3448,3448,0,09/10/2026,Proposed,09/10/2026,,,N,,35,29
F0345B6,07/15/2026,08/04/2026,5213142,M09149,Cemex S A,0093625,"CEMEX Construction Materials South, LLC",Operator,0500344,Lyons Cement Plant Cemex Inc,Facility,M,,07/17/2026,07/17/2026,2026,3,2026,4,1500,Y,,56.14205,104(a),,Citation,07/17/2026,1530,07/28/2026,1200,08/04/2026,1217,Terminated,,,,,Reasonably,Fatal,1,HighNegligence,N,,N,Mill,,N,10/17/2026,11450,11450,0,09/10/2026,Proposed,09/10/2026,,,N,,35,29
F0345B6,07/15/2026,08/04/2026,5213132,,,C4269,"EZ Refractories, LLC",Contractor,0500344,Lyons Cement Plant Cemex Inc,Facility,M,C4269,07/17/2026,07/17/2026,2026,3,2026,4,1049,Y,,56.14213(a),104(a),,Citation,07/17/2026,1100,07/17/2026,1100,07/17/2026,1121,Terminated,,,,,Reasonably,Permanent,4,ModNegligence,N,,N,Primary,,N,09/25/2026,1679,1679,0,08/19/2026,Final Order Date,09/25/2026,,,N,,15,0
F0345B6,07/15/2026,08/04/2026,5210488,M09149,Cemex S A,0093625,"CEMEX Construction Materials South, LLC",Operator,0500344,Lyons Cement Plant Cemex Inc,Facility,M,,07/20/2026,07/20/2026,2026,3,2026,4,1315,N,,56.12004,104(a),,Citation,07/21/2026,1315,07/21/2026,1315,07/20/2026,1545,Terminated,,,,,Unlikely,LostDays,1,ModNegligence,N,,N,Primary,,N,10/17/2026,209,209,0,09/10/2026,Proposed,09/10/2026,,,N,,35,30
F0345B6,07/15/2026,08/04/2026,5210489,M09149,Cemex S A,0093625,"CEMEX Construction Materials South, LLC",Operator,0500344,Lyons Cement Plant Cemex Inc,Facility,M,,07/20/2026,07/20/2026,2026,3,2026,4,1410,N,,56.14115,104(a),,Citation,07/21/2026,1410,07/21/2026,1410,07/21/2026,1320,Terminated,,,,,Unlikely,Permanent,1,ModNegligence,N,,N,Primary,,N,10/17/2026,313,313,0,09/10/2026,Proposed,09/10/2026,,,N,,35,30
F0345B6,07/15/2026,08/04/2026,5213133,M09149,Cemex S A,0093625,"CEMEX Construction Materials South, LLC",Operator,0500344,Lyons Cement Plant Cemex Inc,Facility,M,,07/20/2026,07/20/2026,2026,3,2026,4,1436,N,,56.12028,104(a),,Citation,07/20/2026,1500,07/20/2026,1500,07/20/2026,1439,Terminated,,,,,Unlikely,LostDays,1,LowNegligence,N,,N,Primary,,N,10/17/2026,151,151,0,09/10/2026,Proposed,09/10/2026,,,N,,35,30
F0345B6,07/15/2026,08/04/2026,5213135,M09149,Cemex S A,0093625,"CEMEX Construction Materials South, LLC",Operator,0500344,Lyons Cement Plant Cemex Inc,Facility,M,,07/21/2026,07/21/2026,2026,3,2026,4,1010,N,,56.12008,104(a),,Citation,07/22/2026,1200,07/22/2026,1200,07/22/2026,0905,Terminated,,,,,Unlikely,LostDays,1,ModNegligence,N,,N,Primary,,N,10/17/2026,209,209,0,09/10/2026,Proposed,09/10/2026,,,N,,35,31
F0345B6,07/15/2026,08/04/2026,5213136,M09149,Cemex S A,0093625,"CEMEX Construction Materials South, LLC",Operator,0500344,Lyons Cement Plant Cemex Inc,Facility,M,,07/21/2026,07/21/2026,2026,3,2026,4,1037,N,,56.16003,104(a),,Citation,07/21/2026,1100,07/21/2026,1100,07/21/2026,1147,Terminated,,,,,Unlikely,Fatal,2,ModNegligence,N,,N,Primary,,N,10/17/2026,755,755,0,09/10/2026,Proposed,09/10/2026,,,N,,35,31
F0345B6,07/15/2026,08/04/2026,5213137,M09149,Cemex S A,0093625,"CEMEX Construction Materials South, LLC",Operator,0500344,Lyons Cement Plant Cemex Inc,Facility,M,,07/21/2026,07/21/2026,2026,3,2026,4,1040,N,,56.12028,104(a),,Citation,07/22/2026,1200,07/22/2026,1200,07/22/2026,0911,Terminated,,,,,Unlikely,LostDays,1,ModNegligence,N,,N,Primary,,N,10/17/2026,209,209,0,09/10/2026,Proposed,09/10/2026,,,N,,35,31
F0345B6,07/15/2026,08/04/2026,5213138,M09149,Cemex S A,0093625,"CEMEX Construction Materials South, LLC",Operator,0500344,Lyons Cement Plant Cemex Inc,Facility,M,,07/21/2026,07/21/2026,2026,3,2026,4,1110,N,,56.12030,104(a),,Citation,07/22/2026,1215,07/22/2026,1215,07/22/2026,0908,Terminated,,,,,Unlikely,LostDays,1,ModNegligence,N,,N,Primary,,N,10/17/2026,209,209,0,09/10/2026,Proposed,09/10/2026,,,N,,35,31
F0345B6,07/15/2026,08/04/2026,5213140,M09149,Cemex S A,0093625,"CEMEX Construction Materials South, LLC",Operator,0500344,Lyons Cement Plant Cemex Inc,Facility,M,,07/21/2026,07/21/2026,2026,3,2026,4,1417,N,,56.12028,104(a),,Citation,07/22/2026,1220,07/22/2026,1220,07/22/2026,0910,Terminated,,,,,Unlikely,LostDays,1,LowNegligence,N,,N,Primary,,N,10/17/2026,151,151,0,09/10/2026,Proposed,09/10/2026,,,N,,35,31
F0345B6,07/15/2026,08/04/2026,5210490,M09149,Cemex S A,0093625,"CEMEX Construction Materials South, LLC",Operator,0500344,Lyons Cement Plant Cemex Inc,Facility,M,,07/21/2026,07/21/2026,2026,3,2026,4,1045,N,,56.11001,104(a),,Citation,07/22/2026,1045,07/22/2026,1045,07/27/2026,0953,Terminated,,,,,Unlikely,LostDays,1,HighNegligence,N,,N,Primary,,N,10/17/2026,697,697,0,09/10/2026,Proposed,09/10/2026,,,N,,35,31
F0345B6,07/15/2026,08/04/2026,5210491,M09149,Cemex S A,0093625,"CEMEX Construction Materials South, LLC",Operator,0500344,Lyons Cement Plant Cemex Inc,Facility,M,,07/21/2026,07/21/2026,2026,3,2026,4,1050,Y,,56.11027,104(a),,Citation,07/21/2026,1800,07/21/2026,1800,07/27/2026,0954,Terminated,,,,,Reasonably,Permanent,1,HighNegligence,N,,N,Primary,,N,10/17/2026,5144,5144,0,09/10/2026,Proposed,09/10/2026,,,N,,35,31
F0345B6,07/15/2026,08/04/2026,5213139,M09149,Cemex S A,0093625,"CEMEX Construction Materials South, LLC",Operator,0500344,Lyons Cement Plant Cemex Inc,Facility,M,,07/21/2026,07/21/2026,2026,3,2026,4,1414,N,,56.12028,104(a),,Citation,07/22/2026,1230,07/22/2026,1230,07/22/2026,0909,Terminated,,,,,Unlikely,LostDays,1,LowNegligence,N,,N,Primary,,N,10/17/2026,151,151,0,09/10/2026,Proposed,09/10/2026,,,N,,35,31
F0345B6,07/15/2026,08/04/2026,5210493,M09149,Cemex S A,0093625,"CEMEX Construction Materials South, LLC",Operator,0500344,Lyons Cement Plant Cemex Inc,Facility,M,,07/22/2026,07/22/2026,2026,3,2026,4,1355,N,,56.14109(a),104(a),,Citation,07/23/2026,1355,07/23/2026,1355,07/27/2026,0957,Terminated,,,,,Unlikely,Permanent,1,ModNegligence,N,,N,Primary,,N,10/17/2026,267,267,0,09/10/2026,Proposed,09/10/2026,,,N,,35,32
F0345B6,07/15/2026,08/04/2026,5210492,M09149,Cemex S A,0093625,"CEMEX Construction Materials South, LLC",Operator,0500344,Lyons Cement Plant Cemex Inc,Facility,M,,07/22/2026,07/22/2026,2026,3,2026,4,0930,N,,56.12004,104(a),,Citation,07/23/2026,0930,07/23/2026,0930,07/27/2026,1004,Terminated,,,,,Unlikely,LostDays,1,ModNegligence,N,,N,Primary,,N,10/17/2026,177,177,0,09/10/2026,Proposed,09/10/2026,,,N,,35,32
F0345B6,07/15/2026,08/04/2026,5213143,M09149,Cemex S A,0093625,"CEMEX Construction Materials South, LLC",Operator,0500344,Lyons Cement Plant Cemex Inc,Facility,M,,07/22/2026,07/22/2026,2026,3,2026,4,1020,Y,,56.11001,104(a),,Citation,07/22/2026,1100,07/22/2026,1100,07/22/2026,1142,Terminated,,,,,Reasonably,Fatal,2,LowNegligence,N,,N,Primary,,N,10/17/2026,1431,1431,0,09/10/2026,Proposed,09/10/2026,,,N,,35,32
F0345B6,07/15/2026,08/04/2026,5213144,M09149,Cemex S A,0093625,"CEMEX Construction Materials South, LLC",Operator,0500344,Lyons Cement Plant Cemex Inc,Facility,M,,07/22/2026,07/22/2026,2026,3,2026,4,1011,Y,,56.15001,104(a),,Citation,07/23/2026,1200,08/11/2026,1230,08/04/2026,1508,Terminated,,,,,Reasonably,LostDays,1,ModNegligence,N,,N,Primary,,N,10/17/2026,883,883,0,09/10/2026,Proposed,09/10/2026,,,N,,35,32
F0345B6,07/15/2026,08/04/2026,5213145,M09149,Cemex S A,0093625,"CEMEX Construction Materials South, LLC",Operator,0500344,Lyons Cement Plant Cemex Inc,Facility,M,,07/22/2026,07/22/2026,2026,3,2026,4,1442,N,,56.12002,104(a),,Citation,07/28/2026,1215,07/28/2026,1215,07/27/2026,0847,Terminated,,,,,Unlikely,Permanent,1,ModNegligence,N,,N,Primary,,N,10/17/2026,267,267,0,09/10/2026,Proposed,09/10/2026,,,N,,35,32
F0345B6,07/15/2026,08/04/2026,5213146,M09149,Cemex S A,0093625,"CEMEX Construction Materials South, LLC",Operator,0500344,Lyons Cement Plant Cemex Inc,Facility,M,,07/27/2026,07/27/2026,2026,3,2026,4,0851,Y,,56.20003(a),104(a),,Citation,07/28/2026,1200,07/28/2026,1200,07/28/2026,1339,Terminated,,,,,Reasonably,LostDays,1,ModNegligence,N,,N,Primary,,N,10/17/2026,2936,2936,0,09/10/2026,Proposed,09/10/2026,,,N,,35,35
F0345B6,07/15/2026,08/04/2026,5213147,M09149,Cemex S A,0093625,"CEMEX Construction Materials South, LLC",Operator,0500344,Lyons Cement Plant Cemex Inc,Facility,M,,07/27/2026,07/27/2026,2026,3,2026,4,1114,N,,46.9(a),104(a),,Citation,07/28/2026,1200,07/28/2026,1200,07/29/2026,1627,Terminated,,,,,NoLikelihood,NoLostDays,0,ModNegligence,N,,N,Primary,,N,10/17/2026,151,151,0,09/10/2026,Proposed,09/10/2026,,,N,,35,35
F0345B6,07/15/2026,08/04/2026,5213148,M09149,Cemex S A,0093625,"CEMEX Construction Materials South, LLC",Operator,0500344,Lyons Cement Plant Cemex Inc,Facility,M,,07/27/2026,07/27/2026,2026,3,2026,4,1136,N,,56.23003(b),104(a),,Citation,07/28/2026,1200,08/07/2026,1200,08/04/2026,1232,Terminated,,,,,NoLikelihood,NoLostDays,0,ModNegligence,N,,N,Primary,,N,10/17/2026,151,151,0,09/10/2026,Proposed,09/10/2026,,,N,,35,35
F0345B6,07/15/2026,08/04/2026,5213149,M09149,Cemex S A,0093625,"CEMEX Construction Materials South, LLC",Operator,0500344,Lyons Cement Plant Cemex Inc,Facility,M,,07/28/2026,07/28/2026,2026,3,2026,4,0812,Y,,56.11001,104(a),,Citation,07/28/2026,0830,07/28/2026,0830,07/28/2026,0842,Terminated,,,,,Reasonably,LostDays,4,HighNegligence,N,,N,Primary,,N,10/17/2026,4383,4383,0,09/10/2026,Proposed,09/10/2026,,,N,,35,38
F0345B6,07/15/2026,08/04/2026,5213151,M09149,Cemex S A,0093625,"CEMEX Construction Materials South, LLC",Operator,0500344,Lyons Cement Plant Cemex Inc,Facility,M,,07/28/2026,07/28/2026,2026,3,2026,4,0838,N,,56.12028,104(a),,Citation,07/28/2026,0900,07/28/2026,0900,07/28/2026,0845,Terminated,,,,,Unlikely,LostDays,1,ModNegligence,N,,N,Primary,,N,10/17/2026,177,177,0,09/10/2026,Proposed,09/10/2026,,,N,,35,38
F0345B6,07/15/2026,08/04/2026,5213150,,,C4269,"EZ Refractories, LLC",Contractor,0500344,Lyons Cement Plant Cemex Inc,Facility,M,C4269,07/28/2026,07/28/2026,2026,3,2026,4,0813,Y,,56.11001,104(a),,Citation,07/28/2026,0830,07/28/2026,0830,07/28/2026,0842,Terminated,,,,,Reasonably,LostDays,4,HighNegligence,N,,N,Primary,,N,,3736,3736,0,09/23/2026,Proposed,09/23/2026,,,N,,15,0
